2026-07-31 23:13:46,250 INFO usbguard.file_monitor: File monitoring engine started with roots=['/tmp/usbguard-filemonitor-22ek5xse']
2026-07-31 23:13:46,270 INFO usbguard: File event created scanned: /tmp/usbguard-filemonitor-22ek5xse/sample.txt (risk=0.0)
2026-07-31 23:13:46,272 INFO usbguard.file_monitor: File event recorded: created /tmp/usbguard-filemonitor-22ek5xse/sample.txt
2026-07-31 23:13:46,279 INFO usbguard: File event modified scanned: /tmp/usbguard-filemonitor-22ek5xse/sample.txt (risk=0.0)
2026-07-31 23:13:46,280 INFO usbguard.file_monitor: File event recorded: modified /tmp/usbguard-filemonitor-22ek5xse/sample.txt
2026-07-31 23:13:46,280 INFO usbguard.file_monitor: File event recorded: created /tmp/usbguard-filemonitor-22ek5xse/events.db-journal
2026-07-31 23:13:46,281 INFO usbguard.file_monitor: File event recorded: modified /tmp/usbguard-filemonitor-22ek5xse/events.db-journal
2026-07-31 23:13:46,290 INFO usbguard: File event modified scanned: /tmp/usbguard-filemonitor-22ek5xse/events.db (risk=0.0)
2026-07-31 23:13:46,291 INFO usbguard.file_monitor: File event recorded: modified /tmp/usbguard-filemonitor-22ek5xse/events.db
2026-07-31 23:13:46,291 INFO usbguard.file_monitor: File event recorded: deleted /tmp/usbguard-filemonitor-22ek5xse/events.db-journal
2026-07-31 23:13:46,292 INFO usbguard.file_monitor: File event recorded: created /tmp/usbguard-filemonitor-22ek5xse/events.db-journal
2026-07-31 23:13:46,292 INFO usbguard.file_monitor: File event recorded: modified /tmp/usbguard-filemonitor-22ek5xse/events.db-journal
2026-07-31 23:13:46,301 INFO usbguard: File event modified scanned: /tmp/usbguard-filemonitor-22ek5xse/events.db (risk=0.0)
2026-07-31 23:13:46,302 INFO usbguard.file_monitor: File event recorded: modified /tmp/usbguard-filemonitor-22ek5xse/events.db
2026-07-31 23:13:46,302 INFO usbguard.file_monitor: File event recorded: deleted /tmp/usbguard-filemonitor-22ek5xse/events.db-journal
2026-07-31 23:13:46,303 INFO usbguard.file_monitor: File event recorded: created /tmp/usbguard-filemonitor-22ek5xse/events.db-journal
2026-07-31 23:13:46,304 INFO usbguard.file_monitor: File event recorded: modified /tmp/usbguard-filemonitor-22ek5xse/events.db-journal
2026-07-31 23:13:46,312 INFO usbguard: File event modified scanned: /tmp/usbguard-filemonitor-22ek5xse/events.db (risk=0.0)
2026-07-31 23:13:46,314 INFO usbguard.file_monitor: File event recorded: modified /tmp/usbguard-filemonitor-22ek5xse/events.db
2026-07-31 23:13:46,314 INFO usbguard.file_monitor: File event recorded: deleted /tmp/usbguard-filemonitor-22ek5xse/events.db-journal
2026-07-31 23:13:46,315 INFO usbguard.file_monitor: File event recorded: created /tmp/usbguard-filemonitor-22ek5xse/events.db-journal
2026-07-31 23:13:46,316 INFO usbguard.file_monitor: File event recorded: modified /tmp/usbguard-filemonitor-22ek5xse/events.db-journal
2026-07-31 23:13:46,324 INFO usbguard: File event modified scanned: /tmp/usbguard-filemonitor-22ek5xse/events.db (risk=0.0)
2026-07-31 23:13:46,325 INFO usbguard.file_monitor: File event recorded: modified /tmp/usbguard-filemonitor-22ek5xse/events.db
2026-07-31 23:13:46,325 INFO usbguard.file_monitor: File event recorded: deleted /tmp/usbguard-filemonitor-22ek5xse/events.db-journal
2026-07-31 23:13:46,326 INFO usbguard.file_monitor: File event recorded: created /tmp/usbguard-filemonitor-22ek5xse/events.db-journal
2026-07-31 23:13:46,326 INFO usbguard.file_monitor: File event recorded: modified /tmp/usbguard-filemonitor-22ek5xse/events.db-journal
2026-07-31 23:13:46,336 INFO usbguard: File event modified scanned: /tmp/usbguard-filemonitor-22ek5xse/events.db (risk=0.0)
2026-07-31 23:13:46,337 INFO usbguard.file_monitor: File event recorded: modified /tmp/usbguard-filemonitor-22ek5xse/events.db
2026-07-31 23:13:46,337 INFO usbguard.file_monitor: File event recorded: deleted /tmp/usbguard-filemonitor-22ek5xse/events.db-journal
2026-07-31 23:13:46,338 INFO usbguard.file_monitor: File event recorded: created /tmp/usbguard-filemonitor-22ek5xse/events.db-journal
2026-07-31 23:13:46,339 INFO usbguard.file_monitor: File event recorded: modified /tmp/usbguard-filemonitor-22ek5xse/events.db-journal
2026-07-31 23:13:46,348 INFO usbguard: File event modified scanned: /tmp/usbguard-filemonitor-22ek5xse/events.db (risk=0.0)
2026-07-31 23:13:46,349 INFO usbguard.file_monitor: File event recorded: modified /tmp/usbguard-filemonitor-22ek5xse/events.db
2026-07-31 23:13:46,350 INFO usbguard.file_monitor: File event recorded: deleted /tmp/usbguard-filemonitor-22ek5xse/events.db-journal
2026-07-31 23:13:46,351 INFO usbguard.file_monitor: File event recorded: created /tmp/usbguard-filemonitor-22ek5xse/events.db-journal
2026-07-31 23:13:46,351 INFO usbguard.file_monitor: File event recorded: modified /tmp/usbguard-filemonitor-22ek5xse/events.db-journal
2026-07-31 23:13:46,360 INFO usbguard: File event modified scanned: /tmp/usbguard-filemonitor-22ek5xse/events.db (risk=0.0)
2026-07-31 23:13:46,361 INFO usbguard.file_monitor: File event recorded: modified /tmp/usbguard-filemonitor-22ek5xse/events.db
2026-07-31 23:13:46,362 INFO usbguard.file_monitor: File event recorded: deleted /tmp/usbguard-filemonitor-22ek5xse/events.db-journal
2026-07-31 23:13:46,362 INFO usbguard.file_monitor: File event recorded: created /tmp/usbguard-filemonitor-22ek5xse/events.db-journal
2026-07-31 23:13:46,363 INFO usbguard.file_monitor: File event recorded: modified /tmp/usbguard-filemonitor-22ek5xse/events.db-journal
2026-07-31 23:13:46,374 INFO usbguard: File event modified scanned: /tmp/usbguard-filemonitor-22ek5xse/events.db (risk=0.0)
2026-07-31 23:13:46,376 INFO usbguard.file_monitor: File event recorded: modified /tmp/usbguard-filemonitor-22ek5xse/events.db
2026-07-31 23:13:46,376 INFO usbguard.file_monitor: File event recorded: deleted /tmp/usbguard-filemonitor-22ek5xse/events.db-journal
2026-07-31 23:13:46,377 INFO usbguard.file_monitor: File event recorded: created /tmp/usbguard-filemonitor-22ek5xse/events.db-journal
2026-07-31 23:13:46,378 INFO usbguard.file_monitor: File event recorded: modified /tmp/usbguard-filemonitor-22ek5xse/events.db-journal
2026-07-31 23:13:46,390 INFO usbguard: File event modified scanned: /tmp/usbguard-filemonitor-22ek5xse/events.db (risk=0.0)
2026-07-31 23:13:46,391 INFO usbguard.file_monitor: File event recorded: modified /tmp/usbguard-filemonitor-22ek5xse/events.db
2026-07-31 23:13:46,392 INFO usbguard.file_monitor: File event recorded: deleted /tmp/usbguard-filemonitor-22ek5xse/events.db-journal
2026-07-31 23:13:46,393 INFO usbguard.file_monitor: File event recorded: created /tmp/usbguard-filemonitor-22ek5xse/events.db-journal
2026-07-31 23:13:46,393 INFO usbguard.file_monitor: File event recorded: modified /tmp/usbguard-filemonitor-22ek5xse/events.db-journal
2026-07-31 23:13:46,403 INFO usbguard: File event modified scanned: /tmp/usbguard-filemonitor-22ek5xse/events.db (risk=0.0)
2026-07-31 23:13:46,404 INFO usbguard.file_monitor: File event recorded: modified /tmp/usbguard-filemonitor-22ek5xse/events.db
2026-07-31 23:13:46,404 INFO usbguard.file_monitor: File event recorded: deleted /tmp/usbguard-filemonitor-22ek5xse/events.db-journal
2026-07-31 23:13:46,405 INFO usbguard.file_monitor: File event recorded: created /tmp/usbguard-filemonitor-22ek5xse/events.db-journal
2026-07-31 23:13:46,406 INFO usbguard.file_monitor: File event recorded: modified /tmp/usbguard-filemonitor-22ek5xse/events.db-journal
2026-07-31 23:13:46,415 INFO usbguard: File event modified scanned: /tmp/usbguard-filemonitor-22ek5xse/events.db (risk=0.0)
2026-07-31 23:13:46,416 INFO usbguard.file_monitor: File event recorded: modified /tmp/usbguard-filemonitor-22ek5xse/events.db
2026-07-31 23:13:46,417 INFO usbguard.file_monitor: File event recorded: deleted /tmp/usbguard-filemonitor-22ek5xse/events.db-journal
2026-07-31 23:13:46,417 INFO usbguard.file_monitor: File event recorded: created /tmp/usbguard-filemonitor-22ek5xse/events.db-journal
2026-07-31 23:13:46,418 INFO usbguard.file_monitor: File event recorded: modified /tmp/usbguard-filemonitor-22ek5xse/events.db-journal
2026-07-31 23:13:46,428 INFO usbguard: File event modified scanned: /tmp/usbguard-filemonitor-22ek5xse/events.db (risk=0.0)
2026-07-31 23:13:46,429 INFO usbguard.file_monitor: File event recorded: modified /tmp/usbguard-filemonitor-22ek5xse/events.db
2026-07-31 23:13:46,430 INFO usbguard.file_monitor: File event recorded: deleted /tmp/usbguard-filemonitor-22ek5xse/events.db-journal
2026-07-31 23:13:46,430 INFO usbguard.file_monitor: File event recorded: created /tmp/usbguard-filemonitor-22ek5xse/events.db-journal
2026-07-31 23:13:46,431 INFO usbguard.file_monitor: File event recorded: modified /tmp/usbguard-filemonitor-22ek5xse/events.db-journal
2026-07-31 23:13:46,440 INFO usbguard: File event modified scanned: /tmp/usbguard-filemonitor-22ek5xse/events.db (risk=0.0)
2026-07-31 23:13:46,441 INFO usbguard.file_monitor: File event recorded: modified /tmp/usbguard-filemonitor-22ek5xse/events.db
2026-07-31 23:13:46,442 INFO usbguard.file_monitor: File event recorded: deleted /tmp/usbguard-filemonitor-22ek5xse/events.db-journal
2026-07-31 23:13:46,443 INFO usbguard.file_monitor: File event recorded: created /tmp/usbguard-filemonitor-22ek5xse/events.db-journal
2026-07-31 23:13:46,443 INFO usbguard.file_monitor: File event recorded: modified /tmp/usbguard-filemonitor-22ek5xse/events.db-journal
2026-07-31 23:13:46,453 INFO usbguard: File event modified scanned: /tmp/usbguard-filemonitor-22ek5xse/events.db (risk=0.0)
2026-07-31 23:13:46,455 INFO usbguard.file_monitor: File event recorded: modified /tmp/usbguard-filemonitor-22ek5xse/events.db
2026-07-31 23:13:46,455 INFO usbguard.file_monitor: File event recorded: deleted /tmp/usbguard-filemonitor-22ek5xse/events.db-journal
2026-07-31 23:13:46,456 INFO usbguard.file_monitor: File event recorded: created /tmp/usbguard-filemonitor-22ek5xse/events.db-journal
2026-07-31 23:13:46,456 INFO usbguard.file_monitor: File event recorded: modified /tmp/usbguard-filemonitor-22ek5xse/events.db-journal
2026-07-31 23:13:46,465 INFO usbguard: File event modified scanned: /tmp/usbguard-filemonitor-22ek5xse/events.db (risk=0.0)
2026-07-31 23:13:46,467 INFO usbguard.file_monitor: File event recorded: modified /tmp/usbguard-filemonitor-22ek5xse/events.db
2026-07-31 23:13:46,467 INFO usbguard.file_monitor: File event recorded: deleted /tmp/usbguard-filemonitor-22ek5xse/events.db-journal
2026-07-31 23:13:46,468 INFO usbguard.file_monitor: File event recorded: created /tmp/usbguard-filemonitor-22ek5xse/events.db-journal
2026-07-31 23:13:46,469 INFO usbguard.file_monitor: File event recorded: modified /tmp/usbguard-filemonitor-22ek5xse/events.db-journal
2026-07-31 23:13:46,478 INFO usbguard: File event modified scanned: /tmp/usbguard-filemonitor-22ek5xse/events.db (risk=0.0)
2026-07-31 23:13:46,479 INFO usbguard.file_monitor: File event recorded: modified /tmp/usbguard-filemonitor-22ek5xse/events.db
2026-07-31 23:13:46,480 INFO usbguard.file_monitor: File event recorded: deleted /tmp/usbguard-filemonitor-22ek5xse/events.db-journal
2026-07-31 23:13:46,480 INFO usbguard.file_monitor: File event recorded: created /tmp/usbguard-filemonitor-22ek5xse/events.db-journal
2026-07-31 23:13:46,481 INFO usbguard.file_monitor: File event recorded: modified /tmp/usbguard-filemonitor-22ek5xse/events.db-journal
2026-07-31 23:13:46,490 INFO usbguard: File event modified scanned: /tmp/usbguard-filemonitor-22ek5xse/events.db (risk=0.0)
2026-07-31 23:13:46,491 INFO usbguard.file_monitor: File event recorded: modified /tmp/usbguard-filemonitor-22ek5xse/events.db
2026-07-31 23:13:46,492 INFO usbguard.file_monitor: File event recorded: deleted /tmp/usbguard-filemonitor-22ek5xse/events.db-journal
2026-07-31 23:13:46,492 INFO usbguard.file_monitor: File event recorded: created /tmp/usbguard-filemonitor-22ek5xse/events.db-journal
2026-07-31 23:13:46,493 INFO usbguard.file_monitor: File event recorded: modified /tmp/usbguard-filemonitor-22ek5xse/events.db-journal
2026-07-31 23:13:46,503 INFO usbguard: File event modified scanned: /tmp/usbguard-filemonitor-22ek5xse/events.db (risk=0.0)
2026-07-31 23:13:46,504 INFO usbguard.file_monitor: File event recorded: modified /tmp/usbguard-filemonitor-22ek5xse/events.db
2026-07-31 23:13:46,505 INFO usbguard.file_monitor: File event recorded: deleted /tmp/usbguard-filemonitor-22ek5xse/events.db-journal
2026-07-31 23:13:46,505 INFO usbguard.file_monitor: File event recorded: created /tmp/usbguard-filemonitor-22ek5xse/events.db-journal
2026-07-31 23:13:46,506 INFO usbguard.file_monitor: File event recorded: modified /tmp/usbguard-filemonitor-22ek5xse/events.db-journal
2026-07-31 23:13:46,515 INFO usbguard: File event modified scanned: /tmp/usbguard-filemonitor-22ek5xse/events.db (risk=0.0)
2026-07-31 23:13:46,516 INFO usbguard.file_monitor: File event recorded: modified /tmp/usbguard-filemonitor-22ek5xse/events.db
2026-07-31 23:13:46,517 INFO usbguard.file_monitor: File event recorded: deleted /tmp/usbguard-filemonitor-22ek5xse/events.db-journal
2026-07-31 23:13:46,517 INFO usbguard.file_monitor: File event recorded: created /tmp/usbguard-filemonitor-22ek5xse/events.db-journal
2026-07-31 23:13:46,518 INFO usbguard.file_monitor: File event recorded: modified /tmp/usbguard-filemonitor-22ek5xse/events.db-journal
2026-07-31 23:13:46,528 INFO usbguard: File event modified scanned: /tmp/usbguard-filemonitor-22ek5xse/events.db (risk=0.0)
2026-07-31 23:13:46,530 INFO usbguard.file_monitor: File event recorded: modified /tmp/usbguard-filemonitor-22ek5xse/events.db
2026-07-31 23:13:46,530 INFO usbguard.file_monitor: File event recorded: deleted /tmp/usbguard-filemonitor-22ek5xse/events.db-journal
2026-07-31 23:13:46,531 INFO usbguard.file_monitor: File event recorded: created /tmp/usbguard-filemonitor-22ek5xse/events.db-journal
2026-07-31 23:13:46,531 INFO usbguard.file_monitor: File event recorded: modified /tmp/usbguard-filemonitor-22ek5xse/events.db-journal
2026-07-31 23:13:46,542 INFO usbguard: File event modified scanned: /tmp/usbguard-filemonitor-22ek5xse/events.db (risk=0.0)
2026-07-31 23:13:46,543 INFO usbguard.file_monitor: File event recorded: modified /tmp/usbguard-filemonitor-22ek5xse/events.db
2026-07-31 23:13:46,543 INFO usbguard.file_monitor: File event recorded: deleted /tmp/usbguard-filemonitor-22ek5xse/events.db-journal
2026-07-31 23:13:46,544 INFO usbguard.file_monitor: File event recorded: created /tmp/usbguard-filemonitor-22ek5xse/events.db-journal
2026-07-31 23:13:46,545 INFO usbguard.file_monitor: File event recorded: modified /tmp/usbguard-filemonitor-22ek5xse/events.db-journal
2026-07-31 23:13:46,556 INFO usbguard: File event modified scanned: /tmp/usbguard-filemonitor-22ek5xse/events.db (risk=0.0)
2026-07-31 23:13:46,557 INFO usbguard.file_monitor: File event recorded: modified /tmp/usbguard-filemonitor-22ek5xse/events.db
2026-07-31 23:13:46,557 INFO usbguard.file_monitor: File event recorded: deleted /tmp/usbguard-filemonitor-22ek5xse/events.db-journal
2026-07-31 23:13:46,558 INFO usbguard.file_monitor: File event recorded: created /tmp/usbguard-filemonitor-22ek5xse/events.db-journal
2026-07-31 23:13:46,559 INFO usbguard.file_monitor: File event recorded: modified /tmp/usbguard-filemonitor-22ek5xse/events.db-journal
2026-07-31 23:13:46,569 INFO usbguard: File event modified scanned: /tmp/usbguard-filemonitor-22ek5xse/events.db (risk=0.0)
2026-07-31 23:13:46,570 INFO usbguard.file_monitor: File event recorded: modified /tmp/usbguard-filemonitor-22ek5xse/events.db
2026-07-31 23:13:46,571 INFO usbguard.file_monitor: File event recorded: deleted /tmp/usbguard-filemonitor-22ek5xse/events.db-journal
2026-07-31 23:13:46,572 INFO usbguard.file_monitor: File event recorded: created /tmp/usbguard-filemonitor-22ek5xse/events.db-journal
2026-07-31 23:13:46,572 INFO usbguard.file_monitor: File event recorded: modified /tmp/usbguard-filemonitor-22ek5xse/events.db-journal
2026-07-31 23:13:46,583 INFO usbguard: File event modified scanned: /tmp/usbguard-filemonitor-22ek5xse/events.db (risk=0.0)
2026-07-31 23:13:46,584 INFO usbguard.file_monitor: File event recorded: modified /tmp/usbguard-filemonitor-22ek5xse/events.db
2026-07-31 23:13:46,585 INFO usbguard.file_monitor: File event recorded: deleted /tmp/usbguard-filemonitor-22ek5xse/events.db-journal
2026-07-31 23:13:46,586 INFO usbguard.file_monitor: File event recorded: created /tmp/usbguard-filemonitor-22ek5xse/events.db-journal
2026-07-31 23:13:46,586 INFO usbguard.file_monitor: File event recorded: modified /tmp/usbguard-filemonitor-22ek5xse/events.db-journal
2026-07-31 23:13:46,597 INFO usbguard: File event modified scanned: /tmp/usbguard-filemonitor-22ek5xse/events.db (risk=0.0)
2026-07-31 23:13:46,598 INFO usbguard.file_monitor: File event recorded: modified /tmp/usbguard-filemonitor-22ek5xse/events.db
2026-07-31 23:13:46,599 INFO usbguard.file_monitor: File event recorded: deleted /tmp/usbguard-filemonitor-22ek5xse/events.db-journal
2026-07-31 23:13:46,600 INFO usbguard.file_monitor: File event recorded: created /tmp/usbguard-filemonitor-22ek5xse/events.db-journal
2026-07-31 23:13:46,600 INFO usbguard.file_monitor: File event recorded: modified /tmp/usbguard-filemonitor-22ek5xse/events.db-journal
2026-07-31 23:13:46,611 INFO usbguard: File event modified scanned: /tmp/usbguard-filemonitor-22ek5xse/events.db (risk=0.0)
2026-07-31 23:13:46,612 INFO usbguard.file_monitor: File event recorded: modified /tmp/usbguard-filemonitor-22ek5xse/events.db
2026-07-31 23:13:46,613 INFO usbguard.file_monitor: File event recorded: deleted /tmp/usbguard-filemonitor-22ek5xse/events.db-journal
2026-07-31 23:13:46,614 INFO usbguard.file_monitor: File event recorded: created /tmp/usbguard-filemonitor-22ek5xse/events.db-journal
2026-07-31 23:13:46,614 INFO usbguard.file_monitor: File event recorded: modified /tmp/usbguard-filemonitor-22ek5xse/events.db-journal
2026-07-31 23:13:46,625 INFO usbguard: File event modified scanned: /tmp/usbguard-filemonitor-22ek5xse/events.db (risk=0.0)
2026-07-31 23:13:46,626 INFO usbguard.file_monitor: File event recorded: modified /tmp/usbguard-filemonitor-22ek5xse/events.db
2026-07-31 23:13:46,627 INFO usbguard.file_monitor: File event recorded: deleted /tmp/usbguard-filemonitor-22ek5xse/events.db-journal
2026-07-31 23:13:46,628 INFO usbguard.file_monitor: File event recorded: created /tmp/usbguard-filemonitor-22ek5xse/events.db-journal
2026-07-31 23:13:46,628 INFO usbguard.file_monitor: File event recorded: modified /tmp/usbguard-filemonitor-22ek5xse/events.db-journal
2026-07-31 23:13:46,640 INFO usbguard: File event modified scanned: /tmp/usbguard-filemonitor-22ek5xse/events.db (risk=0.0)
2026-07-31 23:13:46,641 INFO usbguard.file_monitor: File event recorded: modified /tmp/usbguard-filemonitor-22ek5xse/events.db
2026-07-31 23:13:46,642 INFO usbguard.file_monitor: File event recorded: deleted /tmp/usbguard-filemonitor-22ek5xse/events.db-journal
2026-07-31 23:13:46,642 INFO usbguard.file_monitor: File event recorded: created /tmp/usbguard-filemonitor-22ek5xse/events.db-journal
2026-07-31 23:13:46,643 INFO usbguard.file_monitor: File event recorded: modified /tmp/usbguard-filemonitor-22ek5xse/events.db-journal
2026-07-31 23:13:46,655 INFO usbguard: File event modified scanned: /tmp/usbguard-filemonitor-22ek5xse/events.db (risk=0.0)
2026-07-31 23:13:46,656 INFO usbguard.file_monitor: File event recorded: modified /tmp/usbguard-filemonitor-22ek5xse/events.db
2026-07-31 23:13:46,657 INFO usbguard.file_monitor: File event recorded: deleted /tmp/usbguard-filemonitor-22ek5xse/events.db-journal
2026-07-31 23:13:46,657 INFO usbguard.file_monitor: File event recorded: created /tmp/usbguard-filemonitor-22ek5xse/events.db-journal
2026-07-31 23:13:46,658 INFO usbguard.file_monitor: File event recorded: modified /tmp/usbguard-filemonitor-22ek5xse/events.db-journal
2026-07-31 23:13:46,671 INFO usbguard: File event modified scanned: /tmp/usbguard-filemonitor-22ek5xse/events.db (risk=0.0)
2026-07-31 23:13:46,672 INFO usbguard.file_monitor: File event recorded: modified /tmp/usbguard-filemonitor-22ek5xse/events.db
2026-07-31 23:13:46,672 INFO usbguard.file_monitor: File event recorded: deleted /tmp/usbguard-filemonitor-22ek5xse/events.db-journal
2026-07-31 23:13:46,673 INFO usbguard.file_monitor: File event recorded: created /tmp/usbguard-filemonitor-22ek5xse/events.db-journal
2026-07-31 23:13:46,673 INFO usbguard.file_monitor: File event recorded: modified /tmp/usbguard-filemonitor-22ek5xse/events.db-journal
2026-07-31 23:13:46,685 INFO usbguard: File event modified scanned: /tmp/usbguard-filemonitor-22ek5xse/events.db (risk=0.0)
2026-07-31 23:13:46,686 INFO usbguard.file_monitor: File event recorded: modified /tmp/usbguard-filemonitor-22ek5xse/events.db
2026-07-31 23:13:46,687 INFO usbguard.file_monitor: File event recorded: deleted /tmp/usbguard-filemonitor-22ek5xse/events.db-journal
2026-07-31 23:13:46,687 INFO usbguard.file_monitor: File event recorded: created /tmp/usbguard-filemonitor-22ek5xse/events.db-journal
2026-07-31 23:13:46,688 INFO usbguard.file_monitor: File event recorded: modified /tmp/usbguard-filemonitor-22ek5xse/events.db-journal
2026-07-31 23:13:46,700 INFO usbguard: File event modified scanned: /tmp/usbguard-filemonitor-22ek5xse/events.db (risk=0.0)
2026-07-31 23:13:46,701 INFO usbguard.file_monitor: File event recorded: modified /tmp/usbguard-filemonitor-22ek5xse/events.db
2026-07-31 23:13:46,701 INFO usbguard.file_monitor: File event recorded: deleted /tmp/usbguard-filemonitor-22ek5xse/events.db-journal
2026-07-31 23:13:46,702 INFO usbguard.file_monitor: File event recorded: created /tmp/usbguard-filemonitor-22ek5xse/events.db-journal
2026-07-31 23:13:46,702 INFO usbguard.file_monitor: File event recorded: modified /tmp/usbguard-filemonitor-22ek5xse/events.db-journal
2026-07-31 23:13:46,715 INFO usbguard: File event modified scanned: /tmp/usbguard-filemonitor-22ek5xse/events.db (risk=0.0)
2026-07-31 23:13:46,716 INFO usbguard.file_monitor: File event recorded: modified /tmp/usbguard-filemonitor-22ek5xse/events.db
2026-07-31 23:13:46,717 INFO usbguard.file_monitor: File event recorded: deleted /tmp/usbguard-filemonitor-22ek5xse/events.db-journal
2026-07-31 23:13:46,717 INFO usbguard.file_monitor: File event recorded: created /tmp/usbguard-filemonitor-22ek5xse/events.db-journal
2026-07-31 23:13:46,718 INFO usbguard.file_monitor: File event recorded: modified /tmp/usbguard-filemonitor-22ek5xse/events.db-journal
2026-07-31 23:13:46,731 INFO usbguard: File event modified scanned: /tmp/usbguard-filemonitor-22ek5xse/events.db (risk=0.0)
2026-07-31 23:13:46,732 INFO usbguard.file_monitor: File event recorded: modified /tmp/usbguard-filemonitor-22ek5xse/events.db
2026-07-31 23:13:46,733 INFO usbguard.file_monitor: File event recorded: deleted /tmp/usbguard-filemonitor-22ek5xse/events.db-journal
2026-07-31 23:13:46,734 INFO usbguard.file_monitor: File event recorded: created /tmp/usbguard-filemonitor-22ek5xse/events.db-journal
2026-07-31 23:13:46,734 INFO usbguard.file_monitor: File event recorded: modified /tmp/usbguard-filemonitor-22ek5xse/events.db-journal
2026-07-31 23:13:46,747 INFO usbguard: File event modified scanned: /tmp/usbguard-filemonitor-22ek5xse/events.db (risk=0.0)
2026-07-31 23:13:46,748 INFO usbguard.file_monitor: File event recorded: modified /tmp/usbguard-filemonitor-22ek5xse/events.db
2026-07-31 23:13:46,749 INFO usbguard.file_monitor: File event recorded: deleted /tmp/usbguard-filemonitor-22ek5xse/events.db-journal
2026-07-31 23:13:46,749 INFO usbguard.file_monitor: File event recorded: created /tmp/usbguard-filemonitor-22ek5xse/events.db-journal
2026-07-31 23:13:46,750 INFO usbguard.file_monitor: File event recorded: modified /tmp/usbguard-filemonitor-22ek5xse/events.db-journal
2026-07-31 23:13:46,762 INFO usbguard: File event modified scanned: /tmp/usbguard-filemonitor-22ek5xse/events.db (risk=0.0)
2026-07-31 23:13:46,763 INFO usbguard.file_monitor: File event recorded: modified /tmp/usbguard-filemonitor-22ek5xse/events.db
2026-07-31 23:13:46,764 INFO usbguard.file_monitor: File event recorded: deleted /tmp/usbguard-filemonitor-22ek5xse/events.db-journal
2026-07-31 23:13:46,765 INFO usbguard.file_monitor: File event recorded: created /tmp/usbguard-filemonitor-22ek5xse/events.db-journal
2026-07-31 23:13:46,765 INFO usbguard.file_monitor: File event recorded: modified /tmp/usbguard-filemonitor-22ek5xse/events.db-journal
2026-07-31 23:13:46,778 INFO usbguard: File event modified scanned: /tmp/usbguard-filemonitor-22ek5xse/events.db (risk=0.0)
2026-07-31 23:13:46,780 INFO usbguard.file_monitor: File event recorded: modified /tmp/usbguard-filemonitor-22ek5xse/events.db
2026-07-31 23:13:46,780 INFO usbguard.file_monitor: File event recorded: deleted /tmp/usbguard-filemonitor-22ek5xse/events.db-journal
2026-07-31 23:13:46,781 INFO usbguard.file_monitor: File event recorded: created /tmp/usbguard-filemonitor-22ek5xse/events.db-journal
2026-07-31 23:13:46,781 INFO usbguard.file_monitor: File event recorded: modified /tmp/usbguard-filemonitor-22ek5xse/events.db-journal
2026-07-31 23:13:46,795 INFO usbguard: File event modified scanned: /tmp/usbguard-filemonitor-22ek5xse/events.db (risk=0.0)
2026-07-31 23:13:46,796 INFO usbguard.file_monitor: File event recorded: modified /tmp/usbguard-filemonitor-22ek5xse/events.db
2026-07-31 23:13:46,797 INFO usbguard.file_monitor: File event recorded: deleted /tmp/usbguard-filemonitor-22ek5xse/events.db-journal
2026-07-31 23:13:46,797 INFO usbguard.file_monitor: File event recorded: created /tmp/usbguard-filemonitor-22ek5xse/events.db-journal
2026-07-31 23:13:46,798 INFO usbguard.file_monitor: File event recorded: modified /tmp/usbguard-filemonitor-22ek5xse/events.db-journal
2026-07-31 23:13:46,811 INFO usbguard: File event modified scanned: /tmp/usbguard-filemonitor-22ek5xse/events.db (risk=0.0)
2026-07-31 23:13:46,812 INFO usbguard.file_monitor: File event recorded: modified /tmp/usbguard-filemonitor-22ek5xse/events.db
2026-07-31 23:13:46,812 INFO usbguard.file_monitor: File event recorded: deleted /tmp/usbguard-filemonitor-22ek5xse/events.db-journal
2026-07-31 23:13:46,813 INFO usbguard.file_monitor: File event recorded: created /tmp/usbguard-filemonitor-22ek5xse/events.db-journal
2026-07-31 23:13:46,813 INFO usbguard.file_monitor: File event recorded: modified /tmp/usbguard-filemonitor-22ek5xse/events.db-journal
2026-07-31 23:13:46,827 INFO usbguard: File event modified scanned: /tmp/usbguard-filemonitor-22ek5xse/events.db (risk=0.0)
2026-07-31 23:13:46,828 INFO usbguard.file_monitor: File event recorded: modified /tmp/usbguard-filemonitor-22ek5xse/events.db
2026-07-31 23:13:46,828 INFO usbguard.file_monitor: File event recorded: deleted /tmp/usbguard-filemonitor-22ek5xse/events.db-journal
2026-07-31 23:13:46,829 INFO usbguard.file_monitor: File event recorded: created /tmp/usbguard-filemonitor-22ek5xse/events.db-journal
2026-07-31 23:13:46,830 INFO usbguard.file_monitor: File event recorded: modified /tmp/usbguard-filemonitor-22ek5xse/events.db-journal
2026-07-31 23:13:46,844 INFO usbguard: File event modified scanned: /tmp/usbguard-filemonitor-22ek5xse/events.db (risk=0.0)
2026-07-31 23:13:46,845 INFO usbguard.file_monitor: File event recorded: modified /tmp/usbguard-filemonitor-22ek5xse/events.db
2026-07-31 23:13:46,845 INFO usbguard.file_monitor: File event recorded: deleted /tmp/usbguard-filemonitor-22ek5xse/events.db-journal
2026-07-31 23:13:46,846 INFO usbguard.file_monitor: File event recorded: created /tmp/usbguard-filemonitor-22ek5xse/events.db-journal
2026-07-31 23:13:46,846 INFO usbguard.file_monitor: File event recorded: modified /tmp/usbguard-filemonitor-22ek5xse/events.db-journal
2026-07-31 23:13:46,860 INFO usbguard: File event modified scanned: /tmp/usbguard-filemonitor-22ek5xse/events.db (risk=0.0)
2026-07-31 23:13:46,861 INFO usbguard.file_monitor: File event recorded: modified /tmp/usbguard-filemonitor-22ek5xse/events.db
2026-07-31 23:13:46,862 INFO usbguard.file_monitor: File event recorded: deleted /tmp/usbguard-filemonitor-22ek5xse/events.db-journal
2026-07-31 23:13:46,862 INFO usbguard.file_monitor: File event recorded: created /tmp/usbguard-filemonitor-22ek5xse/events.db-journal
2026-07-31 23:13:46,863 INFO usbguard.file_monitor: File event recorded: modified /tmp/usbguard-filemonitor-22ek5xse/events.db-journal
2026-07-31 23:13:46,877 INFO usbguard: File event modified scanned: /tmp/usbguard-filemonitor-22ek5xse/events.db (risk=0.0)
2026-07-31 23:13:46,878 INFO usbguard.file_monitor: File event recorded: modified /tmp/usbguard-filemonitor-22ek5xse/events.db
2026-07-31 23:13:46,879 INFO usbguard.file_monitor: File event recorded: deleted /tmp/usbguard-filemonitor-22ek5xse/events.db-journal
2026-07-31 23:13:46,879 INFO usbguard.file_monitor: File event recorded: created /tmp/usbguard-filemonitor-22ek5xse/events.db-journal
2026-07-31 23:13:46,880 INFO usbguard.file_monitor: File event recorded: modified /tmp/usbguard-filemonitor-22ek5xse/events.db-journal
2026-07-31 23:13:46,894 INFO usbguard: File event modified scanned: /tmp/usbguard-filemonitor-22ek5xse/events.db (risk=0.0)
2026-07-31 23:13:46,895 INFO usbguard.file_monitor: File event recorded: modified /tmp/usbguard-filemonitor-22ek5xse/events.db
2026-07-31 23:13:46,895 INFO usbguard.file_monitor: File event recorded: deleted /tmp/usbguard-filemonitor-22ek5xse/events.db-journal
2026-07-31 23:13:46,896 INFO usbguard.file_monitor: File event recorded: created /tmp/usbguard-filemonitor-22ek5xse/events.db-journal
2026-07-31 23:13:46,896 INFO usbguard.file_monitor: File event recorded: modified /tmp/usbguard-filemonitor-22ek5xse/events.db-journal
2026-07-31 23:13:46,911 INFO usbguard: File event modified scanned: /tmp/usbguard-filemonitor-22ek5xse/events.db (risk=0.0)
2026-07-31 23:13:46,912 INFO usbguard.file_monitor: File event recorded: modified /tmp/usbguard-filemonitor-22ek5xse/events.db
2026-07-31 23:13:46,912 INFO usbguard.file_monitor: File event recorded: deleted /tmp/usbguard-filemonitor-22ek5xse/events.db-journal
2026-07-31 23:13:46,913 INFO usbguard.file_monitor: File event recorded: created /tmp/usbguard-filemonitor-22ek5xse/events.db-journal
2026-07-31 23:13:46,914 INFO usbguard.file_monitor: File event recorded: modified /tmp/usbguard-filemonitor-22ek5xse/events.db-journal
2026-07-31 23:13:46,927 INFO usbguard: File event modified scanned: /tmp/usbguard-filemonitor-22ek5xse/events.db (risk=0.0)
2026-07-31 23:13:46,928 INFO usbguard.file_monitor: File event recorded: modified /tmp/usbguard-filemonitor-22ek5xse/events.db
2026-07-31 23:13:46,929 INFO usbguard.file_monitor: File event recorded: deleted /tmp/usbguard-filemonitor-22ek5xse/events.db-journal
2026-07-31 23:13:46,929 INFO usbguard.file_monitor: File event recorded: created /tmp/usbguard-filemonitor-22ek5xse/events.db-journal
2026-07-31 23:13:46,930 INFO usbguard.file_monitor: File event recorded: modified /tmp/usbguard-filemonitor-22ek5xse/events.db-journal
2026-07-31 23:13:46,944 INFO usbguard: File event modified scanned: /tmp/usbguard-filemonitor-22ek5xse/events.db (risk=0.0)
2026-07-31 23:13:46,945 INFO usbguard.file_monitor: File event recorded: modified /tmp/usbguard-filemonitor-22ek5xse/events.db
2026-07-31 23:13:46,946 INFO usbguard.file_monitor: File event recorded: deleted /tmp/usbguard-filemonitor-22ek5xse/events.db-journal
2026-07-31 23:13:46,946 INFO usbguard.file_monitor: File event recorded: created /tmp/usbguard-filemonitor-22ek5xse/events.db-journal
2026-07-31 23:13:46,947 INFO usbguard.file_monitor: File event recorded: modified /tmp/usbguard-filemonitor-22ek5xse/events.db-journal
2026-07-31 23:13:46,963 INFO usbguard: File event modified scanned: /tmp/usbguard-filemonitor-22ek5xse/events.db (risk=0.0)
2026-07-31 23:13:46,964 INFO usbguard.file_monitor: File event recorded: modified /tmp/usbguard-filemonitor-22ek5xse/events.db
2026-07-31 23:13:46,965 INFO usbguard.file_monitor: File event recorded: deleted /tmp/usbguard-filemonitor-22ek5xse/events.db-journal
2026-07-31 23:13:46,966 INFO usbguard.file_monitor: File event recorded: created /tmp/usbguard-filemonitor-22ek5xse/events.db-journal
2026-07-31 23:13:46,967 INFO usbguard.file_monitor: File event recorded: modified /tmp/usbguard-filemonitor-22ek5xse/events.db-journal
2026-07-31 23:13:46,984 INFO usbguard: File event modified scanned: /tmp/usbguard-filemonitor-22ek5xse/events.db (risk=0.0)
2026-07-31 23:13:46,985 INFO usbguard.file_monitor: File event recorded: modified /tmp/usbguard-filemonitor-22ek5xse/events.db
2026-07-31 23:13:46,986 INFO usbguard.file_monitor: File event recorded: deleted /tmp/usbguard-filemonitor-22ek5xse/events.db-journal
2026-07-31 23:13:46,987 INFO usbguard.file_monitor: File event recorded: created /tmp/usbguard-filemonitor-22ek5xse/events.db-journal
2026-07-31 23:13:46,988 INFO usbguard.file_monitor: File event recorded: modified /tmp/usbguard-filemonitor-22ek5xse/events.db-journal
2026-07-31 23:13:47,005 INFO usbguard: File event modified scanned: /tmp/usbguard-filemonitor-22ek5xse/events.db (risk=0.0)
2026-07-31 23:13:47,007 INFO usbguard.file_monitor: File event recorded: modified /tmp/usbguard-filemonitor-22ek5xse/events.db
2026-07-31 23:13:47,007 INFO usbguard.file_monitor: File event recorded: deleted /tmp/usbguard-filemonitor-22ek5xse/events.db-journal
2026-07-31 23:13:47,008 INFO usbguard.file_monitor: File event recorded: created /tmp/usbguard-filemonitor-22ek5xse/events.db-journal
2026-07-31 23:13:47,009 INFO usbguard.file_monitor: File event recorded: modified /tmp/usbguard-filemonitor-22ek5xse/events.db-journal
2026-07-31 23:13:47,027 INFO usbguard: File event modified scanned: /tmp/usbguard-filemonitor-22ek5xse/events.db (risk=0.0)
2026-07-31 23:13:47,028 INFO usbguard.file_monitor: File event recorded: modified /tmp/usbguard-filemonitor-22ek5xse/events.db
2026-07-31 23:13:47,029 INFO usbguard.file_monitor: File event recorded: deleted /tmp/usbguard-filemonitor-22ek5xse/events.db-journal
2026-07-31 23:13:47,030 INFO usbguard.file_monitor: File event recorded: created /tmp/usbguard-filemonitor-22ek5xse/events.db-journal
2026-07-31 23:13:47,031 INFO usbguard.file_monitor: File event recorded: modified /tmp/usbguard-filemonitor-22ek5xse/events.db-journal
2026-07-31 23:13:47,047 INFO usbguard: File event modified scanned: /tmp/usbguard-filemonitor-22ek5xse/events.db (risk=0.0)
2026-07-31 23:13:47,048 INFO usbguard.file_monitor: File event recorded: modified /tmp/usbguard-filemonitor-22ek5xse/events.db
2026-07-31 23:13:47,048 INFO usbguard.file_monitor: File event recorded: deleted /tmp/usbguard-filemonitor-22ek5xse/events.db-journal
2026-07-31 23:13:47,050 INFO usbguard.file_monitor: File event recorded: created /tmp/usbguard-filemonitor-22ek5xse/events.db-journal
2026-07-31 23:13:47,052 INFO usbguard.file_monitor: File event recorded: modified /tmp/usbguard-filemonitor-22ek5xse/events.db-journal
2026-07-31 23:13:47,074 INFO usbguard: File event modified scanned: /tmp/usbguard-filemonitor-22ek5xse/events.db (risk=0.0)
2026-07-31 23:13:47,075 INFO usbguard.file_monitor: File event recorded: modified /tmp/usbguard-filemonitor-22ek5xse/events.db
2026-07-31 23:13:47,076 INFO usbguard.file_monitor: File event recorded: deleted /tmp/usbguard-filemonitor-22ek5xse/events.db-journal
2026-07-31 23:13:47,076 INFO usbguard.file_monitor: File event recorded: created /tmp/usbguard-filemonitor-22ek5xse/events.db-journal
2026-07-31 23:13:47,077 INFO usbguard.file_monitor: File event recorded: modified /tmp/usbguard-filemonitor-22ek5xse/events.db-journal
2026-07-31 23:13:47,092 INFO usbguard: File event modified scanned: /tmp/usbguard-filemonitor-22ek5xse/events.db (risk=0.0)
2026-07-31 23:13:47,093 INFO usbguard.file_monitor: File event recorded: modified /tmp/usbguard-filemonitor-22ek5xse/events.db
2026-07-31 23:13:47,094 INFO usbguard.file_monitor: File event recorded: deleted /tmp/usbguard-filemonitor-22ek5xse/events.db-journal
2026-07-31 23:13:47,095 INFO usbguard.file_monitor: File event recorded: created /tmp/usbguard-filemonitor-22ek5xse/events.db-journal
2026-07-31 23:13:47,095 INFO usbguard.file_monitor: File event recorded: modified /tmp/usbguard-filemonitor-22ek5xse/events.db-journal
2026-07-31 23:13:47,110 INFO usbguard: File event modified scanned: /tmp/usbguard-filemonitor-22ek5xse/events.db (risk=0.0)
2026-07-31 23:13:47,112 INFO usbguard.file_monitor: File event recorded: modified /tmp/usbguard-filemonitor-22ek5xse/events.db
2026-07-31 23:13:47,113 INFO usbguard.file_monitor: File event recorded: deleted /tmp/usbguard-filemonitor-22ek5xse/events.db-journal
2026-07-31 23:13:47,114 INFO usbguard.file_monitor: File event recorded: created /tmp/usbguard-filemonitor-22ek5xse/events.db-journal
2026-07-31 23:13:47,114 INFO usbguard.file_monitor: File event recorded: modified /tmp/usbguard-filemonitor-22ek5xse/events.db-journal
2026-07-31 23:13:47,129 INFO usbguard: File event modified scanned: /tmp/usbguard-filemonitor-22ek5xse/events.db (risk=0.0)
2026-07-31 23:13:47,130 INFO usbguard.file_monitor: File event recorded: modified /tmp/usbguard-filemonitor-22ek5xse/events.db
2026-07-31 23:13:47,131 INFO usbguard.file_monitor: File event recorded: deleted /tmp/usbguard-filemonitor-22ek5xse/events.db-journal
2026-07-31 23:13:47,131 INFO usbguard.file_monitor: File event recorded: created /tmp/usbguard-filemonitor-22ek5xse/events.db-journal
2026-07-31 23:13:47,132 INFO usbguard.file_monitor: File event recorded: modified /tmp/usbguard-filemonitor-22ek5xse/events.db-journal
2026-07-31 23:13:47,150 INFO usbguard: File event modified scanned: /tmp/usbguard-filemonitor-22ek5xse/events.db (risk=0.0)
2026-07-31 23:13:47,151 INFO usbguard.file_monitor: File event recorded: modified /tmp/usbguard-filemonitor-22ek5xse/events.db
2026-07-31 23:13:47,152 INFO usbguard.file_monitor: File event recorded: deleted /tmp/usbguard-filemonitor-22ek5xse/events.db-journal
2026-07-31 23:13:47,153 INFO usbguard.file_monitor: File event recorded: created /tmp/usbguard-filemonitor-22ek5xse/events.db-journal
2026-07-31 23:13:47,153 INFO usbguard.file_monitor: File event recorded: modified /tmp/usbguard-filemonitor-22ek5xse/events.db-journal
2026-07-31 23:13:47,174 INFO usbguard: File event modified scanned: /tmp/usbguard-filemonitor-22ek5xse/events.db (risk=0.0)
2026-07-31 23:13:47,176 INFO usbguard.file_monitor: File event recorded: modified /tmp/usbguard-filemonitor-22ek5xse/events.db
2026-07-31 23:13:47,176 INFO usbguard.file_monitor: File event recorded: deleted /tmp/usbguard-filemonitor-22ek5xse/events.db-journal
2026-07-31 23:13:47,177 INFO usbguard.file_monitor: File event recorded: created /tmp/usbguard-filemonitor-22ek5xse/events.db-journal
2026-07-31 23:13:47,178 INFO usbguard.file_monitor: File event recorded: modified /tmp/usbguard-filemonitor-22ek5xse/events.db-journal
2026-07-31 23:13:47,196 INFO usbguard: File event modified scanned: /tmp/usbguard-filemonitor-22ek5xse/events.db (risk=0.0)
2026-07-31 23:13:47,198 INFO usbguard.file_monitor: File event recorded: modified /tmp/usbguard-filemonitor-22ek5xse/events.db
2026-07-31 23:13:47,199 INFO usbguard.file_monitor: File event recorded: deleted /tmp/usbguard-filemonitor-22ek5xse/events.db-journal
2026-07-31 23:13:47,200 INFO usbguard.file_monitor: File event recorded: created /tmp/usbguard-filemonitor-22ek5xse/events.db-journal
2026-07-31 23:13:47,200 INFO usbguard.file_monitor: File event recorded: modified /tmp/usbguard-filemonitor-22ek5xse/events.db-journal
2026-07-31 23:13:47,216 INFO usbguard: File event modified scanned: /tmp/usbguard-filemonitor-22ek5xse/events.db (risk=0.0)
2026-07-31 23:13:47,218 INFO usbguard.file_monitor: File event recorded: modified /tmp/usbguard-filemonitor-22ek5xse/events.db
2026-07-31 23:13:47,218 INFO usbguard.file_monitor: File event recorded: deleted /tmp/usbguard-filemonitor-22ek5xse/events.db-journal
2026-07-31 23:13:47,219 INFO usbguard.file_monitor: File event recorded: created /tmp/usbguard-filemonitor-22ek5xse/events.db-journal
2026-07-31 23:13:47,220 INFO usbguard.file_monitor: File event recorded: modified /tmp/usbguard-filemonitor-22ek5xse/events.db-journal
2026-07-31 23:13:47,235 INFO usbguard: File event modified scanned: /tmp/usbguard-filemonitor-22ek5xse/events.db (risk=0.0)
2026-07-31 23:13:47,237 INFO usbguard.file_monitor: File event recorded: modified /tmp/usbguard-filemonitor-22ek5xse/events.db
2026-07-31 23:13:47,237 INFO usbguard.file_monitor: File event recorded: deleted /tmp/usbguard-filemonitor-22ek5xse/events.db-journal
2026-07-31 23:13:47,238 INFO usbguard.file_monitor: File event recorded: created /tmp/usbguard-filemonitor-22ek5xse/events.db-journal
2026-07-31 23:13:47,239 INFO usbguard.file_monitor: File event recorded: modified /tmp/usbguard-filemonitor-22ek5xse/events.db-journal
2026-07-31 23:13:47,256 INFO usbguard: File event modified scanned: /tmp/usbguard-filemonitor-22ek5xse/events.db (risk=0.0)
2026-07-31 23:13:47,258 INFO usbguard.file_monitor: File event recorded: modified /tmp/usbguard-filemonitor-22ek5xse/events.db
2026-07-31 23:13:47,258 INFO usbguard.file_monitor: File event recorded: deleted /tmp/usbguard-filemonitor-22ek5xse/events.db-journal
2026-07-31 23:13:47,259 INFO usbguard.file_monitor: File event recorded: created /tmp/usbguard-filemonitor-22ek5xse/events.db-journal
2026-07-31 23:13:47,260 INFO usbguard.file_monitor: File event recorded: modified /tmp/usbguard-filemonitor-22ek5xse/events.db-journal
2026-07-31 23:13:47,276 INFO usbguard: File event modified scanned: /tmp/usbguard-filemonitor-22ek5xse/events.db (risk=0.0)
2026-07-31 23:13:47,277 INFO usbguard.file_monitor: File event recorded: modified /tmp/usbguard-filemonitor-22ek5xse/events.db
2026-07-31 23:13:47,277 INFO usbguard.file_monitor: File event recorded: deleted /tmp/usbguard-filemonitor-22ek5xse/events.db-journal
2026-07-31 23:13:47,278 INFO usbguard.file_monitor: File event recorded: created /tmp/usbguard-filemonitor-22ek5xse/events.db-journal
2026-07-31 23:13:47,278 INFO usbguard.file_monitor: File event recorded: modified /tmp/usbguard-filemonitor-22ek5xse/events.db-journal
2026-07-31 23:13:47,294 INFO usbguard: File event modified scanned: /tmp/usbguard-filemonitor-22ek5xse/events.db (risk=0.0)
2026-07-31 23:13:47,296 INFO usbguard.file_monitor: File event recorded: modified /tmp/usbguard-filemonitor-22ek5xse/events.db
2026-07-31 23:13:47,296 INFO usbguard.file_monitor: File event recorded: deleted /tmp/usbguard-filemonitor-22ek5xse/events.db-journal
2026-07-31 23:13:47,297 INFO usbguard.file_monitor: File event recorded: created /tmp/usbguard-filemonitor-22ek5xse/events.db-journal
2026-07-31 23:13:47,297 INFO usbguard.file_monitor: File event recorded: modified /tmp/usbguard-filemonitor-22ek5xse/events.db-journal
2026-07-31 23:13:47,313 INFO usbguard: File event modified scanned: /tmp/usbguard-filemonitor-22ek5xse/events.db (risk=0.0)
2026-07-31 23:13:47,314 INFO usbguard.file_monitor: File event recorded: modified /tmp/usbguard-filemonitor-22ek5xse/events.db
2026-07-31 23:13:47,315 INFO usbguard.file_monitor: File event recorded: deleted /tmp/usbguard-filemonitor-22ek5xse/events.db-journal
2026-07-31 23:13:47,315 INFO usbguard.file_monitor: File event recorded: created /tmp/usbguard-filemonitor-22ek5xse/events.db-journal
2026-07-31 23:13:47,316 INFO usbguard.file_monitor: File event recorded: modified /tmp/usbguard-filemonitor-22ek5xse/events.db-journal
2026-07-31 23:13:47,332 INFO usbguard: File event modified scanned: /tmp/usbguard-filemonitor-22ek5xse/events.db (risk=0.0)
2026-07-31 23:13:47,333 INFO usbguard.file_monitor: File event recorded: modified /tmp/usbguard-filemonitor-22ek5xse/events.db
2026-07-31 23:13:47,334 INFO usbguard.file_monitor: File event recorded: deleted /tmp/usbguard-filemonitor-22ek5xse/events.db-journal
2026-07-31 23:13:47,334 INFO usbguard.file_monitor: File event recorded: created /tmp/usbguard-filemonitor-22ek5xse/events.db-journal
2026-07-31 23:13:47,335 INFO usbguard.file_monitor: File event recorded: modified /tmp/usbguard-filemonitor-22ek5xse/events.db-journal
2026-07-31 23:13:47,351 INFO usbguard: File event modified scanned: /tmp/usbguard-filemonitor-22ek5xse/events.db (risk=0.0)
2026-07-31 23:13:47,352 INFO usbguard.file_monitor: File event recorded: modified /tmp/usbguard-filemonitor-22ek5xse/events.db
2026-07-31 23:13:47,353 INFO usbguard.file_monitor: File event recorded: deleted /tmp/usbguard-filemonitor-22ek5xse/events.db-journal
2026-07-31 23:13:47,353 INFO usbguard.file_monitor: File event recorded: created /tmp/usbguard-filemonitor-22ek5xse/events.db-journal
2026-07-31 23:13:47,354 INFO usbguard.file_monitor: File event recorded: modified /tmp/usbguard-filemonitor-22ek5xse/events.db-journal
2026-07-31 23:13:47,371 INFO usbguard: File event modified scanned: /tmp/usbguard-filemonitor-22ek5xse/events.db (risk=0.0)
2026-07-31 23:13:47,372 INFO usbguard.file_monitor: File event recorded: modified /tmp/usbguard-filemonitor-22ek5xse/events.db
2026-07-31 23:13:47,372 INFO usbguard.file_monitor: File event recorded: deleted /tmp/usbguard-filemonitor-22ek5xse/events.db-journal
2026-07-31 23:13:47,373 INFO usbguard.file_monitor: File event recorded: created /tmp/usbguard-filemonitor-22ek5xse/events.db-journal
2026-07-31 23:13:47,373 INFO usbguard.file_monitor: File event recorded: modified /tmp/usbguard-filemonitor-22ek5xse/events.db-journal
2026-07-31 23:13:47,390 INFO usbguard: File event modified scanned: /tmp/usbguard-filemonitor-22ek5xse/events.db (risk=0.0)
2026-07-31 23:13:47,391 INFO usbguard.file_monitor: File event recorded: modified /tmp/usbguard-filemonitor-22ek5xse/events.db
2026-07-31 23:13:47,392 INFO usbguard.file_monitor: File event recorded: deleted /tmp/usbguard-filemonitor-22ek5xse/events.db-journal
2026-07-31 23:13:47,392 INFO usbguard.file_monitor: File event recorded: created /tmp/usbguard-filemonitor-22ek5xse/events.db-journal
2026-07-31 23:13:47,393 INFO usbguard.file_monitor: File event recorded: modified /tmp/usbguard-filemonitor-22ek5xse/events.db-journal
2026-07-31 23:13:47,411 INFO usbguard: File event modified scanned: /tmp/usbguard-filemonitor-22ek5xse/events.db (risk=0.0)
2026-07-31 23:13:47,412 INFO usbguard.file_monitor: File event recorded: modified /tmp/usbguard-filemonitor-22ek5xse/events.db
2026-07-31 23:13:47,413 INFO usbguard.file_monitor: File event recorded: deleted /tmp/usbguard-filemonitor-22ek5xse/events.db-journal
2026-07-31 23:13:47,414 INFO usbguard.file_monitor: File event recorded: created /tmp/usbguard-filemonitor-22ek5xse/events.db-journal
2026-07-31 23:13:47,414 INFO usbguard.file_monitor: File event recorded: modified /tmp/usbguard-filemonitor-22ek5xse/events.db-journal
2026-07-31 23:13:47,431 INFO usbguard: File event modified scanned: /tmp/usbguard-filemonitor-22ek5xse/events.db (risk=0.0)
2026-07-31 23:13:47,432 INFO usbguard.file_monitor: File event recorded: modified /tmp/usbguard-filemonitor-22ek5xse/events.db
2026-07-31 23:13:47,433 INFO usbguard.file_monitor: File event recorded: deleted /tmp/usbguard-filemonitor-22ek5xse/events.db-journal
2026-07-31 23:13:47,434 INFO usbguard.file_monitor: File event recorded: created /tmp/usbguard-filemonitor-22ek5xse/events.db-journal
2026-07-31 23:13:47,435 INFO usbguard.file_monitor: File event recorded: modified /tmp/usbguard-filemonitor-22ek5xse/events.db-journal
2026-07-31 23:13:47,451 INFO usbguard: File event modified scanned: /tmp/usbguard-filemonitor-22ek5xse/events.db (risk=0.0)
2026-07-31 23:13:47,452 INFO usbguard.file_monitor: File event recorded: modified /tmp/usbguard-filemonitor-22ek5xse/events.db
2026-07-31 23:13:47,453 INFO usbguard.file_monitor: File event recorded: deleted /tmp/usbguard-filemonitor-22ek5xse/events.db-journal
2026-07-31 23:13:47,454 INFO usbguard.file_monitor: File event recorded: created /tmp/usbguard-filemonitor-22ek5xse/events.db-journal
2026-07-31 23:13:47,454 INFO usbguard.file_monitor: File event recorded: modified /tmp/usbguard-filemonitor-22ek5xse/events.db-journal
2026-07-31 23:13:47,471 INFO usbguard: File event modified scanned: /tmp/usbguard-filemonitor-22ek5xse/events.db (risk=0.0)
2026-07-31 23:13:47,472 INFO usbguard.file_monitor: File event recorded: modified /tmp/usbguard-filemonitor-22ek5xse/events.db
2026-07-31 23:13:47,473 INFO usbguard.file_monitor: File event recorded: deleted /tmp/usbguard-filemonitor-22ek5xse/events.db-journal
2026-07-31 23:13:47,473 INFO usbguard.file_monitor: File event recorded: created /tmp/usbguard-filemonitor-22ek5xse/events.db-journal
2026-07-31 23:13:47,474 INFO usbguard.file_monitor: File event recorded: modified /tmp/usbguard-filemonitor-22ek5xse/events.db-journal
2026-07-31 23:13:47,491 INFO usbguard: File event modified scanned: /tmp/usbguard-filemonitor-22ek5xse/events.db (risk=0.0)
2026-07-31 23:13:47,493 INFO usbguard.file_monitor: File event recorded: modified /tmp/usbguard-filemonitor-22ek5xse/events.db
2026-07-31 23:13:47,493 INFO usbguard.file_monitor: File event recorded: deleted /tmp/usbguard-filemonitor-22ek5xse/events.db-journal
2026-07-31 23:13:47,494 INFO usbguard.file_monitor: File event recorded: created /tmp/usbguard-filemonitor-22ek5xse/events.db-journal
2026-07-31 23:13:47,494 INFO usbguard.file_monitor: File event recorded: modified /tmp/usbguard-filemonitor-22ek5xse/events.db-journal
2026-07-31 23:13:47,514 INFO usbguard: File event modified scanned: /tmp/usbguard-filemonitor-22ek5xse/events.db (risk=0.0)
2026-07-31 23:13:47,515 INFO usbguard.file_monitor: File event recorded: modified /tmp/usbguard-filemonitor-22ek5xse/events.db
2026-07-31 23:13:47,516 INFO usbguard.file_monitor: File event recorded: deleted /tmp/usbguard-filemonitor-22ek5xse/events.db-journal
2026-07-31 23:13:47,516 INFO usbguard.file_monitor: File event recorded: created /tmp/usbguard-filemonitor-22ek5xse/events.db-journal
2026-07-31 23:13:47,517 INFO usbguard.file_monitor: File event recorded: modified /tmp/usbguard-filemonitor-22ek5xse/events.db-journal
2026-07-31 23:13:47,535 INFO usbguard: File event modified scanned: /tmp/usbguard-filemonitor-22ek5xse/events.db (risk=0.0)
2026-07-31 23:13:47,536 INFO usbguard.file_monitor: File event recorded: modified /tmp/usbguard-filemonitor-22ek5xse/events.db
2026-07-31 23:13:47,537 INFO usbguard.file_monitor: File event recorded: deleted /tmp/usbguard-filemonitor-22ek5xse/events.db-journal
2026-07-31 23:13:47,538 INFO usbguard.file_monitor: File event recorded: created /tmp/usbguard-filemonitor-22ek5xse/events.db-journal
2026-07-31 23:13:47,539 INFO usbguard.file_monitor: File event recorded: modified /tmp/usbguard-filemonitor-22ek5xse/events.db-journal
2026-07-31 23:13:47,558 INFO usbguard: File event modified scanned: /tmp/usbguard-filemonitor-22ek5xse/events.db (risk=0.0)
2026-07-31 23:13:47,559 INFO usbguard.file_monitor: File event recorded: modified /tmp/usbguard-filemonitor-22ek5xse/events.db
2026-07-31 23:13:47,560 INFO usbguard.file_monitor: File event recorded: deleted /tmp/usbguard-filemonitor-22ek5xse/events.db-journal
2026-07-31 23:13:47,561 INFO usbguard.file_monitor: File event recorded: created /tmp/usbguard-filemonitor-22ek5xse/events.db-journal
2026-07-31 23:13:47,561 INFO usbguard.file_monitor: File event recorded: modified /tmp/usbguard-filemonitor-22ek5xse/events.db-journal
2026-07-31 23:13:47,583 INFO usbguard: File event modified scanned: /tmp/usbguard-filemonitor-22ek5xse/events.db (risk=0.0)
2026-07-31 23:13:47,584 INFO usbguard.file_monitor: File event recorded: modified /tmp/usbguard-filemonitor-22ek5xse/events.db
2026-07-31 23:13:47,585 INFO usbguard.file_monitor: File event recorded: deleted /tmp/usbguard-filemonitor-22ek5xse/events.db-journal
2026-07-31 23:13:47,586 INFO usbguard.file_monitor: File event recorded: created /tmp/usbguard-filemonitor-22ek5xse/events.db-journal
2026-07-31 23:13:47,587 INFO usbguard.file_monitor: File event recorded: modified /tmp/usbguard-filemonitor-22ek5xse/events.db-journal
2026-07-31 23:13:47,604 INFO usbguard: File event modified scanned: /tmp/usbguard-filemonitor-22ek5xse/events.db (risk=0.0)
2026-07-31 23:13:47,606 INFO usbguard.file_monitor: File event recorded: modified /tmp/usbguard-filemonitor-22ek5xse/events.db
2026-07-31 23:13:47,606 INFO usbguard.file_monitor: File event recorded: deleted /tmp/usbguard-filemonitor-22ek5xse/events.db-journal
2026-07-31 23:13:47,607 INFO usbguard.file_monitor: File event recorded: created /tmp/usbguard-filemonitor-22ek5xse/events.db-journal
2026-07-31 23:13:47,608 INFO usbguard.file_monitor: File event recorded: modified /tmp/usbguard-filemonitor-22ek5xse/events.db-journal
2026-07-31 23:13:47,625 INFO usbguard: File event modified scanned: /tmp/usbguard-filemonitor-22ek5xse/events.db (risk=0.0)
2026-07-31 23:13:47,626 INFO usbguard.file_monitor: File event recorded: modified /tmp/usbguard-filemonitor-22ek5xse/events.db
2026-07-31 23:13:47,627 INFO usbguard.file_monitor: File event recorded: deleted /tmp/usbguard-filemonitor-22ek5xse/events.db-journal
2026-07-31 23:13:47,628 INFO usbguard.file_monitor: File event recorded: created /tmp/usbguard-filemonitor-22ek5xse/events.db-journal
2026-07-31 23:13:47,628 INFO usbguard.file_monitor: File event recorded: modified /tmp/usbguard-filemonitor-22ek5xse/events.db-journal
2026-07-31 23:13:47,646 INFO usbguard: File event modified scanned: /tmp/usbguard-filemonitor-22ek5xse/events.db (risk=0.0)
2026-07-31 23:13:47,647 INFO usbguard.file_monitor: File event recorded: modified /tmp/usbguard-filemonitor-22ek5xse/events.db
2026-07-31 23:13:47,648 INFO usbguard.file_monitor: File event recorded: deleted /tmp/usbguard-filemonitor-22ek5xse/events.db-journal
2026-07-31 23:13:47,649 INFO usbguard.file_monitor: File event recorded: created /tmp/usbguard-filemonitor-22ek5xse/events.db-journal
2026-07-31 23:13:47,649 INFO usbguard.file_monitor: File event recorded: modified /tmp/usbguard-filemonitor-22ek5xse/events.db-journal
2026-07-31 23:13:47,667 INFO usbguard: File event modified scanned: /tmp/usbguard-filemonitor-22ek5xse/events.db (risk=0.0)
2026-07-31 23:13:47,668 INFO usbguard.file_monitor: File event recorded: modified /tmp/usbguard-filemonitor-22ek5xse/events.db
2026-07-31 23:13:47,669 INFO usbguard.file_monitor: File event recorded: deleted /tmp/usbguard-filemonitor-22ek5xse/events.db-journal
2026-07-31 23:13:47,669 INFO usbguard.file_monitor: File event recorded: created /tmp/usbguard-filemonitor-22ek5xse/events.db-journal
2026-07-31 23:13:47,670 INFO usbguard.file_monitor: File event recorded: modified /tmp/usbguard-filemonitor-22ek5xse/events.db-journal
2026-07-31 23:13:47,688 INFO usbguard: File event modified scanned: /tmp/usbguard-filemonitor-22ek5xse/events.db (risk=0.0)
2026-07-31 23:13:47,689 INFO usbguard.file_monitor: File event recorded: modified /tmp/usbguard-filemonitor-22ek5xse/events.db
2026-07-31 23:13:47,690 INFO usbguard.file_monitor: File event recorded: deleted /tmp/usbguard-filemonitor-22ek5xse/events.db-journal
2026-07-31 23:13:47,690 INFO usbguard.file_monitor: File event recorded: created /tmp/usbguard-filemonitor-22ek5xse/events.db-journal
2026-07-31 23:13:47,691 INFO usbguard.file_monitor: File event recorded: modified /tmp/usbguard-filemonitor-22ek5xse/events.db-journal
2026-07-31 23:13:47,709 INFO usbguard: File event modified scanned: /tmp/usbguard-filemonitor-22ek5xse/events.db (risk=0.0)
2026-07-31 23:13:47,710 INFO usbguard.file_monitor: File event recorded: modified /tmp/usbguard-filemonitor-22ek5xse/events.db
2026-07-31 23:13:47,711 INFO usbguard.file_monitor: File event recorded: deleted /tmp/usbguard-filemonitor-22ek5xse/events.db-journal
2026-07-31 23:13:47,712 INFO usbguard.file_monitor: File event recorded: created /tmp/usbguard-filemonitor-22ek5xse/events.db-journal
2026-07-31 23:13:47,712 INFO usbguard.file_monitor: File event recorded: modified /tmp/usbguard-filemonitor-22ek5xse/events.db-journal
2026-07-31 23:13:47,729 INFO usbguard: File event modified scanned: /tmp/usbguard-filemonitor-22ek5xse/events.db (risk=0.0)
2026-07-31 23:13:47,730 INFO usbguard.file_monitor: File event recorded: modified /tmp/usbguard-filemonitor-22ek5xse/events.db
2026-07-31 23:13:47,731 INFO usbguard.file_monitor: File event recorded: deleted /tmp/usbguard-filemonitor-22ek5xse/events.db-journal
2026-07-31 23:13:47,732 INFO usbguard.file_monitor: File event recorded: created /tmp/usbguard-filemonitor-22ek5xse/events.db-journal
2026-07-31 23:13:47,732 INFO usbguard.file_monitor: File event recorded: modified /tmp/usbguard-filemonitor-22ek5xse/events.db-journal
2026-07-31 23:13:47,749 INFO usbguard: File event modified scanned: /tmp/usbguard-filemonitor-22ek5xse/events.db (risk=0.0)
2026-07-31 23:13:47,750 INFO usbguard.file_monitor: File event recorded: modified /tmp/usbguard-filemonitor-22ek5xse/events.db
2026-07-31 23:13:47,751 INFO usbguard.file_monitor: File event recorded: deleted /tmp/usbguard-filemonitor-22ek5xse/events.db-journal
2026-07-31 23:13:47,751 INFO usbguard.file_monitor: File event recorded: created /tmp/usbguard-filemonitor-22ek5xse/events.db-journal
2026-07-31 23:13:47,752 INFO usbguard.file_monitor: File event recorded: modified /tmp/usbguard-filemonitor-22ek5xse/events.db-journal
2026-07-31 23:13:47,769 INFO usbguard: File event modified scanned: /tmp/usbguard-filemonitor-22ek5xse/events.db (risk=0.0)
2026-07-31 23:13:47,770 INFO usbguard.file_monitor: File event recorded: modified /tmp/usbguard-filemonitor-22ek5xse/events.db
2026-07-31 23:13:47,771 INFO usbguard.file_monitor: File event recorded: deleted /tmp/usbguard-filemonitor-22ek5xse/events.db-journal
2026-07-31 23:13:47,771 INFO usbguard.file_monitor: File event recorded: created /tmp/usbguard-filemonitor-22ek5xse/events.db-journal
2026-07-31 23:13:47,772 INFO usbguard.file_monitor: File event recorded: modified /tmp/usbguard-filemonitor-22ek5xse/events.db-journal
2026-07-31 23:13:47,790 INFO usbguard: File event modified scanned: /tmp/usbguard-filemonitor-22ek5xse/events.db (risk=0.0)
2026-07-31 23:13:47,791 INFO usbguard.file_monitor: File event recorded: modified /tmp/usbguard-filemonitor-22ek5xse/events.db
2026-07-31 23:13:47,792 INFO usbguard.file_monitor: File event recorded: deleted /tmp/usbguard-filemonitor-22ek5xse/events.db-journal
2026-07-31 23:13:47,793 INFO usbguard.file_monitor: File event recorded: created /tmp/usbguard-filemonitor-22ek5xse/events.db-journal
2026-07-31 23:13:47,793 INFO usbguard.file_monitor: File event recorded: modified /tmp/usbguard-filemonitor-22ek5xse/events.db-journal
2026-07-31 23:13:47,811 INFO usbguard: File event modified scanned: /tmp/usbguard-filemonitor-22ek5xse/events.db (risk=0.0)
2026-07-31 23:13:47,812 INFO usbguard.file_monitor: File event recorded: modified /tmp/usbguard-filemonitor-22ek5xse/events.db
2026-07-31 23:13:47,812 INFO usbguard.file_monitor: File event recorded: deleted /tmp/usbguard-filemonitor-22ek5xse/events.db-journal
2026-07-31 23:13:47,813 INFO usbguard.file_monitor: File event recorded: created /tmp/usbguard-filemonitor-22ek5xse/events.db-journal
2026-07-31 23:13:47,813 INFO usbguard.file_monitor: File event recorded: modified /tmp/usbguard-filemonitor-22ek5xse/events.db-journal
2026-07-31 23:13:47,831 INFO usbguard: File event modified scanned: /tmp/usbguard-filemonitor-22ek5xse/events.db (risk=0.0)
2026-07-31 23:13:47,832 INFO usbguard.file_monitor: File event recorded: modified /tmp/usbguard-filemonitor-22ek5xse/events.db
2026-07-31 23:13:47,833 INFO usbguard.file_monitor: File event recorded: deleted /tmp/usbguard-filemonitor-22ek5xse/events.db-journal
2026-07-31 23:13:47,834 INFO usbguard.file_monitor: File event recorded: created /tmp/usbguard-filemonitor-22ek5xse/events.db-journal
2026-07-31 23:13:47,834 INFO usbguard.file_monitor: File event recorded: modified /tmp/usbguard-filemonitor-22ek5xse/events.db-journal
2026-07-31 23:13:47,852 INFO usbguard: File event modified scanned: /tmp/usbguard-filemonitor-22ek5xse/events.db (risk=0.0)
2026-07-31 23:13:47,853 INFO usbguard.file_monitor: File event recorded: modified /tmp/usbguard-filemonitor-22ek5xse/events.db
2026-07-31 23:13:47,854 INFO usbguard.file_monitor: File event recorded: deleted /tmp/usbguard-filemonitor-22ek5xse/events.db-journal
2026-07-31 23:13:47,854 INFO usbguard.file_monitor: File event recorded: created /tmp/usbguard-filemonitor-22ek5xse/events.db-journal
2026-07-31 23:13:47,855 INFO usbguard.file_monitor: File event recorded: modified /tmp/usbguard-filemonitor-22ek5xse/events.db-journal
2026-07-31 23:13:47,873 INFO usbguard: File event modified scanned: /tmp/usbguard-filemonitor-22ek5xse/events.db (risk=0.0)
2026-07-31 23:13:47,874 INFO usbguard.file_monitor: File event recorded: modified /tmp/usbguard-filemonitor-22ek5xse/events.db
2026-07-31 23:13:47,875 INFO usbguard.file_monitor: File event recorded: deleted /tmp/usbguard-filemonitor-22ek5xse/events.db-journal
2026-07-31 23:13:47,876 INFO usbguard.file_monitor: File event recorded: created /tmp/usbguard-filemonitor-22ek5xse/events.db-journal
2026-07-31 23:13:47,876 INFO usbguard.file_monitor: File event recorded: modified /tmp/usbguard-filemonitor-22ek5xse/events.db-journal
2026-07-31 23:13:47,895 INFO usbguard: File event modified scanned: /tmp/usbguard-filemonitor-22ek5xse/events.db (risk=0.0)
2026-07-31 23:13:47,896 INFO usbguard.file_monitor: File event recorded: modified /tmp/usbguard-filemonitor-22ek5xse/events.db
2026-07-31 23:13:47,897 INFO usbguard.file_monitor: File event recorded: deleted /tmp/usbguard-filemonitor-22ek5xse/events.db-journal
2026-07-31 23:13:47,897 INFO usbguard.file_monitor: File event recorded: created /tmp/usbguard-filemonitor-22ek5xse/events.db-journal
2026-07-31 23:13:47,898 INFO usbguard.file_monitor: File event recorded: modified /tmp/usbguard-filemonitor-22ek5xse/events.db-journal
2026-07-31 23:13:47,919 INFO usbguard: File event modified scanned: /tmp/usbguard-filemonitor-22ek5xse/events.db (risk=0.0)
2026-07-31 23:13:47,920 INFO usbguard.file_monitor: File event recorded: modified /tmp/usbguard-filemonitor-22ek5xse/events.db
2026-07-31 23:13:47,921 INFO usbguard.file_monitor: File event recorded: deleted /tmp/usbguard-filemonitor-22ek5xse/events.db-journal
2026-07-31 23:13:47,921 INFO usbguard.file_monitor: File event recorded: created /tmp/usbguard-filemonitor-22ek5xse/events.db-journal
2026-07-31 23:13:47,922 INFO usbguard.file_monitor: File event recorded: modified /tmp/usbguard-filemonitor-22ek5xse/events.db-journal
2026-07-31 23:13:47,941 INFO usbguard: File event modified scanned: /tmp/usbguard-filemonitor-22ek5xse/events.db (risk=0.0)
2026-07-31 23:13:47,942 INFO usbguard.file_monitor: File event recorded: modified /tmp/usbguard-filemonitor-22ek5xse/events.db
2026-07-31 23:13:47,942 INFO usbguard.file_monitor: File event recorded: deleted /tmp/usbguard-filemonitor-22ek5xse/events.db-journal
2026-07-31 23:13:47,943 INFO usbguard.file_monitor: File event recorded: created /tmp/usbguard-filemonitor-22ek5xse/events.db-journal
2026-07-31 23:13:47,944 INFO usbguard.file_monitor: File event recorded: modified /tmp/usbguard-filemonitor-22ek5xse/events.db-journal
2026-07-31 23:13:47,962 INFO usbguard: File event modified scanned: /tmp/usbguard-filemonitor-22ek5xse/events.db (risk=0.0)
2026-07-31 23:13:47,963 INFO usbguard.file_monitor: File event recorded: modified /tmp/usbguard-filemonitor-22ek5xse/events.db
2026-07-31 23:13:47,964 INFO usbguard.file_monitor: File event recorded: deleted /tmp/usbguard-filemonitor-22ek5xse/events.db-journal
2026-07-31 23:13:47,964 INFO usbguard.file_monitor: File event recorded: created /tmp/usbguard-filemonitor-22ek5xse/events.db-journal
2026-07-31 23:13:47,965 INFO usbguard.file_monitor: File event recorded: modified /tmp/usbguard-filemonitor-22ek5xse/events.db-journal
2026-07-31 23:13:47,984 INFO usbguard: File event modified scanned: /tmp/usbguard-filemonitor-22ek5xse/events.db (risk=0.0)
2026-07-31 23:13:47,985 INFO usbguard.file_monitor: File event recorded: modified /tmp/usbguard-filemonitor-22ek5xse/events.db
2026-07-31 23:13:47,986 INFO usbguard.file_monitor: File event recorded: deleted /tmp/usbguard-filemonitor-22ek5xse/events.db-journal
2026-07-31 23:13:47,986 INFO usbguard.file_monitor: File event recorded: created /tmp/usbguard-filemonitor-22ek5xse/events.db-journal
2026-07-31 23:13:47,987 INFO usbguard.file_monitor: File event recorded: modified /tmp/usbguard-filemonitor-22ek5xse/events.db-journal
2026-07-31 23:13:48,006 INFO usbguard: File event modified scanned: /tmp/usbguard-filemonitor-22ek5xse/events.db (risk=0.0)
2026-07-31 23:13:48,007 INFO usbguard.file_monitor: File event recorded: modified /tmp/usbguard-filemonitor-22ek5xse/events.db
2026-07-31 23:13:48,007 INFO usbguard.file_monitor: File event recorded: deleted /tmp/usbguard-filemonitor-22ek5xse/events.db-journal
2026-07-31 23:13:48,008 INFO usbguard.file_monitor: File event recorded: created /tmp/usbguard-filemonitor-22ek5xse/events.db-journal
2026-07-31 23:13:48,009 INFO usbguard.file_monitor: File event recorded: modified /tmp/usbguard-filemonitor-22ek5xse/events.db-journal
2026-07-31 23:13:48,028 INFO usbguard: File event modified scanned: /tmp/usbguard-filemonitor-22ek5xse/events.db (risk=0.0)
2026-07-31 23:13:48,029 INFO usbguard.file_monitor: File event recorded: modified /tmp/usbguard-filemonitor-22ek5xse/events.db
2026-07-31 23:13:48,030 INFO usbguard.file_monitor: File event recorded: deleted /tmp/usbguard-filemonitor-22ek5xse/events.db-journal
2026-07-31 23:13:48,031 INFO usbguard.file_monitor: File event recorded: created /tmp/usbguard-filemonitor-22ek5xse/events.db-journal
2026-07-31 23:13:48,031 INFO usbguard.file_monitor: File event recorded: modified /tmp/usbguard-filemonitor-22ek5xse/events.db-journal
2026-07-31 23:13:48,050 INFO usbguard: File event modified scanned: /tmp/usbguard-filemonitor-22ek5xse/events.db (risk=0.0)
2026-07-31 23:13:48,052 INFO usbguard.file_monitor: File event recorded: modified /tmp/usbguard-filemonitor-22ek5xse/events.db
2026-07-31 23:13:48,052 INFO usbguard.file_monitor: File event recorded: deleted /tmp/usbguard-filemonitor-22ek5xse/events.db-journal
2026-07-31 23:13:48,053 INFO usbguard.file_monitor: File event recorded: created /tmp/usbguard-filemonitor-22ek5xse/events.db-journal
2026-07-31 23:13:48,053 INFO usbguard.file_monitor: File event recorded: modified /tmp/usbguard-filemonitor-22ek5xse/events.db-journal
2026-07-31 23:13:48,072 INFO usbguard: File event modified scanned: /tmp/usbguard-filemonitor-22ek5xse/events.db (risk=0.0)
2026-07-31 23:13:48,073 INFO usbguard.file_monitor: File event recorded: modified /tmp/usbguard-filemonitor-22ek5xse/events.db
2026-07-31 23:13:48,074 INFO usbguard.file_monitor: File event recorded: deleted /tmp/usbguard-filemonitor-22ek5xse/events.db-journal
2026-07-31 23:13:48,075 INFO usbguard.file_monitor: File event recorded: created /tmp/usbguard-filemonitor-22ek5xse/events.db-journal
2026-07-31 23:13:48,075 INFO usbguard.file_monitor: File event recorded: modified /tmp/usbguard-filemonitor-22ek5xse/events.db-journal
2026-07-31 23:13:48,094 INFO usbguard: File event modified scanned: /tmp/usbguard-filemonitor-22ek5xse/events.db (risk=0.0)
2026-07-31 23:13:48,096 INFO usbguard.file_monitor: File event recorded: modified /tmp/usbguard-filemonitor-22ek5xse/events.db
2026-07-31 23:13:48,096 INFO usbguard.file_monitor: File event recorded: deleted /tmp/usbguard-filemonitor-22ek5xse/events.db-journal
2026-07-31 23:13:48,097 INFO usbguard.file_monitor: File event recorded: created /tmp/usbguard-filemonitor-22ek5xse/events.db-journal
2026-07-31 23:13:48,097 INFO usbguard.file_monitor: File event recorded: modified /tmp/usbguard-filemonitor-22ek5xse/events.db-journal
2026-07-31 23:13:48,116 INFO usbguard: File event modified scanned: /tmp/usbguard-filemonitor-22ek5xse/events.db (risk=0.0)
2026-07-31 23:13:48,117 INFO usbguard.file_monitor: File event recorded: modified /tmp/usbguard-filemonitor-22ek5xse/events.db
2026-07-31 23:13:48,117 INFO usbguard.file_monitor: File event recorded: deleted /tmp/usbguard-filemonitor-22ek5xse/events.db-journal
2026-07-31 23:13:48,118 INFO usbguard.file_monitor: File event recorded: created /tmp/usbguard-filemonitor-22ek5xse/events.db-journal
2026-07-31 23:13:48,119 INFO usbguard.file_monitor: File event recorded: modified /tmp/usbguard-filemonitor-22ek5xse/events.db-journal
2026-07-31 23:13:48,138 INFO usbguard: File event modified scanned: /tmp/usbguard-filemonitor-22ek5xse/events.db (risk=0.0)
2026-07-31 23:13:48,139 INFO usbguard.file_monitor: File event recorded: modified /tmp/usbguard-filemonitor-22ek5xse/events.db
2026-07-31 23:13:48,140 INFO usbguard.file_monitor: File event recorded: deleted /tmp/usbguard-filemonitor-22ek5xse/events.db-journal
2026-07-31 23:13:48,141 INFO usbguard.file_monitor: File event recorded: created /tmp/usbguard-filemonitor-22ek5xse/events.db-journal
2026-07-31 23:13:48,141 INFO usbguard.file_monitor: File event recorded: modified /tmp/usbguard-filemonitor-22ek5xse/events.db-journal
2026-07-31 23:13:48,161 INFO usbguard: File event modified scanned: /tmp/usbguard-filemonitor-22ek5xse/events.db (risk=0.0)
2026-07-31 23:13:48,163 INFO usbguard.file_monitor: File event recorded: modified /tmp/usbguard-filemonitor-22ek5xse/events.db
2026-07-31 23:13:48,164 INFO usbguard.file_monitor: File event recorded: deleted /tmp/usbguard-filemonitor-22ek5xse/events.db-journal
2026-07-31 23:13:48,164 INFO usbguard.file_monitor: File event recorded: created /tmp/usbguard-filemonitor-22ek5xse/events.db-journal
2026-07-31 23:13:48,165 INFO usbguard.file_monitor: File event recorded: modified /tmp/usbguard-filemonitor-22ek5xse/events.db-journal
2026-07-31 23:13:48,185 INFO usbguard: File event modified scanned: /tmp/usbguard-filemonitor-22ek5xse/events.db (risk=0.0)
2026-07-31 23:13:48,186 INFO usbguard.file_monitor: File event recorded: modified /tmp/usbguard-filemonitor-22ek5xse/events.db
2026-07-31 23:13:48,187 INFO usbguard.file_monitor: File event recorded: deleted /tmp/usbguard-filemonitor-22ek5xse/events.db-journal
2026-07-31 23:13:48,187 INFO usbguard.file_monitor: File event recorded: created /tmp/usbguard-filemonitor-22ek5xse/events.db-journal
2026-07-31 23:13:48,188 INFO usbguard.file_monitor: File event recorded: modified /tmp/usbguard-filemonitor-22ek5xse/events.db-journal
2026-07-31 23:13:48,208 INFO usbguard: File event modified scanned: /tmp/usbguard-filemonitor-22ek5xse/events.db (risk=0.0)
2026-07-31 23:13:48,209 INFO usbguard.file_monitor: File event recorded: modified /tmp/usbguard-filemonitor-22ek5xse/events.db
2026-07-31 23:13:48,210 INFO usbguard.file_monitor: File event recorded: deleted /tmp/usbguard-filemonitor-22ek5xse/events.db-journal
2026-07-31 23:13:48,211 INFO usbguard.file_monitor: File event recorded: created /tmp/usbguard-filemonitor-22ek5xse/events.db-journal
2026-07-31 23:13:48,211 INFO usbguard.file_monitor: File event recorded: modified /tmp/usbguard-filemonitor-22ek5xse/events.db-journal
2026-07-31 23:13:48,232 INFO usbguard: File event modified scanned: /tmp/usbguard-filemonitor-22ek5xse/events.db (risk=0.0)
2026-07-31 23:13:48,233 INFO usbguard.file_monitor: File event recorded: modified /tmp/usbguard-filemonitor-22ek5xse/events.db
2026-07-31 23:13:48,234 INFO usbguard.file_monitor: File event recorded: deleted /tmp/usbguard-filemonitor-22ek5xse/events.db-journal
2026-07-31 23:13:48,234 INFO usbguard.file_monitor: File event recorded: created /tmp/usbguard-filemonitor-22ek5xse/events.db-journal
2026-07-31 23:13:48,235 INFO usbguard.file_monitor: File event recorded: modified /tmp/usbguard-filemonitor-22ek5xse/events.db-journal
2026-07-31 23:13:48,254 INFO usbguard: File event modified scanned: /tmp/usbguard-filemonitor-22ek5xse/events.db (risk=0.0)
2026-07-31 23:13:48,255 INFO usbguard.file_monitor: File event recorded: modified /tmp/usbguard-filemonitor-22ek5xse/events.db
2026-07-31 23:13:48,257 INFO usbguard.file_monitor: File event recorded: deleted /tmp/usbguard-filemonitor-22ek5xse/events.db-journal
2026-07-31 23:13:48,259 INFO usbguard: test message
2026-07-31 23:14:03,232 INFO usbguard.file_monitor: File monitoring engine started with roots=['/tmp/usbguard-filemonitor-eai9kxfv']
2026-07-31 23:14:03,246 INFO usbguard: File event created scanned: /tmp/usbguard-filemonitor-eai9kxfv/sample.txt (risk=0.0)
2026-07-31 23:14:03,247 INFO usbguard.file_monitor: File event recorded: created /tmp/usbguard-filemonitor-eai9kxfv/sample.txt
2026-07-31 23:14:03,254 INFO usbguard: File event modified scanned: /tmp/usbguard-filemonitor-eai9kxfv/sample.txt (risk=0.0)
2026-07-31 23:14:03,255 INFO usbguard.file_monitor: File event recorded: modified /tmp/usbguard-filemonitor-eai9kxfv/sample.txt
2026-07-31 23:14:03,255 INFO usbguard.file_monitor: File event recorded: created /tmp/usbguard-filemonitor-eai9kxfv/events.db-journal
2026-07-31 23:14:03,256 INFO usbguard.file_monitor: File event recorded: modified /tmp/usbguard-filemonitor-eai9kxfv/events.db-journal
2026-07-31 23:14:03,264 INFO usbguard: File event modified scanned: /tmp/usbguard-filemonitor-eai9kxfv/events.db (risk=0.0)
2026-07-31 23:14:03,266 INFO usbguard.file_monitor: File event recorded: modified /tmp/usbguard-filemonitor-eai9kxfv/events.db
2026-07-31 23:14:03,266 INFO usbguard.file_monitor: File event recorded: deleted /tmp/usbguard-filemonitor-eai9kxfv/events.db-journal
2026-07-31 23:14:03,267 INFO usbguard.file_monitor: File event recorded: created /tmp/usbguard-filemonitor-eai9kxfv/events.db-journal
2026-07-31 23:14:03,267 INFO usbguard.file_monitor: File event recorded: modified /tmp/usbguard-filemonitor-eai9kxfv/events.db-journal
2026-07-31 23:14:03,276 INFO usbguard: File event modified scanned: /tmp/usbguard-filemonitor-eai9kxfv/events.db (risk=0.0)
2026-07-31 23:14:03,278 INFO usbguard.file_monitor: File event recorded: modified /tmp/usbguard-filemonitor-eai9kxfv/events.db
2026-07-31 23:14:03,278 INFO usbguard.file_monitor: File event recorded: deleted /tmp/usbguard-filemonitor-eai9kxfv/events.db-journal
2026-07-31 23:14:03,279 INFO usbguard.file_monitor: File event recorded: created /tmp/usbguard-filemonitor-eai9kxfv/events.db-journal
2026-07-31 23:14:03,279 INFO usbguard.file_monitor: File event recorded: modified /tmp/usbguard-filemonitor-eai9kxfv/events.db-journal
2026-07-31 23:14:03,288 INFO usbguard: File event modified scanned: /tmp/usbguard-filemonitor-eai9kxfv/events.db (risk=0.0)
2026-07-31 23:14:03,289 INFO usbguard.file_monitor: File event recorded: modified /tmp/usbguard-filemonitor-eai9kxfv/events.db
2026-07-31 23:14:03,289 INFO usbguard.file_monitor: File event recorded: deleted /tmp/usbguard-filemonitor-eai9kxfv/events.db-journal
2026-07-31 23:14:03,290 INFO usbguard.file_monitor: File event recorded: created /tmp/usbguard-filemonitor-eai9kxfv/events.db-journal
2026-07-31 23:14:03,290 INFO usbguard.file_monitor: File event recorded: modified /tmp/usbguard-filemonitor-eai9kxfv/events.db-journal
2026-07-31 23:14:03,299 INFO usbguard: File event modified scanned: /tmp/usbguard-filemonitor-eai9kxfv/events.db (risk=0.0)
2026-07-31 23:14:03,300 INFO usbguard.file_monitor: File event recorded: modified /tmp/usbguard-filemonitor-eai9kxfv/events.db
2026-07-31 23:14:03,300 INFO usbguard.file_monitor: File event recorded: deleted /tmp/usbguard-filemonitor-eai9kxfv/events.db-journal
2026-07-31 23:14:03,301 INFO usbguard.file_monitor: File event recorded: created /tmp/usbguard-filemonitor-eai9kxfv/events.db-journal
2026-07-31 23:14:03,301 INFO usbguard.file_monitor: File event recorded: modified /tmp/usbguard-filemonitor-eai9kxfv/events.db-journal
2026-07-31 23:14:03,311 INFO usbguard: File event modified scanned: /tmp/usbguard-filemonitor-eai9kxfv/events.db (risk=0.0)
2026-07-31 23:14:03,312 INFO usbguard.file_monitor: File event recorded: modified /tmp/usbguard-filemonitor-eai9kxfv/events.db
2026-07-31 23:14:03,313 INFO usbguard.file_monitor: File event recorded: deleted /tmp/usbguard-filemonitor-eai9kxfv/events.db-journal
2026-07-31 23:14:03,313 INFO usbguard.file_monitor: File event recorded: created /tmp/usbguard-filemonitor-eai9kxfv/events.db-journal
2026-07-31 23:14:03,314 INFO usbguard.file_monitor: File event recorded: modified /tmp/usbguard-filemonitor-eai9kxfv/events.db-journal
2026-07-31 23:14:03,323 INFO usbguard: File event modified scanned: /tmp/usbguard-filemonitor-eai9kxfv/events.db (risk=0.0)
2026-07-31 23:14:03,324 INFO usbguard.file_monitor: File event recorded: modified /tmp/usbguard-filemonitor-eai9kxfv/events.db
2026-07-31 23:14:03,324 INFO usbguard.file_monitor: File event recorded: deleted /tmp/usbguard-filemonitor-eai9kxfv/events.db-journal
2026-07-31 23:14:03,325 INFO usbguard.file_monitor: File event recorded: created /tmp/usbguard-filemonitor-eai9kxfv/events.db-journal
2026-07-31 23:14:03,325 INFO usbguard.file_monitor: File event recorded: modified /tmp/usbguard-filemonitor-eai9kxfv/events.db-journal
2026-07-31 23:14:03,334 INFO usbguard: File event modified scanned: /tmp/usbguard-filemonitor-eai9kxfv/events.db (risk=0.0)
2026-07-31 23:14:03,335 INFO usbguard.file_monitor: File event recorded: modified /tmp/usbguard-filemonitor-eai9kxfv/events.db
2026-07-31 23:14:03,336 INFO usbguard.file_monitor: File event recorded: deleted /tmp/usbguard-filemonitor-eai9kxfv/events.db-journal
2026-07-31 23:14:03,337 INFO usbguard.file_monitor: File event recorded: created /tmp/usbguard-filemonitor-eai9kxfv/events.db-journal
2026-07-31 23:14:03,337 INFO usbguard.file_monitor: File event recorded: modified /tmp/usbguard-filemonitor-eai9kxfv/events.db-journal
2026-07-31 23:14:03,347 INFO usbguard: File event modified scanned: /tmp/usbguard-filemonitor-eai9kxfv/events.db (risk=0.0)
2026-07-31 23:14:03,348 INFO usbguard.file_monitor: File event recorded: modified /tmp/usbguard-filemonitor-eai9kxfv/events.db
2026-07-31 23:14:03,348 INFO usbguard.file_monitor: File event recorded: deleted /tmp/usbguard-filemonitor-eai9kxfv/events.db-journal
2026-07-31 23:14:03,349 INFO usbguard.file_monitor: File event recorded: created /tmp/usbguard-filemonitor-eai9kxfv/events.db-journal
2026-07-31 23:14:03,349 INFO usbguard.file_monitor: File event recorded: modified /tmp/usbguard-filemonitor-eai9kxfv/events.db-journal
2026-07-31 23:14:03,359 INFO usbguard: File event modified scanned: /tmp/usbguard-filemonitor-eai9kxfv/events.db (risk=0.0)
2026-07-31 23:14:03,360 INFO usbguard.file_monitor: File event recorded: modified /tmp/usbguard-filemonitor-eai9kxfv/events.db
2026-07-31 23:14:03,361 INFO usbguard.file_monitor: File event recorded: deleted /tmp/usbguard-filemonitor-eai9kxfv/events.db-journal
2026-07-31 23:14:03,362 INFO usbguard.file_monitor: File event recorded: created /tmp/usbguard-filemonitor-eai9kxfv/events.db-journal
2026-07-31 23:14:03,363 INFO usbguard.file_monitor: File event recorded: modified /tmp/usbguard-filemonitor-eai9kxfv/events.db-journal
2026-07-31 23:14:03,372 INFO usbguard: File event modified scanned: /tmp/usbguard-filemonitor-eai9kxfv/events.db (risk=0.0)
2026-07-31 23:14:03,373 INFO usbguard.file_monitor: File event recorded: modified /tmp/usbguard-filemonitor-eai9kxfv/events.db
2026-07-31 23:14:03,373 INFO usbguard.file_monitor: File event recorded: deleted /tmp/usbguard-filemonitor-eai9kxfv/events.db-journal
2026-07-31 23:14:03,374 INFO usbguard.file_monitor: File event recorded: created /tmp/usbguard-filemonitor-eai9kxfv/events.db-journal
2026-07-31 23:14:03,374 INFO usbguard.file_monitor: File event recorded: modified /tmp/usbguard-filemonitor-eai9kxfv/events.db-journal
2026-07-31 23:14:03,385 INFO usbguard: File event modified scanned: /tmp/usbguard-filemonitor-eai9kxfv/events.db (risk=0.0)
2026-07-31 23:14:03,386 INFO usbguard.file_monitor: File event recorded: modified /tmp/usbguard-filemonitor-eai9kxfv/events.db
2026-07-31 23:14:03,386 INFO usbguard.file_monitor: File event recorded: deleted /tmp/usbguard-filemonitor-eai9kxfv/events.db-journal
2026-07-31 23:14:03,387 INFO usbguard.file_monitor: File event recorded: created /tmp/usbguard-filemonitor-eai9kxfv/events.db-journal
2026-07-31 23:14:03,387 INFO usbguard.file_monitor: File event recorded: modified /tmp/usbguard-filemonitor-eai9kxfv/events.db-journal
2026-07-31 23:14:03,397 INFO usbguard: File event modified scanned: /tmp/usbguard-filemonitor-eai9kxfv/events.db (risk=0.0)
2026-07-31 23:14:03,398 INFO usbguard.file_monitor: File event recorded: modified /tmp/usbguard-filemonitor-eai9kxfv/events.db
2026-07-31 23:14:03,399 INFO usbguard.file_monitor: File event recorded: deleted /tmp/usbguard-filemonitor-eai9kxfv/events.db-journal
2026-07-31 23:14:03,399 INFO usbguard.file_monitor: File event recorded: created /tmp/usbguard-filemonitor-eai9kxfv/events.db-journal
2026-07-31 23:14:03,400 INFO usbguard.file_monitor: File event recorded: modified /tmp/usbguard-filemonitor-eai9kxfv/events.db-journal
2026-07-31 23:14:03,412 INFO usbguard: File event modified scanned: /tmp/usbguard-filemonitor-eai9kxfv/events.db (risk=0.0)
2026-07-31 23:14:03,413 INFO usbguard.file_monitor: File event recorded: modified /tmp/usbguard-filemonitor-eai9kxfv/events.db
2026-07-31 23:14:03,414 INFO usbguard.file_monitor: File event recorded: deleted /tmp/usbguard-filemonitor-eai9kxfv/events.db-journal
2026-07-31 23:14:03,415 INFO usbguard.file_monitor: File event recorded: created /tmp/usbguard-filemonitor-eai9kxfv/events.db-journal
2026-07-31 23:14:03,415 INFO usbguard.file_monitor: File event recorded: modified /tmp/usbguard-filemonitor-eai9kxfv/events.db-journal
2026-07-31 23:14:03,427 INFO usbguard: File event modified scanned: /tmp/usbguard-filemonitor-eai9kxfv/events.db (risk=0.0)
2026-07-31 23:14:03,428 INFO usbguard.file_monitor: File event recorded: modified /tmp/usbguard-filemonitor-eai9kxfv/events.db
2026-07-31 23:14:03,429 INFO usbguard.file_monitor: File event recorded: deleted /tmp/usbguard-filemonitor-eai9kxfv/events.db-journal
2026-07-31 23:14:03,429 INFO usbguard.file_monitor: File event recorded: created /tmp/usbguard-filemonitor-eai9kxfv/events.db-journal
2026-07-31 23:14:03,430 INFO usbguard.file_monitor: File event recorded: modified /tmp/usbguard-filemonitor-eai9kxfv/events.db-journal
2026-07-31 23:14:03,441 INFO usbguard: File event modified scanned: /tmp/usbguard-filemonitor-eai9kxfv/events.db (risk=0.0)
2026-07-31 23:14:03,442 INFO usbguard.file_monitor: File event recorded: modified /tmp/usbguard-filemonitor-eai9kxfv/events.db
2026-07-31 23:14:03,442 INFO usbguard.file_monitor: File event recorded: deleted /tmp/usbguard-filemonitor-eai9kxfv/events.db-journal
2026-07-31 23:14:03,443 INFO usbguard.file_monitor: File event recorded: created /tmp/usbguard-filemonitor-eai9kxfv/events.db-journal
2026-07-31 23:14:03,444 INFO usbguard.file_monitor: File event recorded: modified /tmp/usbguard-filemonitor-eai9kxfv/events.db-journal
2026-07-31 23:14:03,453 INFO usbguard: File event modified scanned: /tmp/usbguard-filemonitor-eai9kxfv/events.db (risk=0.0)
2026-07-31 23:14:03,455 INFO usbguard.file_monitor: File event recorded: modified /tmp/usbguard-filemonitor-eai9kxfv/events.db
2026-07-31 23:14:03,455 INFO usbguard.file_monitor: File event recorded: deleted /tmp/usbguard-filemonitor-eai9kxfv/events.db-journal
2026-07-31 23:14:03,456 INFO usbguard.file_monitor: File event recorded: created /tmp/usbguard-filemonitor-eai9kxfv/events.db-journal
2026-07-31 23:14:03,456 INFO usbguard.file_monitor: File event recorded: modified /tmp/usbguard-filemonitor-eai9kxfv/events.db-journal
2026-07-31 23:14:03,466 INFO usbguard: File event modified scanned: /tmp/usbguard-filemonitor-eai9kxfv/events.db (risk=0.0)
2026-07-31 23:14:03,467 INFO usbguard.file_monitor: File event recorded: modified /tmp/usbguard-filemonitor-eai9kxfv/events.db
2026-07-31 23:14:03,468 INFO usbguard.file_monitor: File event recorded: deleted /tmp/usbguard-filemonitor-eai9kxfv/events.db-journal
2026-07-31 23:14:03,468 INFO usbguard.file_monitor: File event recorded: created /tmp/usbguard-filemonitor-eai9kxfv/events.db-journal
2026-07-31 23:14:03,469 INFO usbguard.file_monitor: File event recorded: modified /tmp/usbguard-filemonitor-eai9kxfv/events.db-journal
2026-07-31 23:14:03,480 INFO usbguard: File event modified scanned: /tmp/usbguard-filemonitor-eai9kxfv/events.db (risk=0.0)
2026-07-31 23:14:03,481 INFO usbguard.file_monitor: File event recorded: modified /tmp/usbguard-filemonitor-eai9kxfv/events.db
2026-07-31 23:14:03,482 INFO usbguard.file_monitor: File event recorded: deleted /tmp/usbguard-filemonitor-eai9kxfv/events.db-journal
2026-07-31 23:14:03,482 INFO usbguard.file_monitor: File event recorded: created /tmp/usbguard-filemonitor-eai9kxfv/events.db-journal
2026-07-31 23:14:03,483 INFO usbguard.file_monitor: File event recorded: modified /tmp/usbguard-filemonitor-eai9kxfv/events.db-journal
2026-07-31 23:14:03,493 INFO usbguard: File event modified scanned: /tmp/usbguard-filemonitor-eai9kxfv/events.db (risk=0.0)
2026-07-31 23:14:03,494 INFO usbguard.file_monitor: File event recorded: modified /tmp/usbguard-filemonitor-eai9kxfv/events.db
2026-07-31 23:14:03,495 INFO usbguard.file_monitor: File event recorded: deleted /tmp/usbguard-filemonitor-eai9kxfv/events.db-journal
2026-07-31 23:14:03,495 INFO usbguard.file_monitor: File event recorded: created /tmp/usbguard-filemonitor-eai9kxfv/events.db-journal
2026-07-31 23:14:03,496 INFO usbguard.file_monitor: File event recorded: modified /tmp/usbguard-filemonitor-eai9kxfv/events.db-journal
2026-07-31 23:14:03,506 INFO usbguard: File event modified scanned: /tmp/usbguard-filemonitor-eai9kxfv/events.db (risk=0.0)
2026-07-31 23:14:03,507 INFO usbguard.file_monitor: File event recorded: modified /tmp/usbguard-filemonitor-eai9kxfv/events.db
2026-07-31 23:14:03,508 INFO usbguard.file_monitor: File event recorded: deleted /tmp/usbguard-filemonitor-eai9kxfv/events.db-journal
2026-07-31 23:14:03,508 INFO usbguard.file_monitor: File event recorded: created /tmp/usbguard-filemonitor-eai9kxfv/events.db-journal
2026-07-31 23:14:03,509 INFO usbguard.file_monitor: File event recorded: modified /tmp/usbguard-filemonitor-eai9kxfv/events.db-journal
2026-07-31 23:14:03,521 INFO usbguard: File event modified scanned: /tmp/usbguard-filemonitor-eai9kxfv/events.db (risk=0.0)
2026-07-31 23:14:03,523 INFO usbguard.file_monitor: File event recorded: modified /tmp/usbguard-filemonitor-eai9kxfv/events.db
2026-07-31 23:14:03,523 INFO usbguard.file_monitor: File event recorded: deleted /tmp/usbguard-filemonitor-eai9kxfv/events.db-journal
2026-07-31 23:14:03,524 INFO usbguard.file_monitor: File event recorded: created /tmp/usbguard-filemonitor-eai9kxfv/events.db-journal
2026-07-31 23:14:03,524 INFO usbguard.file_monitor: File event recorded: modified /tmp/usbguard-filemonitor-eai9kxfv/events.db-journal
2026-07-31 23:14:03,535 INFO usbguard: File event modified scanned: /tmp/usbguard-filemonitor-eai9kxfv/events.db (risk=0.0)
2026-07-31 23:14:03,536 INFO usbguard.file_monitor: File event recorded: modified /tmp/usbguard-filemonitor-eai9kxfv/events.db
2026-07-31 23:14:03,537 INFO usbguard.file_monitor: File event recorded: deleted /tmp/usbguard-filemonitor-eai9kxfv/events.db-journal
2026-07-31 23:14:03,538 INFO usbguard.file_monitor: File event recorded: created /tmp/usbguard-filemonitor-eai9kxfv/events.db-journal
2026-07-31 23:14:03,538 INFO usbguard.file_monitor: File event recorded: modified /tmp/usbguard-filemonitor-eai9kxfv/events.db-journal
2026-07-31 23:14:03,549 INFO usbguard: File event modified scanned: /tmp/usbguard-filemonitor-eai9kxfv/events.db (risk=0.0)
2026-07-31 23:14:03,550 INFO usbguard.file_monitor: File event recorded: modified /tmp/usbguard-filemonitor-eai9kxfv/events.db
2026-07-31 23:14:03,551 INFO usbguard.file_monitor: File event recorded: deleted /tmp/usbguard-filemonitor-eai9kxfv/events.db-journal
2026-07-31 23:14:03,551 INFO usbguard.file_monitor: File event recorded: created /tmp/usbguard-filemonitor-eai9kxfv/events.db-journal
2026-07-31 23:14:03,552 INFO usbguard.file_monitor: File event recorded: modified /tmp/usbguard-filemonitor-eai9kxfv/events.db-journal
2026-07-31 23:14:03,564 INFO usbguard: File event modified scanned: /tmp/usbguard-filemonitor-eai9kxfv/events.db (risk=0.0)
2026-07-31 23:14:03,566 INFO usbguard.file_monitor: File event recorded: modified /tmp/usbguard-filemonitor-eai9kxfv/events.db
2026-07-31 23:14:03,566 INFO usbguard.file_monitor: File event recorded: deleted /tmp/usbguard-filemonitor-eai9kxfv/events.db-journal
2026-07-31 23:14:03,567 INFO usbguard.file_monitor: File event recorded: created /tmp/usbguard-filemonitor-eai9kxfv/events.db-journal
2026-07-31 23:14:03,567 INFO usbguard.file_monitor: File event recorded: modified /tmp/usbguard-filemonitor-eai9kxfv/events.db-journal
2026-07-31 23:14:03,578 INFO usbguard: File event modified scanned: /tmp/usbguard-filemonitor-eai9kxfv/events.db (risk=0.0)
2026-07-31 23:14:03,579 INFO usbguard.file_monitor: File event recorded: modified /tmp/usbguard-filemonitor-eai9kxfv/events.db
2026-07-31 23:14:03,580 INFO usbguard.file_monitor: File event recorded: deleted /tmp/usbguard-filemonitor-eai9kxfv/events.db-journal
2026-07-31 23:14:03,580 INFO usbguard.file_monitor: File event recorded: created /tmp/usbguard-filemonitor-eai9kxfv/events.db-journal
2026-07-31 23:14:03,581 INFO usbguard.file_monitor: File event recorded: modified /tmp/usbguard-filemonitor-eai9kxfv/events.db-journal
2026-07-31 23:14:03,592 INFO usbguard: File event modified scanned: /tmp/usbguard-filemonitor-eai9kxfv/events.db (risk=0.0)
2026-07-31 23:14:03,593 INFO usbguard.file_monitor: File event recorded: modified /tmp/usbguard-filemonitor-eai9kxfv/events.db
2026-07-31 23:14:03,594 INFO usbguard.file_monitor: File event recorded: deleted /tmp/usbguard-filemonitor-eai9kxfv/events.db-journal
2026-07-31 23:14:03,594 INFO usbguard.file_monitor: File event recorded: created /tmp/usbguard-filemonitor-eai9kxfv/events.db-journal
2026-07-31 23:14:03,595 INFO usbguard.file_monitor: File event recorded: modified /tmp/usbguard-filemonitor-eai9kxfv/events.db-journal
2026-07-31 23:14:03,606 INFO usbguard: File event modified scanned: /tmp/usbguard-filemonitor-eai9kxfv/events.db (risk=0.0)
2026-07-31 23:14:03,607 INFO usbguard.file_monitor: File event recorded: modified /tmp/usbguard-filemonitor-eai9kxfv/events.db
2026-07-31 23:14:03,608 INFO usbguard.file_monitor: File event recorded: deleted /tmp/usbguard-filemonitor-eai9kxfv/events.db-journal
2026-07-31 23:14:03,608 INFO usbguard.file_monitor: File event recorded: created /tmp/usbguard-filemonitor-eai9kxfv/events.db-journal
2026-07-31 23:14:03,609 INFO usbguard.file_monitor: File event recorded: modified /tmp/usbguard-filemonitor-eai9kxfv/events.db-journal
2026-07-31 23:14:03,619 INFO usbguard: File event modified scanned: /tmp/usbguard-filemonitor-eai9kxfv/events.db (risk=0.0)
2026-07-31 23:14:03,621 INFO usbguard.file_monitor: File event recorded: modified /tmp/usbguard-filemonitor-eai9kxfv/events.db
2026-07-31 23:14:03,621 INFO usbguard.file_monitor: File event recorded: deleted /tmp/usbguard-filemonitor-eai9kxfv/events.db-journal
2026-07-31 23:14:03,622 INFO usbguard.file_monitor: File event recorded: created /tmp/usbguard-filemonitor-eai9kxfv/events.db-journal
2026-07-31 23:14:03,622 INFO usbguard.file_monitor: File event recorded: modified /tmp/usbguard-filemonitor-eai9kxfv/events.db-journal
2026-07-31 23:14:03,634 INFO usbguard: File event modified scanned: /tmp/usbguard-filemonitor-eai9kxfv/events.db (risk=0.0)
2026-07-31 23:14:03,636 INFO usbguard.file_monitor: File event recorded: modified /tmp/usbguard-filemonitor-eai9kxfv/events.db
2026-07-31 23:14:03,636 INFO usbguard.file_monitor: File event recorded: deleted /tmp/usbguard-filemonitor-eai9kxfv/events.db-journal
2026-07-31 23:14:03,637 INFO usbguard.file_monitor: File event recorded: created /tmp/usbguard-filemonitor-eai9kxfv/events.db-journal
2026-07-31 23:14:03,637 INFO usbguard.file_monitor: File event recorded: modified /tmp/usbguard-filemonitor-eai9kxfv/events.db-journal
2026-07-31 23:14:03,649 INFO usbguard: File event modified scanned: /tmp/usbguard-filemonitor-eai9kxfv/events.db (risk=0.0)
2026-07-31 23:14:03,650 INFO usbguard.file_monitor: File event recorded: modified /tmp/usbguard-filemonitor-eai9kxfv/events.db
2026-07-31 23:14:03,651 INFO usbguard.file_monitor: File event recorded: deleted /tmp/usbguard-filemonitor-eai9kxfv/events.db-journal
2026-07-31 23:14:03,651 INFO usbguard.file_monitor: File event recorded: created /tmp/usbguard-filemonitor-eai9kxfv/events.db-journal
2026-07-31 23:14:03,652 INFO usbguard.file_monitor: File event recorded: modified /tmp/usbguard-filemonitor-eai9kxfv/events.db-journal
2026-07-31 23:14:03,663 INFO usbguard: File event modified scanned: /tmp/usbguard-filemonitor-eai9kxfv/events.db (risk=0.0)
2026-07-31 23:14:03,664 INFO usbguard.file_monitor: File event recorded: modified /tmp/usbguard-filemonitor-eai9kxfv/events.db
2026-07-31 23:14:03,664 INFO usbguard.file_monitor: File event recorded: deleted /tmp/usbguard-filemonitor-eai9kxfv/events.db-journal
2026-07-31 23:14:03,665 INFO usbguard.file_monitor: File event recorded: created /tmp/usbguard-filemonitor-eai9kxfv/events.db-journal
2026-07-31 23:14:03,665 INFO usbguard.file_monitor: File event recorded: modified /tmp/usbguard-filemonitor-eai9kxfv/events.db-journal
2026-07-31 23:14:03,678 INFO usbguard: File event modified scanned: /tmp/usbguard-filemonitor-eai9kxfv/events.db (risk=0.0)
2026-07-31 23:14:03,679 INFO usbguard.file_monitor: File event recorded: modified /tmp/usbguard-filemonitor-eai9kxfv/events.db
2026-07-31 23:14:03,679 INFO usbguard.file_monitor: File event recorded: deleted /tmp/usbguard-filemonitor-eai9kxfv/events.db-journal
2026-07-31 23:14:03,680 INFO usbguard.file_monitor: File event recorded: created /tmp/usbguard-filemonitor-eai9kxfv/events.db-journal
2026-07-31 23:14:03,680 INFO usbguard.file_monitor: File event recorded: modified /tmp/usbguard-filemonitor-eai9kxfv/events.db-journal
2026-07-31 23:14:03,693 INFO usbguard: File event modified scanned: /tmp/usbguard-filemonitor-eai9kxfv/events.db (risk=0.0)
2026-07-31 23:14:03,694 INFO usbguard.file_monitor: File event recorded: modified /tmp/usbguard-filemonitor-eai9kxfv/events.db
2026-07-31 23:14:03,695 INFO usbguard.file_monitor: File event recorded: deleted /tmp/usbguard-filemonitor-eai9kxfv/events.db-journal
2026-07-31 23:14:03,695 INFO usbguard.file_monitor: File event recorded: created /tmp/usbguard-filemonitor-eai9kxfv/events.db-journal
2026-07-31 23:14:03,696 INFO usbguard.file_monitor: File event recorded: modified /tmp/usbguard-filemonitor-eai9kxfv/events.db-journal
2026-07-31 23:14:03,709 INFO usbguard: File event modified scanned: /tmp/usbguard-filemonitor-eai9kxfv/events.db (risk=0.0)
2026-07-31 23:14:03,710 INFO usbguard.file_monitor: File event recorded: modified /tmp/usbguard-filemonitor-eai9kxfv/events.db
2026-07-31 23:14:03,711 INFO usbguard.file_monitor: File event recorded: deleted /tmp/usbguard-filemonitor-eai9kxfv/events.db-journal
2026-07-31 23:14:03,711 INFO usbguard.file_monitor: File event recorded: created /tmp/usbguard-filemonitor-eai9kxfv/events.db-journal
2026-07-31 23:14:03,712 INFO usbguard.file_monitor: File event recorded: modified /tmp/usbguard-filemonitor-eai9kxfv/events.db-journal
2026-07-31 23:14:03,725 INFO usbguard: File event modified scanned: /tmp/usbguard-filemonitor-eai9kxfv/events.db (risk=0.0)
2026-07-31 23:14:03,726 INFO usbguard.file_monitor: File event recorded: modified /tmp/usbguard-filemonitor-eai9kxfv/events.db
2026-07-31 23:14:03,727 INFO usbguard.file_monitor: File event recorded: deleted /tmp/usbguard-filemonitor-eai9kxfv/events.db-journal
2026-07-31 23:14:03,727 INFO usbguard.file_monitor: File event recorded: created /tmp/usbguard-filemonitor-eai9kxfv/events.db-journal
2026-07-31 23:14:03,728 INFO usbguard.file_monitor: File event recorded: modified /tmp/usbguard-filemonitor-eai9kxfv/events.db-journal
2026-07-31 23:14:03,741 INFO usbguard: File event modified scanned: /tmp/usbguard-filemonitor-eai9kxfv/events.db (risk=0.0)
2026-07-31 23:14:03,742 INFO usbguard.file_monitor: File event recorded: modified /tmp/usbguard-filemonitor-eai9kxfv/events.db
2026-07-31 23:14:03,743 INFO usbguard.file_monitor: File event recorded: deleted /tmp/usbguard-filemonitor-eai9kxfv/events.db-journal
2026-07-31 23:14:03,743 INFO usbguard.file_monitor: File event recorded: created /tmp/usbguard-filemonitor-eai9kxfv/events.db-journal
2026-07-31 23:14:03,744 INFO usbguard.file_monitor: File event recorded: modified /tmp/usbguard-filemonitor-eai9kxfv/events.db-journal
2026-07-31 23:14:03,757 INFO usbguard: File event modified scanned: /tmp/usbguard-filemonitor-eai9kxfv/events.db (risk=0.0)
2026-07-31 23:14:03,759 INFO usbguard.file_monitor: File event recorded: modified /tmp/usbguard-filemonitor-eai9kxfv/events.db
2026-07-31 23:14:03,759 INFO usbguard.file_monitor: File event recorded: deleted /tmp/usbguard-filemonitor-eai9kxfv/events.db-journal
2026-07-31 23:14:03,760 INFO usbguard.file_monitor: File event recorded: created /tmp/usbguard-filemonitor-eai9kxfv/events.db-journal
2026-07-31 23:14:03,760 INFO usbguard.file_monitor: File event recorded: modified /tmp/usbguard-filemonitor-eai9kxfv/events.db-journal
2026-07-31 23:14:03,774 INFO usbguard: File event modified scanned: /tmp/usbguard-filemonitor-eai9kxfv/events.db (risk=0.0)
2026-07-31 23:14:03,775 INFO usbguard.file_monitor: File event recorded: modified /tmp/usbguard-filemonitor-eai9kxfv/events.db
2026-07-31 23:14:03,775 INFO usbguard.file_monitor: File event recorded: deleted /tmp/usbguard-filemonitor-eai9kxfv/events.db-journal
2026-07-31 23:14:03,776 INFO usbguard.file_monitor: File event recorded: created /tmp/usbguard-filemonitor-eai9kxfv/events.db-journal
2026-07-31 23:14:03,776 INFO usbguard.file_monitor: File event recorded: modified /tmp/usbguard-filemonitor-eai9kxfv/events.db-journal
2026-07-31 23:14:03,789 INFO usbguard: File event modified scanned: /tmp/usbguard-filemonitor-eai9kxfv/events.db (risk=0.0)
2026-07-31 23:14:03,790 INFO usbguard.file_monitor: File event recorded: modified /tmp/usbguard-filemonitor-eai9kxfv/events.db
2026-07-31 23:14:03,791 INFO usbguard.file_monitor: File event recorded: deleted /tmp/usbguard-filemonitor-eai9kxfv/events.db-journal
2026-07-31 23:14:03,791 INFO usbguard.file_monitor: File event recorded: created /tmp/usbguard-filemonitor-eai9kxfv/events.db-journal
2026-07-31 23:14:03,792 INFO usbguard.file_monitor: File event recorded: modified /tmp/usbguard-filemonitor-eai9kxfv/events.db-journal
2026-07-31 23:14:03,806 INFO usbguard: File event modified scanned: /tmp/usbguard-filemonitor-eai9kxfv/events.db (risk=0.0)
2026-07-31 23:14:03,807 INFO usbguard.file_monitor: File event recorded: modified /tmp/usbguard-filemonitor-eai9kxfv/events.db
2026-07-31 23:14:03,808 INFO usbguard.file_monitor: File event recorded: deleted /tmp/usbguard-filemonitor-eai9kxfv/events.db-journal
2026-07-31 23:14:03,808 INFO usbguard.file_monitor: File event recorded: created /tmp/usbguard-filemonitor-eai9kxfv/events.db-journal
2026-07-31 23:14:03,811 INFO usbguard.file_monitor: File event recorded: modified /tmp/usbguard-filemonitor-eai9kxfv/events.db-journal
2026-07-31 23:14:03,826 INFO usbguard: File event modified scanned: /tmp/usbguard-filemonitor-eai9kxfv/events.db (risk=0.0)
2026-07-31 23:14:03,827 INFO usbguard.file_monitor: File event recorded: modified /tmp/usbguard-filemonitor-eai9kxfv/events.db
2026-07-31 23:14:03,828 INFO usbguard.file_monitor: File event recorded: deleted /tmp/usbguard-filemonitor-eai9kxfv/events.db-journal
2026-07-31 23:14:03,829 INFO usbguard.file_monitor: File event recorded: created /tmp/usbguard-filemonitor-eai9kxfv/events.db-journal
2026-07-31 23:14:03,829 INFO usbguard.file_monitor: File event recorded: modified /tmp/usbguard-filemonitor-eai9kxfv/events.db-journal
2026-07-31 23:14:03,843 INFO usbguard: File event modified scanned: /tmp/usbguard-filemonitor-eai9kxfv/events.db (risk=0.0)
2026-07-31 23:14:03,845 INFO usbguard.file_monitor: File event recorded: modified /tmp/usbguard-filemonitor-eai9kxfv/events.db
2026-07-31 23:14:03,846 INFO usbguard.file_monitor: File event recorded: deleted /tmp/usbguard-filemonitor-eai9kxfv/events.db-journal
2026-07-31 23:14:03,846 INFO usbguard.file_monitor: File event recorded: created /tmp/usbguard-filemonitor-eai9kxfv/events.db-journal
2026-07-31 23:14:03,847 INFO usbguard.file_monitor: File event recorded: modified /tmp/usbguard-filemonitor-eai9kxfv/events.db-journal
2026-07-31 23:14:03,861 INFO usbguard: File event modified scanned: /tmp/usbguard-filemonitor-eai9kxfv/events.db (risk=0.0)
2026-07-31 23:14:03,862 INFO usbguard.file_monitor: File event recorded: modified /tmp/usbguard-filemonitor-eai9kxfv/events.db
2026-07-31 23:14:03,863 INFO usbguard.file_monitor: File event recorded: deleted /tmp/usbguard-filemonitor-eai9kxfv/events.db-journal
2026-07-31 23:14:03,864 INFO usbguard.file_monitor: File event recorded: created /tmp/usbguard-filemonitor-eai9kxfv/events.db-journal
2026-07-31 23:14:03,864 INFO usbguard.file_monitor: File event recorded: modified /tmp/usbguard-filemonitor-eai9kxfv/events.db-journal
2026-07-31 23:14:03,880 INFO usbguard: File event modified scanned: /tmp/usbguard-filemonitor-eai9kxfv/events.db (risk=0.0)
2026-07-31 23:14:03,881 INFO usbguard.file_monitor: File event recorded: modified /tmp/usbguard-filemonitor-eai9kxfv/events.db
2026-07-31 23:14:03,882 INFO usbguard.file_monitor: File event recorded: deleted /tmp/usbguard-filemonitor-eai9kxfv/events.db-journal
2026-07-31 23:14:03,882 INFO usbguard.file_monitor: File event recorded: created /tmp/usbguard-filemonitor-eai9kxfv/events.db-journal
2026-07-31 23:14:03,883 INFO usbguard.file_monitor: File event recorded: modified /tmp/usbguard-filemonitor-eai9kxfv/events.db-journal
2026-07-31 23:14:03,902 INFO usbguard: File event modified scanned: /tmp/usbguard-filemonitor-eai9kxfv/events.db (risk=0.0)
2026-07-31 23:14:03,903 INFO usbguard.file_monitor: File event recorded: modified /tmp/usbguard-filemonitor-eai9kxfv/events.db
2026-07-31 23:14:03,904 INFO usbguard.file_monitor: File event recorded: deleted /tmp/usbguard-filemonitor-eai9kxfv/events.db-journal
2026-07-31 23:14:03,904 INFO usbguard.file_monitor: File event recorded: created /tmp/usbguard-filemonitor-eai9kxfv/events.db-journal
2026-07-31 23:14:03,905 INFO usbguard.file_monitor: File event recorded: modified /tmp/usbguard-filemonitor-eai9kxfv/events.db-journal
2026-07-31 23:14:03,919 INFO usbguard: File event modified scanned: /tmp/usbguard-filemonitor-eai9kxfv/events.db (risk=0.0)
2026-07-31 23:14:03,920 INFO usbguard.file_monitor: File event recorded: modified /tmp/usbguard-filemonitor-eai9kxfv/events.db
2026-07-31 23:14:03,921 INFO usbguard.file_monitor: File event recorded: deleted /tmp/usbguard-filemonitor-eai9kxfv/events.db-journal
2026-07-31 23:14:03,921 INFO usbguard.file_monitor: File event recorded: created /tmp/usbguard-filemonitor-eai9kxfv/events.db-journal
2026-07-31 23:14:03,922 INFO usbguard.file_monitor: File event recorded: modified /tmp/usbguard-filemonitor-eai9kxfv/events.db-journal
2026-07-31 23:14:03,935 INFO usbguard: File event modified scanned: /tmp/usbguard-filemonitor-eai9kxfv/events.db (risk=0.0)
2026-07-31 23:14:03,937 INFO usbguard.file_monitor: File event recorded: modified /tmp/usbguard-filemonitor-eai9kxfv/events.db
2026-07-31 23:14:03,937 INFO usbguard.file_monitor: File event recorded: deleted /tmp/usbguard-filemonitor-eai9kxfv/events.db-journal
2026-07-31 23:14:03,938 INFO usbguard.file_monitor: File event recorded: created /tmp/usbguard-filemonitor-eai9kxfv/events.db-journal
2026-07-31 23:14:03,939 INFO usbguard.file_monitor: File event recorded: modified /tmp/usbguard-filemonitor-eai9kxfv/events.db-journal
2026-07-31 23:14:03,954 INFO usbguard: File event modified scanned: /tmp/usbguard-filemonitor-eai9kxfv/events.db (risk=0.0)
2026-07-31 23:14:03,955 INFO usbguard.file_monitor: File event recorded: modified /tmp/usbguard-filemonitor-eai9kxfv/events.db
2026-07-31 23:14:03,955 INFO usbguard.file_monitor: File event recorded: deleted /tmp/usbguard-filemonitor-eai9kxfv/events.db-journal
2026-07-31 23:14:03,956 INFO usbguard.file_monitor: File event recorded: created /tmp/usbguard-filemonitor-eai9kxfv/events.db-journal
2026-07-31 23:14:03,956 INFO usbguard.file_monitor: File event recorded: modified /tmp/usbguard-filemonitor-eai9kxfv/events.db-journal
2026-07-31 23:14:03,970 INFO usbguard: File event modified scanned: /tmp/usbguard-filemonitor-eai9kxfv/events.db (risk=0.0)
2026-07-31 23:14:03,971 INFO usbguard.file_monitor: File event recorded: modified /tmp/usbguard-filemonitor-eai9kxfv/events.db
2026-07-31 23:14:03,972 INFO usbguard.file_monitor: File event recorded: deleted /tmp/usbguard-filemonitor-eai9kxfv/events.db-journal
2026-07-31 23:14:03,973 INFO usbguard.file_monitor: File event recorded: created /tmp/usbguard-filemonitor-eai9kxfv/events.db-journal
2026-07-31 23:14:03,973 INFO usbguard.file_monitor: File event recorded: modified /tmp/usbguard-filemonitor-eai9kxfv/events.db-journal
2026-07-31 23:14:03,988 INFO usbguard: File event modified scanned: /tmp/usbguard-filemonitor-eai9kxfv/events.db (risk=0.0)
2026-07-31 23:14:03,989 INFO usbguard.file_monitor: File event recorded: modified /tmp/usbguard-filemonitor-eai9kxfv/events.db
2026-07-31 23:14:03,990 INFO usbguard.file_monitor: File event recorded: deleted /tmp/usbguard-filemonitor-eai9kxfv/events.db-journal
2026-07-31 23:14:03,990 INFO usbguard.file_monitor: File event recorded: created /tmp/usbguard-filemonitor-eai9kxfv/events.db-journal
2026-07-31 23:14:03,991 INFO usbguard.file_monitor: File event recorded: modified /tmp/usbguard-filemonitor-eai9kxfv/events.db-journal
2026-07-31 23:14:04,005 INFO usbguard: File event modified scanned: /tmp/usbguard-filemonitor-eai9kxfv/events.db (risk=0.0)
2026-07-31 23:14:04,006 INFO usbguard.file_monitor: File event recorded: modified /tmp/usbguard-filemonitor-eai9kxfv/events.db
2026-07-31 23:14:04,007 INFO usbguard.file_monitor: File event recorded: deleted /tmp/usbguard-filemonitor-eai9kxfv/events.db-journal
2026-07-31 23:14:04,008 INFO usbguard.file_monitor: File event recorded: created /tmp/usbguard-filemonitor-eai9kxfv/events.db-journal
2026-07-31 23:14:04,008 INFO usbguard.file_monitor: File event recorded: modified /tmp/usbguard-filemonitor-eai9kxfv/events.db-journal
2026-07-31 23:14:04,022 INFO usbguard: File event modified scanned: /tmp/usbguard-filemonitor-eai9kxfv/events.db (risk=0.0)
2026-07-31 23:14:04,023 INFO usbguard.file_monitor: File event recorded: modified /tmp/usbguard-filemonitor-eai9kxfv/events.db
2026-07-31 23:14:04,024 INFO usbguard.file_monitor: File event recorded: deleted /tmp/usbguard-filemonitor-eai9kxfv/events.db-journal
2026-07-31 23:14:04,025 INFO usbguard.file_monitor: File event recorded: created /tmp/usbguard-filemonitor-eai9kxfv/events.db-journal
2026-07-31 23:14:04,025 INFO usbguard.file_monitor: File event recorded: modified /tmp/usbguard-filemonitor-eai9kxfv/events.db-journal
2026-07-31 23:14:04,039 INFO usbguard: File event modified scanned: /tmp/usbguard-filemonitor-eai9kxfv/events.db (risk=0.0)
2026-07-31 23:14:04,040 INFO usbguard.file_monitor: File event recorded: modified /tmp/usbguard-filemonitor-eai9kxfv/events.db
2026-07-31 23:14:04,040 INFO usbguard.file_monitor: File event recorded: deleted /tmp/usbguard-filemonitor-eai9kxfv/events.db-journal
2026-07-31 23:14:04,041 INFO usbguard.file_monitor: File event recorded: created /tmp/usbguard-filemonitor-eai9kxfv/events.db-journal
2026-07-31 23:14:04,042 INFO usbguard.file_monitor: File event recorded: modified /tmp/usbguard-filemonitor-eai9kxfv/events.db-journal
2026-07-31 23:14:04,057 INFO usbguard: File event modified scanned: /tmp/usbguard-filemonitor-eai9kxfv/events.db (risk=0.0)
2026-07-31 23:14:04,058 INFO usbguard.file_monitor: File event recorded: modified /tmp/usbguard-filemonitor-eai9kxfv/events.db
2026-07-31 23:14:04,058 INFO usbguard.file_monitor: File event recorded: deleted /tmp/usbguard-filemonitor-eai9kxfv/events.db-journal
2026-07-31 23:14:04,059 INFO usbguard.file_monitor: File event recorded: created /tmp/usbguard-filemonitor-eai9kxfv/events.db-journal
2026-07-31 23:14:04,060 INFO usbguard.file_monitor: File event recorded: modified /tmp/usbguard-filemonitor-eai9kxfv/events.db-journal
2026-07-31 23:14:04,074 INFO usbguard: File event modified scanned: /tmp/usbguard-filemonitor-eai9kxfv/events.db (risk=0.0)
2026-07-31 23:14:04,076 INFO usbguard.file_monitor: File event recorded: modified /tmp/usbguard-filemonitor-eai9kxfv/events.db
2026-07-31 23:14:04,077 INFO usbguard.file_monitor: File event recorded: deleted /tmp/usbguard-filemonitor-eai9kxfv/events.db-journal
2026-07-31 23:14:04,077 INFO usbguard.file_monitor: File event recorded: created /tmp/usbguard-filemonitor-eai9kxfv/events.db-journal
2026-07-31 23:14:04,078 INFO usbguard.file_monitor: File event recorded: modified /tmp/usbguard-filemonitor-eai9kxfv/events.db-journal
2026-07-31 23:14:04,092 INFO usbguard: File event modified scanned: /tmp/usbguard-filemonitor-eai9kxfv/events.db (risk=0.0)
2026-07-31 23:14:04,093 INFO usbguard.file_monitor: File event recorded: modified /tmp/usbguard-filemonitor-eai9kxfv/events.db
2026-07-31 23:14:04,094 INFO usbguard.file_monitor: File event recorded: deleted /tmp/usbguard-filemonitor-eai9kxfv/events.db-journal
2026-07-31 23:14:04,095 INFO usbguard.file_monitor: File event recorded: created /tmp/usbguard-filemonitor-eai9kxfv/events.db-journal
2026-07-31 23:14:04,095 INFO usbguard.file_monitor: File event recorded: modified /tmp/usbguard-filemonitor-eai9kxfv/events.db-journal
2026-07-31 23:14:04,114 INFO usbguard: File event modified scanned: /tmp/usbguard-filemonitor-eai9kxfv/events.db (risk=0.0)
2026-07-31 23:14:04,115 INFO usbguard.file_monitor: File event recorded: modified /tmp/usbguard-filemonitor-eai9kxfv/events.db
2026-07-31 23:14:04,116 INFO usbguard.file_monitor: File event recorded: deleted /tmp/usbguard-filemonitor-eai9kxfv/events.db-journal
2026-07-31 23:14:04,116 INFO usbguard.file_monitor: File event recorded: created /tmp/usbguard-filemonitor-eai9kxfv/events.db-journal
2026-07-31 23:14:04,117 INFO usbguard.file_monitor: File event recorded: modified /tmp/usbguard-filemonitor-eai9kxfv/events.db-journal
2026-07-31 23:14:04,131 INFO usbguard: File event modified scanned: /tmp/usbguard-filemonitor-eai9kxfv/events.db (risk=0.0)
2026-07-31 23:14:04,133 INFO usbguard.file_monitor: File event recorded: modified /tmp/usbguard-filemonitor-eai9kxfv/events.db
2026-07-31 23:14:04,133 INFO usbguard.file_monitor: File event recorded: deleted /tmp/usbguard-filemonitor-eai9kxfv/events.db-journal
2026-07-31 23:14:04,134 INFO usbguard.file_monitor: File event recorded: created /tmp/usbguard-filemonitor-eai9kxfv/events.db-journal
2026-07-31 23:14:04,135 INFO usbguard.file_monitor: File event recorded: modified /tmp/usbguard-filemonitor-eai9kxfv/events.db-journal
2026-07-31 23:14:04,149 INFO usbguard: File event modified scanned: /tmp/usbguard-filemonitor-eai9kxfv/events.db (risk=0.0)
2026-07-31 23:14:04,150 INFO usbguard.file_monitor: File event recorded: modified /tmp/usbguard-filemonitor-eai9kxfv/events.db
2026-07-31 23:14:04,151 INFO usbguard.file_monitor: File event recorded: deleted /tmp/usbguard-filemonitor-eai9kxfv/events.db-journal
2026-07-31 23:14:04,152 INFO usbguard.file_monitor: File event recorded: created /tmp/usbguard-filemonitor-eai9kxfv/events.db-journal
2026-07-31 23:14:04,153 INFO usbguard.file_monitor: File event recorded: modified /tmp/usbguard-filemonitor-eai9kxfv/events.db-journal
2026-07-31 23:14:04,168 INFO usbguard: File event modified scanned: /tmp/usbguard-filemonitor-eai9kxfv/events.db (risk=0.0)
2026-07-31 23:14:04,169 INFO usbguard.file_monitor: File event recorded: modified /tmp/usbguard-filemonitor-eai9kxfv/events.db
2026-07-31 23:14:04,170 INFO usbguard.file_monitor: File event recorded: deleted /tmp/usbguard-filemonitor-eai9kxfv/events.db-journal
2026-07-31 23:14:04,171 INFO usbguard.file_monitor: File event recorded: created /tmp/usbguard-filemonitor-eai9kxfv/events.db-journal
2026-07-31 23:14:04,171 INFO usbguard.file_monitor: File event recorded: modified /tmp/usbguard-filemonitor-eai9kxfv/events.db-journal
2026-07-31 23:14:04,188 INFO usbguard: File event modified scanned: /tmp/usbguard-filemonitor-eai9kxfv/events.db (risk=0.0)
2026-07-31 23:14:04,189 INFO usbguard.file_monitor: File event recorded: modified /tmp/usbguard-filemonitor-eai9kxfv/events.db
2026-07-31 23:14:04,190 INFO usbguard.file_monitor: File event recorded: deleted /tmp/usbguard-filemonitor-eai9kxfv/events.db-journal
2026-07-31 23:14:04,191 INFO usbguard.file_monitor: File event recorded: created /tmp/usbguard-filemonitor-eai9kxfv/events.db-journal
2026-07-31 23:14:04,192 INFO usbguard.file_monitor: File event recorded: modified /tmp/usbguard-filemonitor-eai9kxfv/events.db-journal
2026-07-31 23:14:04,207 INFO usbguard: File event modified scanned: /tmp/usbguard-filemonitor-eai9kxfv/events.db (risk=0.0)
2026-07-31 23:14:04,209 INFO usbguard.file_monitor: File event recorded: modified /tmp/usbguard-filemonitor-eai9kxfv/events.db
2026-07-31 23:14:04,210 INFO usbguard.file_monitor: File event recorded: deleted /tmp/usbguard-filemonitor-eai9kxfv/events.db-journal
2026-07-31 23:14:04,210 INFO usbguard.file_monitor: File event recorded: created /tmp/usbguard-filemonitor-eai9kxfv/events.db-journal
2026-07-31 23:14:04,211 INFO usbguard.file_monitor: File event recorded: modified /tmp/usbguard-filemonitor-eai9kxfv/events.db-journal
2026-07-31 23:14:04,226 INFO usbguard: File event modified scanned: /tmp/usbguard-filemonitor-eai9kxfv/events.db (risk=0.0)
2026-07-31 23:14:04,228 INFO usbguard.file_monitor: File event recorded: modified /tmp/usbguard-filemonitor-eai9kxfv/events.db
2026-07-31 23:14:04,228 INFO usbguard.file_monitor: File event recorded: deleted /tmp/usbguard-filemonitor-eai9kxfv/events.db-journal
2026-07-31 23:14:04,229 INFO usbguard.file_monitor: File event recorded: created /tmp/usbguard-filemonitor-eai9kxfv/events.db-journal
2026-07-31 23:14:04,229 INFO usbguard.file_monitor: File event recorded: modified /tmp/usbguard-filemonitor-eai9kxfv/events.db-journal
2026-07-31 23:14:04,246 INFO usbguard: File event modified scanned: /tmp/usbguard-filemonitor-eai9kxfv/events.db (risk=0.0)
2026-07-31 23:14:04,247 INFO usbguard.file_monitor: File event recorded: modified /tmp/usbguard-filemonitor-eai9kxfv/events.db
2026-07-31 23:14:04,247 INFO usbguard.file_monitor: File event recorded: deleted /tmp/usbguard-filemonitor-eai9kxfv/events.db-journal
2026-07-31 23:14:04,248 INFO usbguard.file_monitor: File event recorded: created /tmp/usbguard-filemonitor-eai9kxfv/events.db-journal
2026-07-31 23:14:04,248 INFO usbguard.file_monitor: File event recorded: modified /tmp/usbguard-filemonitor-eai9kxfv/events.db-journal
2026-07-31 23:14:04,265 INFO usbguard: File event modified scanned: /tmp/usbguard-filemonitor-eai9kxfv/events.db (risk=0.0)
2026-07-31 23:14:04,267 INFO usbguard.file_monitor: File event recorded: modified /tmp/usbguard-filemonitor-eai9kxfv/events.db
2026-07-31 23:14:04,267 INFO usbguard.file_monitor: File event recorded: deleted /tmp/usbguard-filemonitor-eai9kxfv/events.db-journal
2026-07-31 23:14:04,268 INFO usbguard.file_monitor: File event recorded: created /tmp/usbguard-filemonitor-eai9kxfv/events.db-journal
2026-07-31 23:14:04,268 INFO usbguard.file_monitor: File event recorded: modified /tmp/usbguard-filemonitor-eai9kxfv/events.db-journal
2026-07-31 23:14:04,284 INFO usbguard: File event modified scanned: /tmp/usbguard-filemonitor-eai9kxfv/events.db (risk=0.0)
2026-07-31 23:14:04,286 INFO usbguard.file_monitor: File event recorded: modified /tmp/usbguard-filemonitor-eai9kxfv/events.db
2026-07-31 23:14:04,287 INFO usbguard.file_monitor: File event recorded: deleted /tmp/usbguard-filemonitor-eai9kxfv/events.db-journal
2026-07-31 23:14:04,288 INFO usbguard.file_monitor: File event recorded: created /tmp/usbguard-filemonitor-eai9kxfv/events.db-journal
2026-07-31 23:14:04,288 INFO usbguard.file_monitor: File event recorded: modified /tmp/usbguard-filemonitor-eai9kxfv/events.db-journal
2026-07-31 23:14:04,303 INFO usbguard: File event modified scanned: /tmp/usbguard-filemonitor-eai9kxfv/events.db (risk=0.0)
2026-07-31 23:14:04,305 INFO usbguard.file_monitor: File event recorded: modified /tmp/usbguard-filemonitor-eai9kxfv/events.db
2026-07-31 23:14:04,305 INFO usbguard.file_monitor: File event recorded: deleted /tmp/usbguard-filemonitor-eai9kxfv/events.db-journal
2026-07-31 23:14:04,306 INFO usbguard.file_monitor: File event recorded: created /tmp/usbguard-filemonitor-eai9kxfv/events.db-journal
2026-07-31 23:14:04,306 INFO usbguard.file_monitor: File event recorded: modified /tmp/usbguard-filemonitor-eai9kxfv/events.db-journal
2026-07-31 23:14:04,323 INFO usbguard: File event modified scanned: /tmp/usbguard-filemonitor-eai9kxfv/events.db (risk=0.0)
2026-07-31 23:14:04,324 INFO usbguard.file_monitor: File event recorded: modified /tmp/usbguard-filemonitor-eai9kxfv/events.db
2026-07-31 23:14:04,325 INFO usbguard.file_monitor: File event recorded: deleted /tmp/usbguard-filemonitor-eai9kxfv/events.db-journal
2026-07-31 23:14:04,325 INFO usbguard.file_monitor: File event recorded: created /tmp/usbguard-filemonitor-eai9kxfv/events.db-journal
2026-07-31 23:14:04,326 INFO usbguard.file_monitor: File event recorded: modified /tmp/usbguard-filemonitor-eai9kxfv/events.db-journal
2026-07-31 23:14:04,342 INFO usbguard: File event modified scanned: /tmp/usbguard-filemonitor-eai9kxfv/events.db (risk=0.0)
2026-07-31 23:14:04,343 INFO usbguard.file_monitor: File event recorded: modified /tmp/usbguard-filemonitor-eai9kxfv/events.db
2026-07-31 23:14:04,344 INFO usbguard.file_monitor: File event recorded: deleted /tmp/usbguard-filemonitor-eai9kxfv/events.db-journal
2026-07-31 23:14:04,345 INFO usbguard.file_monitor: File event recorded: created /tmp/usbguard-filemonitor-eai9kxfv/events.db-journal
2026-07-31 23:14:04,345 INFO usbguard.file_monitor: File event recorded: modified /tmp/usbguard-filemonitor-eai9kxfv/events.db-journal
2026-07-31 23:14:04,361 INFO usbguard: File event modified scanned: /tmp/usbguard-filemonitor-eai9kxfv/events.db (risk=0.0)
2026-07-31 23:14:04,362 INFO usbguard.file_monitor: File event recorded: modified /tmp/usbguard-filemonitor-eai9kxfv/events.db
2026-07-31 23:14:04,363 INFO usbguard.file_monitor: File event recorded: deleted /tmp/usbguard-filemonitor-eai9kxfv/events.db-journal
2026-07-31 23:14:04,364 INFO usbguard.file_monitor: File event recorded: created /tmp/usbguard-filemonitor-eai9kxfv/events.db-journal
2026-07-31 23:14:04,364 INFO usbguard.file_monitor: File event recorded: modified /tmp/usbguard-filemonitor-eai9kxfv/events.db-journal
2026-07-31 23:14:04,379 INFO usbguard: File event modified scanned: /tmp/usbguard-filemonitor-eai9kxfv/events.db (risk=0.0)
2026-07-31 23:14:04,380 INFO usbguard.file_monitor: File event recorded: modified /tmp/usbguard-filemonitor-eai9kxfv/events.db
2026-07-31 23:14:04,381 INFO usbguard.file_monitor: File event recorded: deleted /tmp/usbguard-filemonitor-eai9kxfv/events.db-journal
2026-07-31 23:14:04,381 INFO usbguard.file_monitor: File event recorded: created /tmp/usbguard-filemonitor-eai9kxfv/events.db-journal
2026-07-31 23:14:04,382 INFO usbguard.file_monitor: File event recorded: modified /tmp/usbguard-filemonitor-eai9kxfv/events.db-journal
2026-07-31 23:14:04,400 INFO usbguard: File event modified scanned: /tmp/usbguard-filemonitor-eai9kxfv/events.db (risk=0.0)
2026-07-31 23:14:04,400 INFO usbguard.file_monitor: File event recorded: modified /tmp/usbguard-filemonitor-eai9kxfv/events.db
2026-07-31 23:14:04,401 INFO usbguard.file_monitor: File event recorded: deleted /tmp/usbguard-filemonitor-eai9kxfv/events.db-journal
2026-07-31 23:14:04,402 INFO usbguard.file_monitor: File event recorded: created /tmp/usbguard-filemonitor-eai9kxfv/events.db-journal
2026-07-31 23:14:04,402 INFO usbguard.file_monitor: File event recorded: modified /tmp/usbguard-filemonitor-eai9kxfv/events.db-journal
2026-07-31 23:14:04,419 INFO usbguard: File event modified scanned: /tmp/usbguard-filemonitor-eai9kxfv/events.db (risk=0.0)
2026-07-31 23:14:04,420 INFO usbguard.file_monitor: File event recorded: modified /tmp/usbguard-filemonitor-eai9kxfv/events.db
2026-07-31 23:14:04,421 INFO usbguard.file_monitor: File event recorded: deleted /tmp/usbguard-filemonitor-eai9kxfv/events.db-journal
2026-07-31 23:14:04,421 INFO usbguard.file_monitor: File event recorded: created /tmp/usbguard-filemonitor-eai9kxfv/events.db-journal
2026-07-31 23:14:04,422 INFO usbguard.file_monitor: File event recorded: modified /tmp/usbguard-filemonitor-eai9kxfv/events.db-journal
2026-07-31 23:14:04,439 INFO usbguard: File event modified scanned: /tmp/usbguard-filemonitor-eai9kxfv/events.db (risk=0.0)
2026-07-31 23:14:04,440 INFO usbguard.file_monitor: File event recorded: modified /tmp/usbguard-filemonitor-eai9kxfv/events.db
2026-07-31 23:14:04,441 INFO usbguard.file_monitor: File event recorded: deleted /tmp/usbguard-filemonitor-eai9kxfv/events.db-journal
2026-07-31 23:14:04,441 INFO usbguard.file_monitor: File event recorded: created /tmp/usbguard-filemonitor-eai9kxfv/events.db-journal
2026-07-31 23:14:04,442 INFO usbguard.file_monitor: File event recorded: modified /tmp/usbguard-filemonitor-eai9kxfv/events.db-journal
2026-07-31 23:14:04,458 INFO usbguard: File event modified scanned: /tmp/usbguard-filemonitor-eai9kxfv/events.db (risk=0.0)
2026-07-31 23:14:04,460 INFO usbguard.file_monitor: File event recorded: modified /tmp/usbguard-filemonitor-eai9kxfv/events.db
2026-07-31 23:14:04,461 INFO usbguard.file_monitor: File event recorded: deleted /tmp/usbguard-filemonitor-eai9kxfv/events.db-journal
2026-07-31 23:14:04,462 INFO usbguard.file_monitor: File event recorded: created /tmp/usbguard-filemonitor-eai9kxfv/events.db-journal
2026-07-31 23:14:04,462 INFO usbguard.file_monitor: File event recorded: modified /tmp/usbguard-filemonitor-eai9kxfv/events.db-journal
2026-07-31 23:14:04,479 INFO usbguard: File event modified scanned: /tmp/usbguard-filemonitor-eai9kxfv/events.db (risk=0.0)
2026-07-31 23:14:04,480 INFO usbguard.file_monitor: File event recorded: modified /tmp/usbguard-filemonitor-eai9kxfv/events.db
2026-07-31 23:14:04,481 INFO usbguard.file_monitor: File event recorded: deleted /tmp/usbguard-filemonitor-eai9kxfv/events.db-journal
2026-07-31 23:14:04,482 INFO usbguard.file_monitor: File event recorded: created /tmp/usbguard-filemonitor-eai9kxfv/events.db-journal
2026-07-31 23:14:04,482 INFO usbguard.file_monitor: File event recorded: modified /tmp/usbguard-filemonitor-eai9kxfv/events.db-journal
2026-07-31 23:14:04,501 INFO usbguard: File event modified scanned: /tmp/usbguard-filemonitor-eai9kxfv/events.db (risk=0.0)
2026-07-31 23:14:04,502 INFO usbguard.file_monitor: File event recorded: modified /tmp/usbguard-filemonitor-eai9kxfv/events.db
2026-07-31 23:14:04,503 INFO usbguard.file_monitor: File event recorded: deleted /tmp/usbguard-filemonitor-eai9kxfv/events.db-journal
2026-07-31 23:14:04,503 INFO usbguard.file_monitor: File event recorded: created /tmp/usbguard-filemonitor-eai9kxfv/events.db-journal
2026-07-31 23:14:04,504 INFO usbguard.file_monitor: File event recorded: modified /tmp/usbguard-filemonitor-eai9kxfv/events.db-journal
2026-07-31 23:14:04,527 INFO usbguard: File event modified scanned: /tmp/usbguard-filemonitor-eai9kxfv/events.db (risk=0.0)
2026-07-31 23:14:04,528 INFO usbguard.file_monitor: File event recorded: modified /tmp/usbguard-filemonitor-eai9kxfv/events.db
2026-07-31 23:14:04,529 INFO usbguard.file_monitor: File event recorded: deleted /tmp/usbguard-filemonitor-eai9kxfv/events.db-journal
2026-07-31 23:14:04,530 INFO usbguard.file_monitor: File event recorded: created /tmp/usbguard-filemonitor-eai9kxfv/events.db-journal
2026-07-31 23:14:04,530 INFO usbguard.file_monitor: File event recorded: modified /tmp/usbguard-filemonitor-eai9kxfv/events.db-journal
2026-07-31 23:14:04,548 INFO usbguard: File event modified scanned: /tmp/usbguard-filemonitor-eai9kxfv/events.db (risk=0.0)
2026-07-31 23:14:04,550 INFO usbguard.file_monitor: File event recorded: modified /tmp/usbguard-filemonitor-eai9kxfv/events.db
2026-07-31 23:14:04,551 INFO usbguard.file_monitor: File event recorded: deleted /tmp/usbguard-filemonitor-eai9kxfv/events.db-journal
2026-07-31 23:14:04,551 INFO usbguard.file_monitor: File event recorded: created /tmp/usbguard-filemonitor-eai9kxfv/events.db-journal
2026-07-31 23:14:04,552 INFO usbguard.file_monitor: File event recorded: modified /tmp/usbguard-filemonitor-eai9kxfv/events.db-journal
2026-07-31 23:14:04,570 INFO usbguard: File event modified scanned: /tmp/usbguard-filemonitor-eai9kxfv/events.db (risk=0.0)
2026-07-31 23:14:04,571 INFO usbguard.file_monitor: File event recorded: modified /tmp/usbguard-filemonitor-eai9kxfv/events.db
2026-07-31 23:14:04,572 INFO usbguard.file_monitor: File event recorded: deleted /tmp/usbguard-filemonitor-eai9kxfv/events.db-journal
2026-07-31 23:14:04,573 INFO usbguard.file_monitor: File event recorded: created /tmp/usbguard-filemonitor-eai9kxfv/events.db-journal
2026-07-31 23:14:04,573 INFO usbguard.file_monitor: File event recorded: modified /tmp/usbguard-filemonitor-eai9kxfv/events.db-journal
2026-07-31 23:14:04,591 INFO usbguard: File event modified scanned: /tmp/usbguard-filemonitor-eai9kxfv/events.db (risk=0.0)
2026-07-31 23:14:04,592 INFO usbguard.file_monitor: File event recorded: modified /tmp/usbguard-filemonitor-eai9kxfv/events.db
2026-07-31 23:14:04,593 INFO usbguard.file_monitor: File event recorded: deleted /tmp/usbguard-filemonitor-eai9kxfv/events.db-journal
2026-07-31 23:14:04,594 INFO usbguard.file_monitor: File event recorded: created /tmp/usbguard-filemonitor-eai9kxfv/events.db-journal
2026-07-31 23:14:04,594 INFO usbguard.file_monitor: File event recorded: modified /tmp/usbguard-filemonitor-eai9kxfv/events.db-journal
2026-07-31 23:14:04,612 INFO usbguard: File event modified scanned: /tmp/usbguard-filemonitor-eai9kxfv/events.db (risk=0.0)
2026-07-31 23:14:04,614 INFO usbguard.file_monitor: File event recorded: modified /tmp/usbguard-filemonitor-eai9kxfv/events.db
2026-07-31 23:14:04,614 INFO usbguard.file_monitor: File event recorded: deleted /tmp/usbguard-filemonitor-eai9kxfv/events.db-journal
2026-07-31 23:14:04,615 INFO usbguard.file_monitor: File event recorded: created /tmp/usbguard-filemonitor-eai9kxfv/events.db-journal
2026-07-31 23:14:04,615 INFO usbguard.file_monitor: File event recorded: modified /tmp/usbguard-filemonitor-eai9kxfv/events.db-journal
2026-07-31 23:14:04,633 INFO usbguard: File event modified scanned: /tmp/usbguard-filemonitor-eai9kxfv/events.db (risk=0.0)
2026-07-31 23:14:04,634 INFO usbguard.file_monitor: File event recorded: modified /tmp/usbguard-filemonitor-eai9kxfv/events.db
2026-07-31 23:14:04,635 INFO usbguard.file_monitor: File event recorded: deleted /tmp/usbguard-filemonitor-eai9kxfv/events.db-journal
2026-07-31 23:14:04,636 INFO usbguard.file_monitor: File event recorded: created /tmp/usbguard-filemonitor-eai9kxfv/events.db-journal
2026-07-31 23:14:04,636 INFO usbguard.file_monitor: File event recorded: modified /tmp/usbguard-filemonitor-eai9kxfv/events.db-journal
2026-07-31 23:14:04,654 INFO usbguard: File event modified scanned: /tmp/usbguard-filemonitor-eai9kxfv/events.db (risk=0.0)
2026-07-31 23:14:04,655 INFO usbguard.file_monitor: File event recorded: modified /tmp/usbguard-filemonitor-eai9kxfv/events.db
2026-07-31 23:14:04,656 INFO usbguard.file_monitor: File event recorded: deleted /tmp/usbguard-filemonitor-eai9kxfv/events.db-journal
2026-07-31 23:14:04,657 INFO usbguard.file_monitor: File event recorded: created /tmp/usbguard-filemonitor-eai9kxfv/events.db-journal
2026-07-31 23:14:04,657 INFO usbguard.file_monitor: File event recorded: modified /tmp/usbguard-filemonitor-eai9kxfv/events.db-journal
2026-07-31 23:14:04,674 INFO usbguard: File event modified scanned: /tmp/usbguard-filemonitor-eai9kxfv/events.db (risk=0.0)
2026-07-31 23:14:04,676 INFO usbguard.file_monitor: File event recorded: modified /tmp/usbguard-filemonitor-eai9kxfv/events.db
2026-07-31 23:14:04,676 INFO usbguard.file_monitor: File event recorded: deleted /tmp/usbguard-filemonitor-eai9kxfv/events.db-journal
2026-07-31 23:14:04,677 INFO usbguard.file_monitor: File event recorded: created /tmp/usbguard-filemonitor-eai9kxfv/events.db-journal
2026-07-31 23:14:04,678 INFO usbguard.file_monitor: File event recorded: modified /tmp/usbguard-filemonitor-eai9kxfv/events.db-journal
2026-07-31 23:14:04,695 INFO usbguard: File event modified scanned: /tmp/usbguard-filemonitor-eai9kxfv/events.db (risk=0.0)
2026-07-31 23:14:04,696 INFO usbguard.file_monitor: File event recorded: modified /tmp/usbguard-filemonitor-eai9kxfv/events.db
2026-07-31 23:14:04,697 INFO usbguard.file_monitor: File event recorded: deleted /tmp/usbguard-filemonitor-eai9kxfv/events.db-journal
2026-07-31 23:14:04,698 INFO usbguard.file_monitor: File event recorded: created /tmp/usbguard-filemonitor-eai9kxfv/events.db-journal
2026-07-31 23:14:04,698 INFO usbguard.file_monitor: File event recorded: modified /tmp/usbguard-filemonitor-eai9kxfv/events.db-journal
2026-07-31 23:14:04,717 INFO usbguard: File event modified scanned: /tmp/usbguard-filemonitor-eai9kxfv/events.db (risk=0.0)
2026-07-31 23:14:04,718 INFO usbguard.file_monitor: File event recorded: modified /tmp/usbguard-filemonitor-eai9kxfv/events.db
2026-07-31 23:14:04,718 INFO usbguard.file_monitor: File event recorded: deleted /tmp/usbguard-filemonitor-eai9kxfv/events.db-journal
2026-07-31 23:14:04,719 INFO usbguard.file_monitor: File event recorded: created /tmp/usbguard-filemonitor-eai9kxfv/events.db-journal
2026-07-31 23:14:04,720 INFO usbguard.file_monitor: File event recorded: modified /tmp/usbguard-filemonitor-eai9kxfv/events.db-journal
2026-07-31 23:14:04,737 INFO usbguard: File event modified scanned: /tmp/usbguard-filemonitor-eai9kxfv/events.db (risk=0.0)
2026-07-31 23:14:04,739 INFO usbguard.file_monitor: File event recorded: modified /tmp/usbguard-filemonitor-eai9kxfv/events.db
2026-07-31 23:14:04,739 INFO usbguard.file_monitor: File event recorded: deleted /tmp/usbguard-filemonitor-eai9kxfv/events.db-journal
2026-07-31 23:14:04,740 INFO usbguard.file_monitor: File event recorded: created /tmp/usbguard-filemonitor-eai9kxfv/events.db-journal
2026-07-31 23:14:04,740 INFO usbguard.file_monitor: File event recorded: modified /tmp/usbguard-filemonitor-eai9kxfv/events.db-journal
2026-07-31 23:14:04,758 INFO usbguard: File event modified scanned: /tmp/usbguard-filemonitor-eai9kxfv/events.db (risk=0.0)
2026-07-31 23:14:04,759 INFO usbguard.file_monitor: File event recorded: modified /tmp/usbguard-filemonitor-eai9kxfv/events.db
2026-07-31 23:14:04,760 INFO usbguard.file_monitor: File event recorded: deleted /tmp/usbguard-filemonitor-eai9kxfv/events.db-journal
2026-07-31 23:14:04,761 INFO usbguard.file_monitor: File event recorded: created /tmp/usbguard-filemonitor-eai9kxfv/events.db-journal
2026-07-31 23:14:04,761 INFO usbguard.file_monitor: File event recorded: modified /tmp/usbguard-filemonitor-eai9kxfv/events.db-journal
2026-07-31 23:14:04,780 INFO usbguard: File event modified scanned: /tmp/usbguard-filemonitor-eai9kxfv/events.db (risk=0.0)
2026-07-31 23:14:04,781 INFO usbguard.file_monitor: File event recorded: modified /tmp/usbguard-filemonitor-eai9kxfv/events.db
2026-07-31 23:14:04,782 INFO usbguard.file_monitor: File event recorded: deleted /tmp/usbguard-filemonitor-eai9kxfv/events.db-journal
2026-07-31 23:14:04,783 INFO usbguard.file_monitor: File event recorded: created /tmp/usbguard-filemonitor-eai9kxfv/events.db-journal
2026-07-31 23:14:04,783 INFO usbguard.file_monitor: File event recorded: modified /tmp/usbguard-filemonitor-eai9kxfv/events.db-journal
2026-07-31 23:14:04,801 INFO usbguard: File event modified scanned: /tmp/usbguard-filemonitor-eai9kxfv/events.db (risk=0.0)
2026-07-31 23:14:04,803 INFO usbguard.file_monitor: File event recorded: modified /tmp/usbguard-filemonitor-eai9kxfv/events.db
2026-07-31 23:14:04,804 INFO usbguard.file_monitor: File event recorded: deleted /tmp/usbguard-filemonitor-eai9kxfv/events.db-journal
2026-07-31 23:14:04,804 INFO usbguard.file_monitor: File event recorded: created /tmp/usbguard-filemonitor-eai9kxfv/events.db-journal
2026-07-31 23:14:04,805 INFO usbguard.file_monitor: File event recorded: modified /tmp/usbguard-filemonitor-eai9kxfv/events.db-journal
2026-07-31 23:14:04,822 INFO usbguard: File event modified scanned: /tmp/usbguard-filemonitor-eai9kxfv/events.db (risk=0.0)
2026-07-31 23:14:04,824 INFO usbguard.file_monitor: File event recorded: modified /tmp/usbguard-filemonitor-eai9kxfv/events.db
2026-07-31 23:14:04,824 INFO usbguard.file_monitor: File event recorded: deleted /tmp/usbguard-filemonitor-eai9kxfv/events.db-journal
2026-07-31 23:14:04,825 INFO usbguard.file_monitor: File event recorded: created /tmp/usbguard-filemonitor-eai9kxfv/events.db-journal
2026-07-31 23:14:04,826 INFO usbguard.file_monitor: File event recorded: modified /tmp/usbguard-filemonitor-eai9kxfv/events.db-journal
2026-07-31 23:14:04,843 INFO usbguard: File event modified scanned: /tmp/usbguard-filemonitor-eai9kxfv/events.db (risk=0.0)
2026-07-31 23:14:04,844 INFO usbguard.file_monitor: File event recorded: modified /tmp/usbguard-filemonitor-eai9kxfv/events.db
2026-07-31 23:14:04,845 INFO usbguard.file_monitor: File event recorded: deleted /tmp/usbguard-filemonitor-eai9kxfv/events.db-journal
2026-07-31 23:14:04,846 INFO usbguard.file_monitor: File event recorded: created /tmp/usbguard-filemonitor-eai9kxfv/events.db-journal
2026-07-31 23:14:04,846 INFO usbguard.file_monitor: File event recorded: modified /tmp/usbguard-filemonitor-eai9kxfv/events.db-journal
2026-07-31 23:14:04,868 INFO usbguard: File event modified scanned: /tmp/usbguard-filemonitor-eai9kxfv/events.db (risk=0.0)
2026-07-31 23:14:04,870 INFO usbguard.file_monitor: File event recorded: modified /tmp/usbguard-filemonitor-eai9kxfv/events.db
2026-07-31 23:14:04,871 INFO usbguard.file_monitor: File event recorded: deleted /tmp/usbguard-filemonitor-eai9kxfv/events.db-journal
2026-07-31 23:14:04,872 INFO usbguard.file_monitor: File event recorded: created /tmp/usbguard-filemonitor-eai9kxfv/events.db-journal
2026-07-31 23:14:04,872 INFO usbguard.file_monitor: File event recorded: modified /tmp/usbguard-filemonitor-eai9kxfv/events.db-journal
2026-07-31 23:14:04,901 INFO usbguard: File event modified scanned: /tmp/usbguard-filemonitor-eai9kxfv/events.db (risk=0.0)
2026-07-31 23:14:04,903 INFO usbguard.file_monitor: File event recorded: modified /tmp/usbguard-filemonitor-eai9kxfv/events.db
2026-07-31 23:14:04,904 INFO usbguard.file_monitor: File event recorded: deleted /tmp/usbguard-filemonitor-eai9kxfv/events.db-journal
2026-07-31 23:14:04,905 INFO usbguard.file_monitor: File event recorded: created /tmp/usbguard-filemonitor-eai9kxfv/events.db-journal
2026-07-31 23:14:04,906 INFO usbguard.file_monitor: File event recorded: modified /tmp/usbguard-filemonitor-eai9kxfv/events.db-journal
2026-07-31 23:14:04,930 INFO usbguard: File event modified scanned: /tmp/usbguard-filemonitor-eai9kxfv/events.db (risk=0.0)
2026-07-31 23:14:04,931 INFO usbguard.file_monitor: File event recorded: modified /tmp/usbguard-filemonitor-eai9kxfv/events.db
2026-07-31 23:14:04,932 INFO usbguard.file_monitor: File event recorded: deleted /tmp/usbguard-filemonitor-eai9kxfv/events.db-journal
2026-07-31 23:14:04,933 INFO usbguard.file_monitor: File event recorded: created /tmp/usbguard-filemonitor-eai9kxfv/events.db-journal
2026-07-31 23:14:04,934 INFO usbguard.file_monitor: File event recorded: modified /tmp/usbguard-filemonitor-eai9kxfv/events.db-journal
2026-07-31 23:14:04,957 INFO usbguard: File event modified scanned: /tmp/usbguard-filemonitor-eai9kxfv/events.db (risk=0.0)
2026-07-31 23:14:04,958 INFO usbguard.file_monitor: File event recorded: modified /tmp/usbguard-filemonitor-eai9kxfv/events.db
2026-07-31 23:14:04,959 INFO usbguard.file_monitor: File event recorded: deleted /tmp/usbguard-filemonitor-eai9kxfv/events.db-journal
2026-07-31 23:14:04,963 INFO usbguard.file_monitor: File event recorded: created /tmp/usbguard-filemonitor-eai9kxfv/events.db-journal
2026-07-31 23:14:04,963 INFO usbguard.file_monitor: File event recorded: modified /tmp/usbguard-filemonitor-eai9kxfv/events.db-journal
2026-07-31 23:14:04,981 INFO usbguard: File event modified scanned: /tmp/usbguard-filemonitor-eai9kxfv/events.db (risk=0.0)
2026-07-31 23:14:04,983 INFO usbguard.file_monitor: File event recorded: modified /tmp/usbguard-filemonitor-eai9kxfv/events.db
2026-07-31 23:14:04,983 INFO usbguard.file_monitor: File event recorded: deleted /tmp/usbguard-filemonitor-eai9kxfv/events.db-journal
2026-07-31 23:14:04,984 INFO usbguard.file_monitor: File event recorded: created /tmp/usbguard-filemonitor-eai9kxfv/events.db-journal
2026-07-31 23:14:04,984 INFO usbguard.file_monitor: File event recorded: modified /tmp/usbguard-filemonitor-eai9kxfv/events.db-journal
2026-07-31 23:14:05,003 INFO usbguard: File event modified scanned: /tmp/usbguard-filemonitor-eai9kxfv/events.db (risk=0.0)
2026-07-31 23:14:05,004 INFO usbguard.file_monitor: File event recorded: modified /tmp/usbguard-filemonitor-eai9kxfv/events.db
2026-07-31 23:14:05,005 INFO usbguard.file_monitor: File event recorded: deleted /tmp/usbguard-filemonitor-eai9kxfv/events.db-journal
2026-07-31 23:14:05,006 INFO usbguard.file_monitor: File event recorded: created /tmp/usbguard-filemonitor-eai9kxfv/events.db-journal
2026-07-31 23:14:05,006 INFO usbguard.file_monitor: File event recorded: modified /tmp/usbguard-filemonitor-eai9kxfv/events.db-journal
2026-07-31 23:14:05,025 INFO usbguard: File event modified scanned: /tmp/usbguard-filemonitor-eai9kxfv/events.db (risk=0.0)
2026-07-31 23:14:05,026 INFO usbguard.file_monitor: File event recorded: modified /tmp/usbguard-filemonitor-eai9kxfv/events.db
2026-07-31 23:14:05,027 INFO usbguard.file_monitor: File event recorded: deleted /tmp/usbguard-filemonitor-eai9kxfv/events.db-journal
2026-07-31 23:14:05,027 INFO usbguard.file_monitor: File event recorded: created /tmp/usbguard-filemonitor-eai9kxfv/events.db-journal
2026-07-31 23:14:05,028 INFO usbguard.file_monitor: File event recorded: modified /tmp/usbguard-filemonitor-eai9kxfv/events.db-journal
2026-07-31 23:14:05,048 INFO usbguard: File event modified scanned: /tmp/usbguard-filemonitor-eai9kxfv/events.db (risk=0.0)
2026-07-31 23:14:05,049 INFO usbguard.file_monitor: File event recorded: modified /tmp/usbguard-filemonitor-eai9kxfv/events.db
2026-07-31 23:14:05,050 INFO usbguard.file_monitor: File event recorded: deleted /tmp/usbguard-filemonitor-eai9kxfv/events.db-journal
2026-07-31 23:14:05,050 INFO usbguard.file_monitor: File event recorded: created /tmp/usbguard-filemonitor-eai9kxfv/events.db-journal
2026-07-31 23:14:05,051 INFO usbguard.file_monitor: File event recorded: modified /tmp/usbguard-filemonitor-eai9kxfv/events.db-journal
2026-07-31 23:14:05,070 INFO usbguard: File event modified scanned: /tmp/usbguard-filemonitor-eai9kxfv/events.db (risk=0.0)
2026-07-31 23:14:05,072 INFO usbguard.file_monitor: File event recorded: modified /tmp/usbguard-filemonitor-eai9kxfv/events.db
2026-07-31 23:14:05,073 INFO usbguard.file_monitor: File event recorded: deleted /tmp/usbguard-filemonitor-eai9kxfv/events.db-journal
2026-07-31 23:14:05,074 INFO usbguard.file_monitor: File event recorded: created /tmp/usbguard-filemonitor-eai9kxfv/events.db-journal
2026-07-31 23:14:05,074 INFO usbguard.file_monitor: File event recorded: modified /tmp/usbguard-filemonitor-eai9kxfv/events.db-journal
2026-07-31 23:14:05,093 INFO usbguard: File event modified scanned: /tmp/usbguard-filemonitor-eai9kxfv/events.db (risk=0.0)
2026-07-31 23:14:05,095 INFO usbguard.file_monitor: File event recorded: modified /tmp/usbguard-filemonitor-eai9kxfv/events.db
2026-07-31 23:14:05,095 INFO usbguard.file_monitor: File event recorded: deleted /tmp/usbguard-filemonitor-eai9kxfv/events.db-journal
2026-07-31 23:14:05,096 INFO usbguard.file_monitor: File event recorded: created /tmp/usbguard-filemonitor-eai9kxfv/events.db-journal
2026-07-31 23:14:05,096 INFO usbguard.file_monitor: File event recorded: modified /tmp/usbguard-filemonitor-eai9kxfv/events.db-journal
2026-07-31 23:14:05,115 INFO usbguard: File event modified scanned: /tmp/usbguard-filemonitor-eai9kxfv/events.db (risk=0.0)
2026-07-31 23:14:05,117 INFO usbguard.file_monitor: File event recorded: modified /tmp/usbguard-filemonitor-eai9kxfv/events.db
2026-07-31 23:14:05,117 INFO usbguard.file_monitor: File event recorded: deleted /tmp/usbguard-filemonitor-eai9kxfv/events.db-journal
2026-07-31 23:14:05,118 INFO usbguard.file_monitor: File event recorded: created /tmp/usbguard-filemonitor-eai9kxfv/events.db-journal
2026-07-31 23:14:05,118 INFO usbguard.file_monitor: File event recorded: modified /tmp/usbguard-filemonitor-eai9kxfv/events.db-journal
2026-07-31 23:14:05,138 INFO usbguard: File event modified scanned: /tmp/usbguard-filemonitor-eai9kxfv/events.db (risk=0.0)
2026-07-31 23:14:05,140 INFO usbguard.file_monitor: File event recorded: modified /tmp/usbguard-filemonitor-eai9kxfv/events.db
2026-07-31 23:14:05,140 INFO usbguard.file_monitor: File event recorded: deleted /tmp/usbguard-filemonitor-eai9kxfv/events.db-journal
2026-07-31 23:14:05,141 INFO usbguard.file_monitor: File event recorded: created /tmp/usbguard-filemonitor-eai9kxfv/events.db-journal
2026-07-31 23:14:05,142 INFO usbguard.file_monitor: File event recorded: modified /tmp/usbguard-filemonitor-eai9kxfv/events.db-journal
2026-07-31 23:14:05,161 INFO usbguard: File event modified scanned: /tmp/usbguard-filemonitor-eai9kxfv/events.db (risk=0.0)
2026-07-31 23:14:05,163 INFO usbguard.file_monitor: File event recorded: modified /tmp/usbguard-filemonitor-eai9kxfv/events.db
2026-07-31 23:14:05,163 INFO usbguard.file_monitor: File event recorded: deleted /tmp/usbguard-filemonitor-eai9kxfv/events.db-journal
2026-07-31 23:14:05,164 INFO usbguard.file_monitor: File event recorded: created /tmp/usbguard-filemonitor-eai9kxfv/events.db-journal
2026-07-31 23:14:05,164 INFO usbguard.file_monitor: File event recorded: modified /tmp/usbguard-filemonitor-eai9kxfv/events.db-journal
2026-07-31 23:14:05,184 INFO usbguard: File event modified scanned: /tmp/usbguard-filemonitor-eai9kxfv/events.db (risk=0.0)
2026-07-31 23:14:05,185 INFO usbguard.file_monitor: File event recorded: modified /tmp/usbguard-filemonitor-eai9kxfv/events.db
2026-07-31 23:14:05,185 INFO usbguard.file_monitor: File event recorded: deleted /tmp/usbguard-filemonitor-eai9kxfv/events.db-journal
2026-07-31 23:14:05,186 INFO usbguard.file_monitor: File event recorded: created /tmp/usbguard-filemonitor-eai9kxfv/events.db-journal
2026-07-31 23:14:05,186 INFO usbguard.file_monitor: File event recorded: modified /tmp/usbguard-filemonitor-eai9kxfv/events.db-journal
2026-07-31 23:14:05,205 INFO usbguard: File event modified scanned: /tmp/usbguard-filemonitor-eai9kxfv/events.db (risk=0.0)
2026-07-31 23:14:05,206 INFO usbguard.file_monitor: File event recorded: modified /tmp/usbguard-filemonitor-eai9kxfv/events.db
2026-07-31 23:14:05,207 INFO usbguard.file_monitor: File event recorded: deleted /tmp/usbguard-filemonitor-eai9kxfv/events.db-journal
2026-07-31 23:14:05,208 INFO usbguard.file_monitor: File event recorded: created /tmp/usbguard-filemonitor-eai9kxfv/events.db-journal
2026-07-31 23:14:05,208 INFO usbguard.file_monitor: File event recorded: modified /tmp/usbguard-filemonitor-eai9kxfv/events.db-journal
2026-07-31 23:14:05,227 INFO usbguard: File event modified scanned: /tmp/usbguard-filemonitor-eai9kxfv/events.db (risk=0.0)
2026-07-31 23:14:05,228 INFO usbguard.file_monitor: File event recorded: modified /tmp/usbguard-filemonitor-eai9kxfv/events.db
2026-07-31 23:14:05,229 INFO usbguard.file_monitor: File event recorded: deleted /tmp/usbguard-filemonitor-eai9kxfv/events.db-journal
2026-07-31 23:14:05,229 INFO usbguard.file_monitor: File event recorded: created /tmp/usbguard-filemonitor-eai9kxfv/events.db-journal
2026-07-31 23:14:05,230 INFO usbguard.file_monitor: File event recorded: modified /tmp/usbguard-filemonitor-eai9kxfv/events.db-journal
2026-07-31 23:14:05,250 INFO usbguard: File event modified scanned: /tmp/usbguard-filemonitor-eai9kxfv/events.db (risk=0.0)
2026-07-31 23:14:05,252 INFO usbguard.file_monitor: File event recorded: modified /tmp/usbguard-filemonitor-eai9kxfv/events.db
2026-07-31 23:14:05,739 INFO usbguard: test message
2026-07-31 23:14:14,064 INFO usbguard.file_monitor: File monitoring engine started with roots=['/tmp/usbguard-filemonitor-d2rcbjb9']
2026-07-31 23:14:14,079 INFO usbguard: File event created scanned: /tmp/usbguard-filemonitor-d2rcbjb9/sample.txt (risk=0.0)
2026-07-31 23:14:14,080 INFO usbguard.file_monitor: File event recorded: created /tmp/usbguard-filemonitor-d2rcbjb9/sample.txt
2026-07-31 23:14:14,087 INFO usbguard: File event modified scanned: /tmp/usbguard-filemonitor-d2rcbjb9/sample.txt (risk=0.0)
2026-07-31 23:14:14,088 INFO usbguard.file_monitor: File event recorded: modified /tmp/usbguard-filemonitor-d2rcbjb9/sample.txt
2026-07-31 23:14:14,089 INFO usbguard.file_monitor: File event recorded: created /tmp/usbguard-filemonitor-d2rcbjb9/events.db-journal
2026-07-31 23:14:14,089 INFO usbguard.file_monitor: File event recorded: modified /tmp/usbguard-filemonitor-d2rcbjb9/events.db-journal
2026-07-31 23:14:14,099 INFO usbguard: File event modified scanned: /tmp/usbguard-filemonitor-d2rcbjb9/events.db (risk=0.0)
2026-07-31 23:14:14,100 INFO usbguard.file_monitor: File event recorded: modified /tmp/usbguard-filemonitor-d2rcbjb9/events.db
2026-07-31 23:14:14,101 INFO usbguard.file_monitor: File event recorded: deleted /tmp/usbguard-filemonitor-d2rcbjb9/events.db-journal
2026-07-31 23:14:14,101 INFO usbguard.file_monitor: File event recorded: created /tmp/usbguard-filemonitor-d2rcbjb9/events.db-journal
2026-07-31 23:14:14,102 INFO usbguard.file_monitor: File event recorded: modified /tmp/usbguard-filemonitor-d2rcbjb9/events.db-journal
2026-07-31 23:14:14,110 INFO usbguard: File event modified scanned: /tmp/usbguard-filemonitor-d2rcbjb9/events.db (risk=0.0)
2026-07-31 23:14:14,112 INFO usbguard.file_monitor: File event recorded: modified /tmp/usbguard-filemonitor-d2rcbjb9/events.db
2026-07-31 23:14:14,113 INFO usbguard.file_monitor: File event recorded: deleted /tmp/usbguard-filemonitor-d2rcbjb9/events.db-journal
2026-07-31 23:14:14,113 INFO usbguard.file_monitor: File event recorded: created /tmp/usbguard-filemonitor-d2rcbjb9/events.db-journal
2026-07-31 23:14:14,114 INFO usbguard.file_monitor: File event recorded: modified /tmp/usbguard-filemonitor-d2rcbjb9/events.db-journal
2026-07-31 23:14:14,122 INFO usbguard: File event modified scanned: /tmp/usbguard-filemonitor-d2rcbjb9/events.db (risk=0.0)
2026-07-31 23:14:14,123 INFO usbguard.file_monitor: File event recorded: modified /tmp/usbguard-filemonitor-d2rcbjb9/events.db
2026-07-31 23:14:14,124 INFO usbguard.file_monitor: File event recorded: deleted /tmp/usbguard-filemonitor-d2rcbjb9/events.db-journal
2026-07-31 23:14:14,124 INFO usbguard.file_monitor: File event recorded: created /tmp/usbguard-filemonitor-d2rcbjb9/events.db-journal
2026-07-31 23:14:14,125 INFO usbguard.file_monitor: File event recorded: modified /tmp/usbguard-filemonitor-d2rcbjb9/events.db-journal
2026-07-31 23:14:14,135 INFO usbguard: File event modified scanned: /tmp/usbguard-filemonitor-d2rcbjb9/events.db (risk=0.0)
2026-07-31 23:14:14,136 INFO usbguard.file_monitor: File event recorded: modified /tmp/usbguard-filemonitor-d2rcbjb9/events.db
2026-07-31 23:14:14,136 INFO usbguard.file_monitor: File event recorded: deleted /tmp/usbguard-filemonitor-d2rcbjb9/events.db-journal
2026-07-31 23:14:14,137 INFO usbguard.file_monitor: File event recorded: created /tmp/usbguard-filemonitor-d2rcbjb9/events.db-journal
2026-07-31 23:14:14,137 INFO usbguard.file_monitor: File event recorded: modified /tmp/usbguard-filemonitor-d2rcbjb9/events.db-journal
2026-07-31 23:14:14,148 INFO usbguard: File event modified scanned: /tmp/usbguard-filemonitor-d2rcbjb9/events.db (risk=0.0)
2026-07-31 23:14:14,149 INFO usbguard.file_monitor: File event recorded: modified /tmp/usbguard-filemonitor-d2rcbjb9/events.db
2026-07-31 23:14:14,150 INFO usbguard.file_monitor: File event recorded: deleted /tmp/usbguard-filemonitor-d2rcbjb9/events.db-journal
2026-07-31 23:14:14,150 INFO usbguard.file_monitor: File event recorded: created /tmp/usbguard-filemonitor-d2rcbjb9/events.db-journal
2026-07-31 23:14:14,151 INFO usbguard.file_monitor: File event recorded: modified /tmp/usbguard-filemonitor-d2rcbjb9/events.db-journal
2026-07-31 23:14:14,160 INFO usbguard: File event modified scanned: /tmp/usbguard-filemonitor-d2rcbjb9/events.db (risk=0.0)
2026-07-31 23:14:14,161 INFO usbguard.file_monitor: File event recorded: modified /tmp/usbguard-filemonitor-d2rcbjb9/events.db
2026-07-31 23:14:14,162 INFO usbguard.file_monitor: File event recorded: deleted /tmp/usbguard-filemonitor-d2rcbjb9/events.db-journal
2026-07-31 23:14:14,163 INFO usbguard.file_monitor: File event recorded: created /tmp/usbguard-filemonitor-d2rcbjb9/events.db-journal
2026-07-31 23:14:14,163 INFO usbguard.file_monitor: File event recorded: modified /tmp/usbguard-filemonitor-d2rcbjb9/events.db-journal
2026-07-31 23:14:14,172 INFO usbguard: File event modified scanned: /tmp/usbguard-filemonitor-d2rcbjb9/events.db (risk=0.0)
2026-07-31 23:14:14,173 INFO usbguard.file_monitor: File event recorded: modified /tmp/usbguard-filemonitor-d2rcbjb9/events.db
2026-07-31 23:14:14,174 INFO usbguard.file_monitor: File event recorded: deleted /tmp/usbguard-filemonitor-d2rcbjb9/events.db-journal
2026-07-31 23:14:14,175 INFO usbguard.file_monitor: File event recorded: created /tmp/usbguard-filemonitor-d2rcbjb9/events.db-journal
2026-07-31 23:14:14,175 INFO usbguard.file_monitor: File event recorded: modified /tmp/usbguard-filemonitor-d2rcbjb9/events.db-journal
2026-07-31 23:14:14,185 INFO usbguard: File event modified scanned: /tmp/usbguard-filemonitor-d2rcbjb9/events.db (risk=0.0)
2026-07-31 23:14:14,186 INFO usbguard.file_monitor: File event recorded: modified /tmp/usbguard-filemonitor-d2rcbjb9/events.db
2026-07-31 23:14:14,186 INFO usbguard.file_monitor: File event recorded: deleted /tmp/usbguard-filemonitor-d2rcbjb9/events.db-journal
2026-07-31 23:14:14,187 INFO usbguard.file_monitor: File event recorded: created /tmp/usbguard-filemonitor-d2rcbjb9/events.db-journal
2026-07-31 23:14:14,187 INFO usbguard.file_monitor: File event recorded: modified /tmp/usbguard-filemonitor-d2rcbjb9/events.db-journal
2026-07-31 23:14:14,197 INFO usbguard: File event modified scanned: /tmp/usbguard-filemonitor-d2rcbjb9/events.db (risk=0.0)
2026-07-31 23:14:14,198 INFO usbguard.file_monitor: File event recorded: modified /tmp/usbguard-filemonitor-d2rcbjb9/events.db
2026-07-31 23:14:14,199 INFO usbguard.file_monitor: File event recorded: deleted /tmp/usbguard-filemonitor-d2rcbjb9/events.db-journal
2026-07-31 23:14:14,199 INFO usbguard.file_monitor: File event recorded: created /tmp/usbguard-filemonitor-d2rcbjb9/events.db-journal
2026-07-31 23:14:14,200 INFO usbguard.file_monitor: File event recorded: modified /tmp/usbguard-filemonitor-d2rcbjb9/events.db-journal
2026-07-31 23:14:14,210 INFO usbguard: File event modified scanned: /tmp/usbguard-filemonitor-d2rcbjb9/events.db (risk=0.0)
2026-07-31 23:14:14,211 INFO usbguard.file_monitor: File event recorded: modified /tmp/usbguard-filemonitor-d2rcbjb9/events.db
2026-07-31 23:14:14,212 INFO usbguard.file_monitor: File event recorded: deleted /tmp/usbguard-filemonitor-d2rcbjb9/events.db-journal
2026-07-31 23:14:14,212 INFO usbguard.file_monitor: File event recorded: created /tmp/usbguard-filemonitor-d2rcbjb9/events.db-journal
2026-07-31 23:14:14,212 INFO usbguard.file_monitor: File event recorded: modified /tmp/usbguard-filemonitor-d2rcbjb9/events.db-journal
2026-07-31 23:14:14,222 INFO usbguard: File event modified scanned: /tmp/usbguard-filemonitor-d2rcbjb9/events.db (risk=0.0)
2026-07-31 23:14:14,224 INFO usbguard.file_monitor: File event recorded: modified /tmp/usbguard-filemonitor-d2rcbjb9/events.db
2026-07-31 23:14:14,224 INFO usbguard.file_monitor: File event recorded: deleted /tmp/usbguard-filemonitor-d2rcbjb9/events.db-journal
2026-07-31 23:14:14,225 INFO usbguard.file_monitor: File event recorded: created /tmp/usbguard-filemonitor-d2rcbjb9/events.db-journal
2026-07-31 23:14:14,225 INFO usbguard.file_monitor: File event recorded: modified /tmp/usbguard-filemonitor-d2rcbjb9/events.db-journal
2026-07-31 23:14:14,235 INFO usbguard: File event modified scanned: /tmp/usbguard-filemonitor-d2rcbjb9/events.db (risk=0.0)
2026-07-31 23:14:14,236 INFO usbguard.file_monitor: File event recorded: modified /tmp/usbguard-filemonitor-d2rcbjb9/events.db
2026-07-31 23:14:14,236 INFO usbguard.file_monitor: File event recorded: deleted /tmp/usbguard-filemonitor-d2rcbjb9/events.db-journal
2026-07-31 23:14:14,237 INFO usbguard.file_monitor: File event recorded: created /tmp/usbguard-filemonitor-d2rcbjb9/events.db-journal
2026-07-31 23:14:14,238 INFO usbguard.file_monitor: File event recorded: modified /tmp/usbguard-filemonitor-d2rcbjb9/events.db-journal
2026-07-31 23:14:14,248 INFO usbguard: File event modified scanned: /tmp/usbguard-filemonitor-d2rcbjb9/events.db (risk=0.0)
2026-07-31 23:14:14,248 INFO usbguard.file_monitor: File event recorded: modified /tmp/usbguard-filemonitor-d2rcbjb9/events.db
2026-07-31 23:14:14,249 INFO usbguard.file_monitor: File event recorded: deleted /tmp/usbguard-filemonitor-d2rcbjb9/events.db-journal
2026-07-31 23:14:14,249 INFO usbguard.file_monitor: File event recorded: created /tmp/usbguard-filemonitor-d2rcbjb9/events.db-journal
2026-07-31 23:14:14,250 INFO usbguard.file_monitor: File event recorded: modified /tmp/usbguard-filemonitor-d2rcbjb9/events.db-journal
2026-07-31 23:14:14,259 INFO usbguard: File event modified scanned: /tmp/usbguard-filemonitor-d2rcbjb9/events.db (risk=0.0)
2026-07-31 23:14:14,260 INFO usbguard.file_monitor: File event recorded: modified /tmp/usbguard-filemonitor-d2rcbjb9/events.db
2026-07-31 23:14:14,261 INFO usbguard.file_monitor: File event recorded: deleted /tmp/usbguard-filemonitor-d2rcbjb9/events.db-journal
2026-07-31 23:14:14,261 INFO usbguard.file_monitor: File event recorded: created /tmp/usbguard-filemonitor-d2rcbjb9/events.db-journal
2026-07-31 23:14:14,262 INFO usbguard.file_monitor: File event recorded: modified /tmp/usbguard-filemonitor-d2rcbjb9/events.db-journal
2026-07-31 23:14:14,272 INFO usbguard: File event modified scanned: /tmp/usbguard-filemonitor-d2rcbjb9/events.db (risk=0.0)
2026-07-31 23:14:14,274 INFO usbguard.file_monitor: File event recorded: modified /tmp/usbguard-filemonitor-d2rcbjb9/events.db
2026-07-31 23:14:14,274 INFO usbguard.file_monitor: File event recorded: deleted /tmp/usbguard-filemonitor-d2rcbjb9/events.db-journal
2026-07-31 23:14:14,275 INFO usbguard.file_monitor: File event recorded: created /tmp/usbguard-filemonitor-d2rcbjb9/events.db-journal
2026-07-31 23:14:14,275 INFO usbguard.file_monitor: File event recorded: modified /tmp/usbguard-filemonitor-d2rcbjb9/events.db-journal
2026-07-31 23:14:14,286 INFO usbguard: File event modified scanned: /tmp/usbguard-filemonitor-d2rcbjb9/events.db (risk=0.0)
2026-07-31 23:14:14,287 INFO usbguard.file_monitor: File event recorded: modified /tmp/usbguard-filemonitor-d2rcbjb9/events.db
2026-07-31 23:14:14,288 INFO usbguard.file_monitor: File event recorded: deleted /tmp/usbguard-filemonitor-d2rcbjb9/events.db-journal
2026-07-31 23:14:14,288 INFO usbguard.file_monitor: File event recorded: created /tmp/usbguard-filemonitor-d2rcbjb9/events.db-journal
2026-07-31 23:14:14,289 INFO usbguard.file_monitor: File event recorded: modified /tmp/usbguard-filemonitor-d2rcbjb9/events.db-journal
2026-07-31 23:14:14,298 INFO usbguard: File event modified scanned: /tmp/usbguard-filemonitor-d2rcbjb9/events.db (risk=0.0)
2026-07-31 23:14:14,300 INFO usbguard.file_monitor: File event recorded: modified /tmp/usbguard-filemonitor-d2rcbjb9/events.db
2026-07-31 23:14:14,301 INFO usbguard.file_monitor: File event recorded: deleted /tmp/usbguard-filemonitor-d2rcbjb9/events.db-journal
2026-07-31 23:14:14,301 INFO usbguard.file_monitor: File event recorded: created /tmp/usbguard-filemonitor-d2rcbjb9/events.db-journal
2026-07-31 23:14:14,302 INFO usbguard.file_monitor: File event recorded: modified /tmp/usbguard-filemonitor-d2rcbjb9/events.db-journal
2026-07-31 23:14:14,312 INFO usbguard: File event modified scanned: /tmp/usbguard-filemonitor-d2rcbjb9/events.db (risk=0.0)
2026-07-31 23:14:14,314 INFO usbguard.file_monitor: File event recorded: modified /tmp/usbguard-filemonitor-d2rcbjb9/events.db
2026-07-31 23:14:14,315 INFO usbguard.file_monitor: File event recorded: deleted /tmp/usbguard-filemonitor-d2rcbjb9/events.db-journal
2026-07-31 23:14:14,315 INFO usbguard.file_monitor: File event recorded: created /tmp/usbguard-filemonitor-d2rcbjb9/events.db-journal
2026-07-31 23:14:14,316 INFO usbguard.file_monitor: File event recorded: modified /tmp/usbguard-filemonitor-d2rcbjb9/events.db-journal
2026-07-31 23:14:14,326 INFO usbguard: File event modified scanned: /tmp/usbguard-filemonitor-d2rcbjb9/events.db (risk=0.0)
2026-07-31 23:14:14,327 INFO usbguard.file_monitor: File event recorded: modified /tmp/usbguard-filemonitor-d2rcbjb9/events.db
2026-07-31 23:14:14,328 INFO usbguard.file_monitor: File event recorded: deleted /tmp/usbguard-filemonitor-d2rcbjb9/events.db-journal
2026-07-31 23:14:14,329 INFO usbguard.file_monitor: File event recorded: created /tmp/usbguard-filemonitor-d2rcbjb9/events.db-journal
2026-07-31 23:14:14,329 INFO usbguard.file_monitor: File event recorded: modified /tmp/usbguard-filemonitor-d2rcbjb9/events.db-journal
2026-07-31 23:14:14,340 INFO usbguard: File event modified scanned: /tmp/usbguard-filemonitor-d2rcbjb9/events.db (risk=0.0)
2026-07-31 23:14:14,342 INFO usbguard.file_monitor: File event recorded: modified /tmp/usbguard-filemonitor-d2rcbjb9/events.db
2026-07-31 23:14:14,342 INFO usbguard.file_monitor: File event recorded: deleted /tmp/usbguard-filemonitor-d2rcbjb9/events.db-journal
2026-07-31 23:14:14,343 INFO usbguard.file_monitor: File event recorded: created /tmp/usbguard-filemonitor-d2rcbjb9/events.db-journal
2026-07-31 23:14:14,344 INFO usbguard.file_monitor: File event recorded: modified /tmp/usbguard-filemonitor-d2rcbjb9/events.db-journal
2026-07-31 23:14:14,354 INFO usbguard: File event modified scanned: /tmp/usbguard-filemonitor-d2rcbjb9/events.db (risk=0.0)
2026-07-31 23:14:14,356 INFO usbguard.file_monitor: File event recorded: modified /tmp/usbguard-filemonitor-d2rcbjb9/events.db
2026-07-31 23:14:14,357 INFO usbguard.file_monitor: File event recorded: deleted /tmp/usbguard-filemonitor-d2rcbjb9/events.db-journal
2026-07-31 23:14:14,357 INFO usbguard.file_monitor: File event recorded: created /tmp/usbguard-filemonitor-d2rcbjb9/events.db-journal
2026-07-31 23:14:14,357 INFO usbguard.file_monitor: File event recorded: modified /tmp/usbguard-filemonitor-d2rcbjb9/events.db-journal
2026-07-31 23:14:14,368 INFO usbguard: File event modified scanned: /tmp/usbguard-filemonitor-d2rcbjb9/events.db (risk=0.0)
2026-07-31 23:14:14,370 INFO usbguard.file_monitor: File event recorded: modified /tmp/usbguard-filemonitor-d2rcbjb9/events.db
2026-07-31 23:14:14,370 INFO usbguard.file_monitor: File event recorded: deleted /tmp/usbguard-filemonitor-d2rcbjb9/events.db-journal
2026-07-31 23:14:14,371 INFO usbguard.file_monitor: File event recorded: created /tmp/usbguard-filemonitor-d2rcbjb9/events.db-journal
2026-07-31 23:14:14,371 INFO usbguard.file_monitor: File event recorded: modified /tmp/usbguard-filemonitor-d2rcbjb9/events.db-journal
2026-07-31 23:14:14,383 INFO usbguard: File event modified scanned: /tmp/usbguard-filemonitor-d2rcbjb9/events.db (risk=0.0)
2026-07-31 23:14:14,384 INFO usbguard.file_monitor: File event recorded: modified /tmp/usbguard-filemonitor-d2rcbjb9/events.db
2026-07-31 23:14:14,385 INFO usbguard.file_monitor: File event recorded: deleted /tmp/usbguard-filemonitor-d2rcbjb9/events.db-journal
2026-07-31 23:14:14,385 INFO usbguard.file_monitor: File event recorded: created /tmp/usbguard-filemonitor-d2rcbjb9/events.db-journal
2026-07-31 23:14:14,386 INFO usbguard.file_monitor: File event recorded: modified /tmp/usbguard-filemonitor-d2rcbjb9/events.db-journal
2026-07-31 23:14:14,399 INFO usbguard: File event modified scanned: /tmp/usbguard-filemonitor-d2rcbjb9/events.db (risk=0.0)
2026-07-31 23:14:14,400 INFO usbguard.file_monitor: File event recorded: modified /tmp/usbguard-filemonitor-d2rcbjb9/events.db
2026-07-31 23:14:14,401 INFO usbguard.file_monitor: File event recorded: deleted /tmp/usbguard-filemonitor-d2rcbjb9/events.db-journal
2026-07-31 23:14:14,401 INFO usbguard.file_monitor: File event recorded: created /tmp/usbguard-filemonitor-d2rcbjb9/events.db-journal
2026-07-31 23:14:14,402 INFO usbguard.file_monitor: File event recorded: modified /tmp/usbguard-filemonitor-d2rcbjb9/events.db-journal
2026-07-31 23:14:14,414 INFO usbguard: File event modified scanned: /tmp/usbguard-filemonitor-d2rcbjb9/events.db (risk=0.0)
2026-07-31 23:14:14,416 INFO usbguard.file_monitor: File event recorded: modified /tmp/usbguard-filemonitor-d2rcbjb9/events.db
2026-07-31 23:14:14,416 INFO usbguard.file_monitor: File event recorded: deleted /tmp/usbguard-filemonitor-d2rcbjb9/events.db-journal
2026-07-31 23:14:14,417 INFO usbguard.file_monitor: File event recorded: created /tmp/usbguard-filemonitor-d2rcbjb9/events.db-journal
2026-07-31 23:14:14,417 INFO usbguard.file_monitor: File event recorded: modified /tmp/usbguard-filemonitor-d2rcbjb9/events.db-journal
2026-07-31 23:14:14,429 INFO usbguard: File event modified scanned: /tmp/usbguard-filemonitor-d2rcbjb9/events.db (risk=0.0)
2026-07-31 23:14:14,430 INFO usbguard.file_monitor: File event recorded: modified /tmp/usbguard-filemonitor-d2rcbjb9/events.db
2026-07-31 23:14:14,430 INFO usbguard.file_monitor: File event recorded: deleted /tmp/usbguard-filemonitor-d2rcbjb9/events.db-journal
2026-07-31 23:14:14,431 INFO usbguard.file_monitor: File event recorded: created /tmp/usbguard-filemonitor-d2rcbjb9/events.db-journal
2026-07-31 23:14:14,432 INFO usbguard.file_monitor: File event recorded: modified /tmp/usbguard-filemonitor-d2rcbjb9/events.db-journal
2026-07-31 23:14:14,443 INFO usbguard: File event modified scanned: /tmp/usbguard-filemonitor-d2rcbjb9/events.db (risk=0.0)
2026-07-31 23:14:14,445 INFO usbguard.file_monitor: File event recorded: modified /tmp/usbguard-filemonitor-d2rcbjb9/events.db
2026-07-31 23:14:14,446 INFO usbguard.file_monitor: File event recorded: deleted /tmp/usbguard-filemonitor-d2rcbjb9/events.db-journal
2026-07-31 23:14:14,447 INFO usbguard.file_monitor: File event recorded: created /tmp/usbguard-filemonitor-d2rcbjb9/events.db-journal
2026-07-31 23:14:14,447 INFO usbguard.file_monitor: File event recorded: modified /tmp/usbguard-filemonitor-d2rcbjb9/events.db-journal
2026-07-31 23:14:14,458 INFO usbguard: File event modified scanned: /tmp/usbguard-filemonitor-d2rcbjb9/events.db (risk=0.0)
2026-07-31 23:14:14,460 INFO usbguard.file_monitor: File event recorded: modified /tmp/usbguard-filemonitor-d2rcbjb9/events.db
2026-07-31 23:14:14,460 INFO usbguard.file_monitor: File event recorded: deleted /tmp/usbguard-filemonitor-d2rcbjb9/events.db-journal
2026-07-31 23:14:14,461 INFO usbguard.file_monitor: File event recorded: created /tmp/usbguard-filemonitor-d2rcbjb9/events.db-journal
2026-07-31 23:14:14,462 INFO usbguard.file_monitor: File event recorded: modified /tmp/usbguard-filemonitor-d2rcbjb9/events.db-journal
2026-07-31 23:14:14,473 INFO usbguard: File event modified scanned: /tmp/usbguard-filemonitor-d2rcbjb9/events.db (risk=0.0)
2026-07-31 23:14:14,475 INFO usbguard.file_monitor: File event recorded: modified /tmp/usbguard-filemonitor-d2rcbjb9/events.db
2026-07-31 23:14:14,476 INFO usbguard.file_monitor: File event recorded: deleted /tmp/usbguard-filemonitor-d2rcbjb9/events.db-journal
2026-07-31 23:14:14,476 INFO usbguard.file_monitor: File event recorded: created /tmp/usbguard-filemonitor-d2rcbjb9/events.db-journal
2026-07-31 23:14:14,477 INFO usbguard.file_monitor: File event recorded: modified /tmp/usbguard-filemonitor-d2rcbjb9/events.db-journal
2026-07-31 23:14:14,489 INFO usbguard: File event modified scanned: /tmp/usbguard-filemonitor-d2rcbjb9/events.db (risk=0.0)
2026-07-31 23:14:14,490 INFO usbguard.file_monitor: File event recorded: modified /tmp/usbguard-filemonitor-d2rcbjb9/events.db
2026-07-31 23:14:14,490 INFO usbguard.file_monitor: File event recorded: deleted /tmp/usbguard-filemonitor-d2rcbjb9/events.db-journal
2026-07-31 23:14:14,491 INFO usbguard.file_monitor: File event recorded: created /tmp/usbguard-filemonitor-d2rcbjb9/events.db-journal
2026-07-31 23:14:14,491 INFO usbguard.file_monitor: File event recorded: modified /tmp/usbguard-filemonitor-d2rcbjb9/events.db-journal
2026-07-31 23:14:14,504 INFO usbguard: File event modified scanned: /tmp/usbguard-filemonitor-d2rcbjb9/events.db (risk=0.0)
2026-07-31 23:14:14,505 INFO usbguard.file_monitor: File event recorded: modified /tmp/usbguard-filemonitor-d2rcbjb9/events.db
2026-07-31 23:14:14,505 INFO usbguard.file_monitor: File event recorded: deleted /tmp/usbguard-filemonitor-d2rcbjb9/events.db-journal
2026-07-31 23:14:14,506 INFO usbguard.file_monitor: File event recorded: created /tmp/usbguard-filemonitor-d2rcbjb9/events.db-journal
2026-07-31 23:14:14,506 INFO usbguard.file_monitor: File event recorded: modified /tmp/usbguard-filemonitor-d2rcbjb9/events.db-journal
2026-07-31 23:14:14,520 INFO usbguard: File event modified scanned: /tmp/usbguard-filemonitor-d2rcbjb9/events.db (risk=0.0)
2026-07-31 23:14:14,521 INFO usbguard.file_monitor: File event recorded: modified /tmp/usbguard-filemonitor-d2rcbjb9/events.db
2026-07-31 23:14:14,521 INFO usbguard.file_monitor: File event recorded: deleted /tmp/usbguard-filemonitor-d2rcbjb9/events.db-journal
2026-07-31 23:14:14,522 INFO usbguard.file_monitor: File event recorded: created /tmp/usbguard-filemonitor-d2rcbjb9/events.db-journal
2026-07-31 23:14:14,523 INFO usbguard.file_monitor: File event recorded: modified /tmp/usbguard-filemonitor-d2rcbjb9/events.db-journal
2026-07-31 23:14:14,536 INFO usbguard: File event modified scanned: /tmp/usbguard-filemonitor-d2rcbjb9/events.db (risk=0.0)
2026-07-31 23:14:14,538 INFO usbguard.file_monitor: File event recorded: modified /tmp/usbguard-filemonitor-d2rcbjb9/events.db
2026-07-31 23:14:14,538 INFO usbguard.file_monitor: File event recorded: deleted /tmp/usbguard-filemonitor-d2rcbjb9/events.db-journal
2026-07-31 23:14:14,539 INFO usbguard.file_monitor: File event recorded: created /tmp/usbguard-filemonitor-d2rcbjb9/events.db-journal
2026-07-31 23:14:14,539 INFO usbguard.file_monitor: File event recorded: modified /tmp/usbguard-filemonitor-d2rcbjb9/events.db-journal
2026-07-31 23:14:14,553 INFO usbguard: File event modified scanned: /tmp/usbguard-filemonitor-d2rcbjb9/events.db (risk=0.0)
2026-07-31 23:14:14,554 INFO usbguard.file_monitor: File event recorded: modified /tmp/usbguard-filemonitor-d2rcbjb9/events.db
2026-07-31 23:14:14,555 INFO usbguard.file_monitor: File event recorded: deleted /tmp/usbguard-filemonitor-d2rcbjb9/events.db-journal
2026-07-31 23:14:14,555 INFO usbguard.file_monitor: File event recorded: created /tmp/usbguard-filemonitor-d2rcbjb9/events.db-journal
2026-07-31 23:14:14,556 INFO usbguard.file_monitor: File event recorded: modified /tmp/usbguard-filemonitor-d2rcbjb9/events.db-journal
2026-07-31 23:14:14,571 INFO usbguard: File event modified scanned: /tmp/usbguard-filemonitor-d2rcbjb9/events.db (risk=0.0)
2026-07-31 23:14:14,572 INFO usbguard.file_monitor: File event recorded: modified /tmp/usbguard-filemonitor-d2rcbjb9/events.db
2026-07-31 23:14:14,573 INFO usbguard.file_monitor: File event recorded: deleted /tmp/usbguard-filemonitor-d2rcbjb9/events.db-journal
2026-07-31 23:14:14,573 INFO usbguard.file_monitor: File event recorded: created /tmp/usbguard-filemonitor-d2rcbjb9/events.db-journal
2026-07-31 23:14:14,574 INFO usbguard.file_monitor: File event recorded: modified /tmp/usbguard-filemonitor-d2rcbjb9/events.db-journal
2026-07-31 23:14:14,587 INFO usbguard: File event modified scanned: /tmp/usbguard-filemonitor-d2rcbjb9/events.db (risk=0.0)
2026-07-31 23:14:14,588 INFO usbguard.file_monitor: File event recorded: modified /tmp/usbguard-filemonitor-d2rcbjb9/events.db
2026-07-31 23:14:14,589 INFO usbguard.file_monitor: File event recorded: deleted /tmp/usbguard-filemonitor-d2rcbjb9/events.db-journal
2026-07-31 23:14:14,589 INFO usbguard.file_monitor: File event recorded: created /tmp/usbguard-filemonitor-d2rcbjb9/events.db-journal
2026-07-31 23:14:14,590 INFO usbguard.file_monitor: File event recorded: modified /tmp/usbguard-filemonitor-d2rcbjb9/events.db-journal
2026-07-31 23:14:14,604 INFO usbguard: File event modified scanned: /tmp/usbguard-filemonitor-d2rcbjb9/events.db (risk=0.0)
2026-07-31 23:14:14,605 INFO usbguard.file_monitor: File event recorded: modified /tmp/usbguard-filemonitor-d2rcbjb9/events.db
2026-07-31 23:14:14,606 INFO usbguard.file_monitor: File event recorded: deleted /tmp/usbguard-filemonitor-d2rcbjb9/events.db-journal
2026-07-31 23:14:14,606 INFO usbguard.file_monitor: File event recorded: created /tmp/usbguard-filemonitor-d2rcbjb9/events.db-journal
2026-07-31 23:14:14,607 INFO usbguard.file_monitor: File event recorded: modified /tmp/usbguard-filemonitor-d2rcbjb9/events.db-journal
2026-07-31 23:14:14,620 INFO usbguard: File event modified scanned: /tmp/usbguard-filemonitor-d2rcbjb9/events.db (risk=0.0)
2026-07-31 23:14:14,622 INFO usbguard.file_monitor: File event recorded: modified /tmp/usbguard-filemonitor-d2rcbjb9/events.db
2026-07-31 23:14:14,622 INFO usbguard.file_monitor: File event recorded: deleted /tmp/usbguard-filemonitor-d2rcbjb9/events.db-journal
2026-07-31 23:14:14,622 INFO usbguard.file_monitor: File event recorded: created /tmp/usbguard-filemonitor-d2rcbjb9/events.db-journal
2026-07-31 23:14:14,623 INFO usbguard.file_monitor: File event recorded: modified /tmp/usbguard-filemonitor-d2rcbjb9/events.db-journal
2026-07-31 23:14:14,635 INFO usbguard: File event modified scanned: /tmp/usbguard-filemonitor-d2rcbjb9/events.db (risk=0.0)
2026-07-31 23:14:14,636 INFO usbguard.file_monitor: File event recorded: modified /tmp/usbguard-filemonitor-d2rcbjb9/events.db
2026-07-31 23:14:14,637 INFO usbguard.file_monitor: File event recorded: deleted /tmp/usbguard-filemonitor-d2rcbjb9/events.db-journal
2026-07-31 23:14:14,638 INFO usbguard.file_monitor: File event recorded: created /tmp/usbguard-filemonitor-d2rcbjb9/events.db-journal
2026-07-31 23:14:14,638 INFO usbguard.file_monitor: File event recorded: modified /tmp/usbguard-filemonitor-d2rcbjb9/events.db-journal
2026-07-31 23:14:14,653 INFO usbguard: File event modified scanned: /tmp/usbguard-filemonitor-d2rcbjb9/events.db (risk=0.0)
2026-07-31 23:14:14,654 INFO usbguard.file_monitor: File event recorded: modified /tmp/usbguard-filemonitor-d2rcbjb9/events.db
2026-07-31 23:14:14,655 INFO usbguard.file_monitor: File event recorded: deleted /tmp/usbguard-filemonitor-d2rcbjb9/events.db-journal
2026-07-31 23:14:14,656 INFO usbguard.file_monitor: File event recorded: created /tmp/usbguard-filemonitor-d2rcbjb9/events.db-journal
2026-07-31 23:14:14,656 INFO usbguard.file_monitor: File event recorded: modified /tmp/usbguard-filemonitor-d2rcbjb9/events.db-journal
2026-07-31 23:14:14,670 INFO usbguard: File event modified scanned: /tmp/usbguard-filemonitor-d2rcbjb9/events.db (risk=0.0)
2026-07-31 23:14:14,671 INFO usbguard.file_monitor: File event recorded: modified /tmp/usbguard-filemonitor-d2rcbjb9/events.db
2026-07-31 23:14:14,671 INFO usbguard.file_monitor: File event recorded: deleted /tmp/usbguard-filemonitor-d2rcbjb9/events.db-journal
2026-07-31 23:14:14,672 INFO usbguard.file_monitor: File event recorded: created /tmp/usbguard-filemonitor-d2rcbjb9/events.db-journal
2026-07-31 23:14:14,672 INFO usbguard.file_monitor: File event recorded: modified /tmp/usbguard-filemonitor-d2rcbjb9/events.db-journal
2026-07-31 23:14:14,686 INFO usbguard: File event modified scanned: /tmp/usbguard-filemonitor-d2rcbjb9/events.db (risk=0.0)
2026-07-31 23:14:14,687 INFO usbguard.file_monitor: File event recorded: modified /tmp/usbguard-filemonitor-d2rcbjb9/events.db
2026-07-31 23:14:14,688 INFO usbguard.file_monitor: File event recorded: deleted /tmp/usbguard-filemonitor-d2rcbjb9/events.db-journal
2026-07-31 23:14:14,689 INFO usbguard.file_monitor: File event recorded: created /tmp/usbguard-filemonitor-d2rcbjb9/events.db-journal
2026-07-31 23:14:14,690 INFO usbguard.file_monitor: File event recorded: modified /tmp/usbguard-filemonitor-d2rcbjb9/events.db-journal
2026-07-31 23:14:14,705 INFO usbguard: File event modified scanned: /tmp/usbguard-filemonitor-d2rcbjb9/events.db (risk=0.0)
2026-07-31 23:14:14,706 INFO usbguard.file_monitor: File event recorded: modified /tmp/usbguard-filemonitor-d2rcbjb9/events.db
2026-07-31 23:14:14,707 INFO usbguard.file_monitor: File event recorded: deleted /tmp/usbguard-filemonitor-d2rcbjb9/events.db-journal
2026-07-31 23:14:14,707 INFO usbguard.file_monitor: File event recorded: created /tmp/usbguard-filemonitor-d2rcbjb9/events.db-journal
2026-07-31 23:14:14,707 INFO usbguard.file_monitor: File event recorded: modified /tmp/usbguard-filemonitor-d2rcbjb9/events.db-journal
2026-07-31 23:14:14,721 INFO usbguard: File event modified scanned: /tmp/usbguard-filemonitor-d2rcbjb9/events.db (risk=0.0)
2026-07-31 23:14:14,722 INFO usbguard.file_monitor: File event recorded: modified /tmp/usbguard-filemonitor-d2rcbjb9/events.db
2026-07-31 23:14:14,723 INFO usbguard.file_monitor: File event recorded: deleted /tmp/usbguard-filemonitor-d2rcbjb9/events.db-journal
2026-07-31 23:14:14,724 INFO usbguard.file_monitor: File event recorded: created /tmp/usbguard-filemonitor-d2rcbjb9/events.db-journal
2026-07-31 23:14:14,725 INFO usbguard.file_monitor: File event recorded: modified /tmp/usbguard-filemonitor-d2rcbjb9/events.db-journal
2026-07-31 23:14:14,739 INFO usbguard: File event modified scanned: /tmp/usbguard-filemonitor-d2rcbjb9/events.db (risk=0.0)
2026-07-31 23:14:14,740 INFO usbguard.file_monitor: File event recorded: modified /tmp/usbguard-filemonitor-d2rcbjb9/events.db
2026-07-31 23:14:14,740 INFO usbguard.file_monitor: File event recorded: deleted /tmp/usbguard-filemonitor-d2rcbjb9/events.db-journal
2026-07-31 23:14:14,741 INFO usbguard.file_monitor: File event recorded: created /tmp/usbguard-filemonitor-d2rcbjb9/events.db-journal
2026-07-31 23:14:14,741 INFO usbguard.file_monitor: File event recorded: modified /tmp/usbguard-filemonitor-d2rcbjb9/events.db-journal
2026-07-31 23:14:14,754 INFO usbguard: File event modified scanned: /tmp/usbguard-filemonitor-d2rcbjb9/events.db (risk=0.0)
2026-07-31 23:14:14,755 INFO usbguard.file_monitor: File event recorded: modified /tmp/usbguard-filemonitor-d2rcbjb9/events.db
2026-07-31 23:14:14,755 INFO usbguard.file_monitor: File event recorded: deleted /tmp/usbguard-filemonitor-d2rcbjb9/events.db-journal
2026-07-31 23:14:14,756 INFO usbguard.file_monitor: File event recorded: created /tmp/usbguard-filemonitor-d2rcbjb9/events.db-journal
2026-07-31 23:14:14,756 INFO usbguard.file_monitor: File event recorded: modified /tmp/usbguard-filemonitor-d2rcbjb9/events.db-journal
2026-07-31 23:14:14,770 INFO usbguard: File event modified scanned: /tmp/usbguard-filemonitor-d2rcbjb9/events.db (risk=0.0)
2026-07-31 23:14:14,771 INFO usbguard.file_monitor: File event recorded: modified /tmp/usbguard-filemonitor-d2rcbjb9/events.db
2026-07-31 23:14:14,772 INFO usbguard.file_monitor: File event recorded: deleted /tmp/usbguard-filemonitor-d2rcbjb9/events.db-journal
2026-07-31 23:14:14,773 INFO usbguard.file_monitor: File event recorded: created /tmp/usbguard-filemonitor-d2rcbjb9/events.db-journal
2026-07-31 23:14:14,774 INFO usbguard.file_monitor: File event recorded: modified /tmp/usbguard-filemonitor-d2rcbjb9/events.db-journal
2026-07-31 23:14:14,788 INFO usbguard: File event modified scanned: /tmp/usbguard-filemonitor-d2rcbjb9/events.db (risk=0.0)
2026-07-31 23:14:14,789 INFO usbguard.file_monitor: File event recorded: modified /tmp/usbguard-filemonitor-d2rcbjb9/events.db
2026-07-31 23:14:14,789 INFO usbguard.file_monitor: File event recorded: deleted /tmp/usbguard-filemonitor-d2rcbjb9/events.db-journal
2026-07-31 23:14:14,790 INFO usbguard.file_monitor: File event recorded: created /tmp/usbguard-filemonitor-d2rcbjb9/events.db-journal
2026-07-31 23:14:14,790 INFO usbguard.file_monitor: File event recorded: modified /tmp/usbguard-filemonitor-d2rcbjb9/events.db-journal
2026-07-31 23:14:14,803 INFO usbguard: File event modified scanned: /tmp/usbguard-filemonitor-d2rcbjb9/events.db (risk=0.0)
2026-07-31 23:14:14,804 INFO usbguard.file_monitor: File event recorded: modified /tmp/usbguard-filemonitor-d2rcbjb9/events.db
2026-07-31 23:14:14,805 INFO usbguard.file_monitor: File event recorded: deleted /tmp/usbguard-filemonitor-d2rcbjb9/events.db-journal
2026-07-31 23:14:14,805 INFO usbguard.file_monitor: File event recorded: created /tmp/usbguard-filemonitor-d2rcbjb9/events.db-journal
2026-07-31 23:14:14,806 INFO usbguard.file_monitor: File event recorded: modified /tmp/usbguard-filemonitor-d2rcbjb9/events.db-journal
2026-07-31 23:14:14,820 INFO usbguard: File event modified scanned: /tmp/usbguard-filemonitor-d2rcbjb9/events.db (risk=0.0)
2026-07-31 23:14:14,822 INFO usbguard.file_monitor: File event recorded: modified /tmp/usbguard-filemonitor-d2rcbjb9/events.db
2026-07-31 23:14:14,822 INFO usbguard.file_monitor: File event recorded: deleted /tmp/usbguard-filemonitor-d2rcbjb9/events.db-journal
2026-07-31 23:14:14,823 INFO usbguard.file_monitor: File event recorded: created /tmp/usbguard-filemonitor-d2rcbjb9/events.db-journal
2026-07-31 23:14:14,824 INFO usbguard.file_monitor: File event recorded: modified /tmp/usbguard-filemonitor-d2rcbjb9/events.db-journal
2026-07-31 23:14:14,844 INFO usbguard: File event modified scanned: /tmp/usbguard-filemonitor-d2rcbjb9/events.db (risk=0.0)
2026-07-31 23:14:14,846 INFO usbguard.file_monitor: File event recorded: modified /tmp/usbguard-filemonitor-d2rcbjb9/events.db
2026-07-31 23:14:14,846 INFO usbguard.file_monitor: File event recorded: deleted /tmp/usbguard-filemonitor-d2rcbjb9/events.db-journal
2026-07-31 23:14:14,847 INFO usbguard.file_monitor: File event recorded: created /tmp/usbguard-filemonitor-d2rcbjb9/events.db-journal
2026-07-31 23:14:14,847 INFO usbguard.file_monitor: File event recorded: modified /tmp/usbguard-filemonitor-d2rcbjb9/events.db-journal
2026-07-31 23:14:14,868 INFO usbguard: File event modified scanned: /tmp/usbguard-filemonitor-d2rcbjb9/events.db (risk=0.0)
2026-07-31 23:14:14,869 INFO usbguard.file_monitor: File event recorded: modified /tmp/usbguard-filemonitor-d2rcbjb9/events.db
2026-07-31 23:14:14,870 INFO usbguard.file_monitor: File event recorded: deleted /tmp/usbguard-filemonitor-d2rcbjb9/events.db-journal
2026-07-31 23:14:14,871 INFO usbguard.file_monitor: File event recorded: created /tmp/usbguard-filemonitor-d2rcbjb9/events.db-journal
2026-07-31 23:14:14,871 INFO usbguard.file_monitor: File event recorded: modified /tmp/usbguard-filemonitor-d2rcbjb9/events.db-journal
2026-07-31 23:14:14,885 INFO usbguard: File event modified scanned: /tmp/usbguard-filemonitor-d2rcbjb9/events.db (risk=0.0)
2026-07-31 23:14:14,886 INFO usbguard.file_monitor: File event recorded: modified /tmp/usbguard-filemonitor-d2rcbjb9/events.db
2026-07-31 23:14:14,887 INFO usbguard.file_monitor: File event recorded: deleted /tmp/usbguard-filemonitor-d2rcbjb9/events.db-journal
2026-07-31 23:14:14,887 INFO usbguard.file_monitor: File event recorded: created /tmp/usbguard-filemonitor-d2rcbjb9/events.db-journal
2026-07-31 23:14:14,888 INFO usbguard.file_monitor: File event recorded: modified /tmp/usbguard-filemonitor-d2rcbjb9/events.db-journal
2026-07-31 23:14:14,903 INFO usbguard: File event modified scanned: /tmp/usbguard-filemonitor-d2rcbjb9/events.db (risk=0.0)
2026-07-31 23:14:14,904 INFO usbguard.file_monitor: File event recorded: modified /tmp/usbguard-filemonitor-d2rcbjb9/events.db
2026-07-31 23:14:14,905 INFO usbguard.file_monitor: File event recorded: deleted /tmp/usbguard-filemonitor-d2rcbjb9/events.db-journal
2026-07-31 23:14:14,905 INFO usbguard.file_monitor: File event recorded: created /tmp/usbguard-filemonitor-d2rcbjb9/events.db-journal
2026-07-31 23:14:14,906 INFO usbguard.file_monitor: File event recorded: modified /tmp/usbguard-filemonitor-d2rcbjb9/events.db-journal
2026-07-31 23:14:14,919 INFO usbguard: File event modified scanned: /tmp/usbguard-filemonitor-d2rcbjb9/events.db (risk=0.0)
2026-07-31 23:14:14,921 INFO usbguard.file_monitor: File event recorded: modified /tmp/usbguard-filemonitor-d2rcbjb9/events.db
2026-07-31 23:14:14,921 INFO usbguard.file_monitor: File event recorded: deleted /tmp/usbguard-filemonitor-d2rcbjb9/events.db-journal
2026-07-31 23:14:14,922 INFO usbguard.file_monitor: File event recorded: created /tmp/usbguard-filemonitor-d2rcbjb9/events.db-journal
2026-07-31 23:14:14,923 INFO usbguard.file_monitor: File event recorded: modified /tmp/usbguard-filemonitor-d2rcbjb9/events.db-journal
2026-07-31 23:14:14,937 INFO usbguard: File event modified scanned: /tmp/usbguard-filemonitor-d2rcbjb9/events.db (risk=0.0)
2026-07-31 23:14:14,939 INFO usbguard.file_monitor: File event recorded: modified /tmp/usbguard-filemonitor-d2rcbjb9/events.db
2026-07-31 23:14:14,940 INFO usbguard.file_monitor: File event recorded: deleted /tmp/usbguard-filemonitor-d2rcbjb9/events.db-journal
2026-07-31 23:14:14,940 INFO usbguard.file_monitor: File event recorded: created /tmp/usbguard-filemonitor-d2rcbjb9/events.db-journal
2026-07-31 23:14:14,941 INFO usbguard.file_monitor: File event recorded: modified /tmp/usbguard-filemonitor-d2rcbjb9/events.db-journal
2026-07-31 23:14:14,955 INFO usbguard: File event modified scanned: /tmp/usbguard-filemonitor-d2rcbjb9/events.db (risk=0.0)
2026-07-31 23:14:14,956 INFO usbguard.file_monitor: File event recorded: modified /tmp/usbguard-filemonitor-d2rcbjb9/events.db
2026-07-31 23:14:14,956 INFO usbguard.file_monitor: File event recorded: deleted /tmp/usbguard-filemonitor-d2rcbjb9/events.db-journal
2026-07-31 23:14:14,957 INFO usbguard.file_monitor: File event recorded: created /tmp/usbguard-filemonitor-d2rcbjb9/events.db-journal
2026-07-31 23:14:14,957 INFO usbguard.file_monitor: File event recorded: modified /tmp/usbguard-filemonitor-d2rcbjb9/events.db-journal
2026-07-31 23:14:14,972 INFO usbguard: File event modified scanned: /tmp/usbguard-filemonitor-d2rcbjb9/events.db (risk=0.0)
2026-07-31 23:14:14,973 INFO usbguard.file_monitor: File event recorded: modified /tmp/usbguard-filemonitor-d2rcbjb9/events.db
2026-07-31 23:14:14,974 INFO usbguard.file_monitor: File event recorded: deleted /tmp/usbguard-filemonitor-d2rcbjb9/events.db-journal
2026-07-31 23:14:14,975 INFO usbguard.file_monitor: File event recorded: created /tmp/usbguard-filemonitor-d2rcbjb9/events.db-journal
2026-07-31 23:14:14,975 INFO usbguard.file_monitor: File event recorded: modified /tmp/usbguard-filemonitor-d2rcbjb9/events.db-journal
2026-07-31 23:14:14,992 INFO usbguard: File event modified scanned: /tmp/usbguard-filemonitor-d2rcbjb9/events.db (risk=0.0)
2026-07-31 23:14:14,993 INFO usbguard.file_monitor: File event recorded: modified /tmp/usbguard-filemonitor-d2rcbjb9/events.db
2026-07-31 23:14:14,993 INFO usbguard.file_monitor: File event recorded: deleted /tmp/usbguard-filemonitor-d2rcbjb9/events.db-journal
2026-07-31 23:14:14,994 INFO usbguard.file_monitor: File event recorded: created /tmp/usbguard-filemonitor-d2rcbjb9/events.db-journal
2026-07-31 23:14:14,995 INFO usbguard.file_monitor: File event recorded: modified /tmp/usbguard-filemonitor-d2rcbjb9/events.db-journal
2026-07-31 23:14:15,012 INFO usbguard: File event modified scanned: /tmp/usbguard-filemonitor-d2rcbjb9/events.db (risk=0.0)
2026-07-31 23:14:15,013 INFO usbguard.file_monitor: File event recorded: modified /tmp/usbguard-filemonitor-d2rcbjb9/events.db
2026-07-31 23:14:15,013 INFO usbguard.file_monitor: File event recorded: deleted /tmp/usbguard-filemonitor-d2rcbjb9/events.db-journal
2026-07-31 23:14:15,014 INFO usbguard.file_monitor: File event recorded: created /tmp/usbguard-filemonitor-d2rcbjb9/events.db-journal
2026-07-31 23:14:15,015 INFO usbguard.file_monitor: File event recorded: modified /tmp/usbguard-filemonitor-d2rcbjb9/events.db-journal
2026-07-31 23:14:15,032 INFO usbguard: File event modified scanned: /tmp/usbguard-filemonitor-d2rcbjb9/events.db (risk=0.0)
2026-07-31 23:14:15,033 INFO usbguard.file_monitor: File event recorded: modified /tmp/usbguard-filemonitor-d2rcbjb9/events.db
2026-07-31 23:14:15,033 INFO usbguard.file_monitor: File event recorded: deleted /tmp/usbguard-filemonitor-d2rcbjb9/events.db-journal
2026-07-31 23:14:15,034 INFO usbguard.file_monitor: File event recorded: created /tmp/usbguard-filemonitor-d2rcbjb9/events.db-journal
2026-07-31 23:14:15,034 INFO usbguard.file_monitor: File event recorded: modified /tmp/usbguard-filemonitor-d2rcbjb9/events.db-journal
2026-07-31 23:14:15,051 INFO usbguard: File event modified scanned: /tmp/usbguard-filemonitor-d2rcbjb9/events.db (risk=0.0)
2026-07-31 23:14:15,052 INFO usbguard.file_monitor: File event recorded: modified /tmp/usbguard-filemonitor-d2rcbjb9/events.db
2026-07-31 23:14:15,053 INFO usbguard.file_monitor: File event recorded: deleted /tmp/usbguard-filemonitor-d2rcbjb9/events.db-journal
2026-07-31 23:14:15,053 INFO usbguard.file_monitor: File event recorded: created /tmp/usbguard-filemonitor-d2rcbjb9/events.db-journal
2026-07-31 23:14:15,054 INFO usbguard.file_monitor: File event recorded: modified /tmp/usbguard-filemonitor-d2rcbjb9/events.db-journal
2026-07-31 23:14:15,071 INFO usbguard: File event modified scanned: /tmp/usbguard-filemonitor-d2rcbjb9/events.db (risk=0.0)
2026-07-31 23:14:15,072 INFO usbguard.file_monitor: File event recorded: modified /tmp/usbguard-filemonitor-d2rcbjb9/events.db
2026-07-31 23:14:15,073 INFO usbguard.file_monitor: File event recorded: deleted /tmp/usbguard-filemonitor-d2rcbjb9/events.db-journal
2026-07-31 23:14:15,073 INFO usbguard.file_monitor: File event recorded: created /tmp/usbguard-filemonitor-d2rcbjb9/events.db-journal
2026-07-31 23:14:15,074 INFO usbguard.file_monitor: File event recorded: modified /tmp/usbguard-filemonitor-d2rcbjb9/events.db-journal
2026-07-31 23:14:15,091 INFO usbguard: File event modified scanned: /tmp/usbguard-filemonitor-d2rcbjb9/events.db (risk=0.0)
2026-07-31 23:14:15,092 INFO usbguard.file_monitor: File event recorded: modified /tmp/usbguard-filemonitor-d2rcbjb9/events.db
2026-07-31 23:14:15,093 INFO usbguard.file_monitor: File event recorded: deleted /tmp/usbguard-filemonitor-d2rcbjb9/events.db-journal
2026-07-31 23:14:15,094 INFO usbguard.file_monitor: File event recorded: created /tmp/usbguard-filemonitor-d2rcbjb9/events.db-journal
2026-07-31 23:14:15,094 INFO usbguard.file_monitor: File event recorded: modified /tmp/usbguard-filemonitor-d2rcbjb9/events.db-journal
2026-07-31 23:14:15,110 INFO usbguard: File event modified scanned: /tmp/usbguard-filemonitor-d2rcbjb9/events.db (risk=0.0)
2026-07-31 23:14:15,111 INFO usbguard.file_monitor: File event recorded: modified /tmp/usbguard-filemonitor-d2rcbjb9/events.db
2026-07-31 23:14:15,112 INFO usbguard.file_monitor: File event recorded: deleted /tmp/usbguard-filemonitor-d2rcbjb9/events.db-journal
2026-07-31 23:14:15,113 INFO usbguard.file_monitor: File event recorded: created /tmp/usbguard-filemonitor-d2rcbjb9/events.db-journal
2026-07-31 23:14:15,114 INFO usbguard.file_monitor: File event recorded: modified /tmp/usbguard-filemonitor-d2rcbjb9/events.db-journal
2026-07-31 23:14:15,129 INFO usbguard: File event modified scanned: /tmp/usbguard-filemonitor-d2rcbjb9/events.db (risk=0.0)
2026-07-31 23:14:15,130 INFO usbguard.file_monitor: File event recorded: modified /tmp/usbguard-filemonitor-d2rcbjb9/events.db
2026-07-31 23:14:15,131 INFO usbguard.file_monitor: File event recorded: deleted /tmp/usbguard-filemonitor-d2rcbjb9/events.db-journal
2026-07-31 23:14:15,131 INFO usbguard.file_monitor: File event recorded: created /tmp/usbguard-filemonitor-d2rcbjb9/events.db-journal
2026-07-31 23:14:15,132 INFO usbguard.file_monitor: File event recorded: modified /tmp/usbguard-filemonitor-d2rcbjb9/events.db-journal
2026-07-31 23:14:15,148 INFO usbguard: File event modified scanned: /tmp/usbguard-filemonitor-d2rcbjb9/events.db (risk=0.0)
2026-07-31 23:14:15,149 INFO usbguard.file_monitor: File event recorded: modified /tmp/usbguard-filemonitor-d2rcbjb9/events.db
2026-07-31 23:14:15,150 INFO usbguard.file_monitor: File event recorded: deleted /tmp/usbguard-filemonitor-d2rcbjb9/events.db-journal
2026-07-31 23:14:15,150 INFO usbguard.file_monitor: File event recorded: created /tmp/usbguard-filemonitor-d2rcbjb9/events.db-journal
2026-07-31 23:14:15,151 INFO usbguard.file_monitor: File event recorded: modified /tmp/usbguard-filemonitor-d2rcbjb9/events.db-journal
2026-07-31 23:14:15,166 INFO usbguard: File event modified scanned: /tmp/usbguard-filemonitor-d2rcbjb9/events.db (risk=0.0)
2026-07-31 23:14:15,168 INFO usbguard.file_monitor: File event recorded: modified /tmp/usbguard-filemonitor-d2rcbjb9/events.db
2026-07-31 23:14:15,169 INFO usbguard.file_monitor: File event recorded: deleted /tmp/usbguard-filemonitor-d2rcbjb9/events.db-journal
2026-07-31 23:14:15,170 INFO usbguard.file_monitor: File event recorded: created /tmp/usbguard-filemonitor-d2rcbjb9/events.db-journal
2026-07-31 23:14:15,170 INFO usbguard.file_monitor: File event recorded: modified /tmp/usbguard-filemonitor-d2rcbjb9/events.db-journal
2026-07-31 23:14:15,186 INFO usbguard: File event modified scanned: /tmp/usbguard-filemonitor-d2rcbjb9/events.db (risk=0.0)
2026-07-31 23:14:15,188 INFO usbguard.file_monitor: File event recorded: modified /tmp/usbguard-filemonitor-d2rcbjb9/events.db
2026-07-31 23:14:15,188 INFO usbguard.file_monitor: File event recorded: deleted /tmp/usbguard-filemonitor-d2rcbjb9/events.db-journal
2026-07-31 23:14:15,189 INFO usbguard.file_monitor: File event recorded: created /tmp/usbguard-filemonitor-d2rcbjb9/events.db-journal
2026-07-31 23:14:15,190 INFO usbguard.file_monitor: File event recorded: modified /tmp/usbguard-filemonitor-d2rcbjb9/events.db-journal
2026-07-31 23:14:15,206 INFO usbguard: File event modified scanned: /tmp/usbguard-filemonitor-d2rcbjb9/events.db (risk=0.0)
2026-07-31 23:14:15,207 INFO usbguard.file_monitor: File event recorded: modified /tmp/usbguard-filemonitor-d2rcbjb9/events.db
2026-07-31 23:14:15,208 INFO usbguard.file_monitor: File event recorded: deleted /tmp/usbguard-filemonitor-d2rcbjb9/events.db-journal
2026-07-31 23:14:15,208 INFO usbguard.file_monitor: File event recorded: created /tmp/usbguard-filemonitor-d2rcbjb9/events.db-journal
2026-07-31 23:14:15,209 INFO usbguard.file_monitor: File event recorded: modified /tmp/usbguard-filemonitor-d2rcbjb9/events.db-journal
2026-07-31 23:14:15,225 INFO usbguard: File event modified scanned: /tmp/usbguard-filemonitor-d2rcbjb9/events.db (risk=0.0)
2026-07-31 23:14:15,226 INFO usbguard.file_monitor: File event recorded: modified /tmp/usbguard-filemonitor-d2rcbjb9/events.db
2026-07-31 23:14:15,227 INFO usbguard.file_monitor: File event recorded: deleted /tmp/usbguard-filemonitor-d2rcbjb9/events.db-journal
2026-07-31 23:14:15,228 INFO usbguard.file_monitor: File event recorded: created /tmp/usbguard-filemonitor-d2rcbjb9/events.db-journal
2026-07-31 23:14:15,228 INFO usbguard.file_monitor: File event recorded: modified /tmp/usbguard-filemonitor-d2rcbjb9/events.db-journal
2026-07-31 23:14:15,245 INFO usbguard: File event modified scanned: /tmp/usbguard-filemonitor-d2rcbjb9/events.db (risk=0.0)
2026-07-31 23:14:15,246 INFO usbguard.file_monitor: File event recorded: modified /tmp/usbguard-filemonitor-d2rcbjb9/events.db
2026-07-31 23:14:15,247 INFO usbguard.file_monitor: File event recorded: deleted /tmp/usbguard-filemonitor-d2rcbjb9/events.db-journal
2026-07-31 23:14:15,247 INFO usbguard.file_monitor: File event recorded: created /tmp/usbguard-filemonitor-d2rcbjb9/events.db-journal
2026-07-31 23:14:15,248 INFO usbguard.file_monitor: File event recorded: modified /tmp/usbguard-filemonitor-d2rcbjb9/events.db-journal
2026-07-31 23:14:15,263 INFO usbguard: File event modified scanned: /tmp/usbguard-filemonitor-d2rcbjb9/events.db (risk=0.0)
2026-07-31 23:14:15,265 INFO usbguard.file_monitor: File event recorded: modified /tmp/usbguard-filemonitor-d2rcbjb9/events.db
2026-07-31 23:14:15,266 INFO usbguard.file_monitor: File event recorded: deleted /tmp/usbguard-filemonitor-d2rcbjb9/events.db-journal
2026-07-31 23:14:15,267 INFO usbguard.file_monitor: File event recorded: created /tmp/usbguard-filemonitor-d2rcbjb9/events.db-journal
2026-07-31 23:14:15,267 INFO usbguard.file_monitor: File event recorded: modified /tmp/usbguard-filemonitor-d2rcbjb9/events.db-journal
2026-07-31 23:14:15,283 INFO usbguard: File event modified scanned: /tmp/usbguard-filemonitor-d2rcbjb9/events.db (risk=0.0)
2026-07-31 23:14:15,284 INFO usbguard.file_monitor: File event recorded: modified /tmp/usbguard-filemonitor-d2rcbjb9/events.db
2026-07-31 23:14:15,285 INFO usbguard.file_monitor: File event recorded: deleted /tmp/usbguard-filemonitor-d2rcbjb9/events.db-journal
2026-07-31 23:14:15,285 INFO usbguard.file_monitor: File event recorded: created /tmp/usbguard-filemonitor-d2rcbjb9/events.db-journal
2026-07-31 23:14:15,286 INFO usbguard.file_monitor: File event recorded: modified /tmp/usbguard-filemonitor-d2rcbjb9/events.db-journal
2026-07-31 23:14:15,302 INFO usbguard: File event modified scanned: /tmp/usbguard-filemonitor-d2rcbjb9/events.db (risk=0.0)
2026-07-31 23:14:15,303 INFO usbguard.file_monitor: File event recorded: modified /tmp/usbguard-filemonitor-d2rcbjb9/events.db
2026-07-31 23:14:15,304 INFO usbguard.file_monitor: File event recorded: deleted /tmp/usbguard-filemonitor-d2rcbjb9/events.db-journal
2026-07-31 23:14:15,304 INFO usbguard.file_monitor: File event recorded: created /tmp/usbguard-filemonitor-d2rcbjb9/events.db-journal
2026-07-31 23:14:15,305 INFO usbguard.file_monitor: File event recorded: modified /tmp/usbguard-filemonitor-d2rcbjb9/events.db-journal
2026-07-31 23:14:15,322 INFO usbguard: File event modified scanned: /tmp/usbguard-filemonitor-d2rcbjb9/events.db (risk=0.0)
2026-07-31 23:14:15,323 INFO usbguard.file_monitor: File event recorded: modified /tmp/usbguard-filemonitor-d2rcbjb9/events.db
2026-07-31 23:14:15,324 INFO usbguard.file_monitor: File event recorded: deleted /tmp/usbguard-filemonitor-d2rcbjb9/events.db-journal
2026-07-31 23:14:15,324 INFO usbguard.file_monitor: File event recorded: created /tmp/usbguard-filemonitor-d2rcbjb9/events.db-journal
2026-07-31 23:14:15,325 INFO usbguard.file_monitor: File event recorded: modified /tmp/usbguard-filemonitor-d2rcbjb9/events.db-journal
2026-07-31 23:14:15,343 INFO usbguard: File event modified scanned: /tmp/usbguard-filemonitor-d2rcbjb9/events.db (risk=0.0)
2026-07-31 23:14:15,344 INFO usbguard.file_monitor: File event recorded: modified /tmp/usbguard-filemonitor-d2rcbjb9/events.db
2026-07-31 23:14:15,345 INFO usbguard.file_monitor: File event recorded: deleted /tmp/usbguard-filemonitor-d2rcbjb9/events.db-journal
2026-07-31 23:14:15,345 INFO usbguard.file_monitor: File event recorded: created /tmp/usbguard-filemonitor-d2rcbjb9/events.db-journal
2026-07-31 23:14:15,346 INFO usbguard.file_monitor: File event recorded: modified /tmp/usbguard-filemonitor-d2rcbjb9/events.db-journal
2026-07-31 23:14:15,367 INFO usbguard: File event modified scanned: /tmp/usbguard-filemonitor-d2rcbjb9/events.db (risk=0.0)
2026-07-31 23:14:15,368 INFO usbguard.file_monitor: File event recorded: modified /tmp/usbguard-filemonitor-d2rcbjb9/events.db
2026-07-31 23:14:15,369 INFO usbguard.file_monitor: File event recorded: deleted /tmp/usbguard-filemonitor-d2rcbjb9/events.db-journal
2026-07-31 23:14:15,370 INFO usbguard.file_monitor: File event recorded: created /tmp/usbguard-filemonitor-d2rcbjb9/events.db-journal
2026-07-31 23:14:15,371 INFO usbguard.file_monitor: File event recorded: modified /tmp/usbguard-filemonitor-d2rcbjb9/events.db-journal
2026-07-31 23:14:15,388 INFO usbguard: File event modified scanned: /tmp/usbguard-filemonitor-d2rcbjb9/events.db (risk=0.0)
2026-07-31 23:14:15,389 INFO usbguard.file_monitor: File event recorded: modified /tmp/usbguard-filemonitor-d2rcbjb9/events.db
2026-07-31 23:14:15,390 INFO usbguard.file_monitor: File event recorded: deleted /tmp/usbguard-filemonitor-d2rcbjb9/events.db-journal
2026-07-31 23:14:15,391 INFO usbguard.file_monitor: File event recorded: created /tmp/usbguard-filemonitor-d2rcbjb9/events.db-journal
2026-07-31 23:14:15,391 INFO usbguard.file_monitor: File event recorded: modified /tmp/usbguard-filemonitor-d2rcbjb9/events.db-journal
2026-07-31 23:14:15,409 INFO usbguard: File event modified scanned: /tmp/usbguard-filemonitor-d2rcbjb9/events.db (risk=0.0)
2026-07-31 23:14:15,410 INFO usbguard.file_monitor: File event recorded: modified /tmp/usbguard-filemonitor-d2rcbjb9/events.db
2026-07-31 23:14:15,411 INFO usbguard.file_monitor: File event recorded: deleted /tmp/usbguard-filemonitor-d2rcbjb9/events.db-journal
2026-07-31 23:14:15,412 INFO usbguard.file_monitor: File event recorded: created /tmp/usbguard-filemonitor-d2rcbjb9/events.db-journal
2026-07-31 23:14:15,412 INFO usbguard.file_monitor: File event recorded: modified /tmp/usbguard-filemonitor-d2rcbjb9/events.db-journal
2026-07-31 23:14:15,431 INFO usbguard: File event modified scanned: /tmp/usbguard-filemonitor-d2rcbjb9/events.db (risk=0.0)
2026-07-31 23:14:15,432 INFO usbguard.file_monitor: File event recorded: modified /tmp/usbguard-filemonitor-d2rcbjb9/events.db
2026-07-31 23:14:15,433 INFO usbguard.file_monitor: File event recorded: deleted /tmp/usbguard-filemonitor-d2rcbjb9/events.db-journal
2026-07-31 23:14:15,434 INFO usbguard.file_monitor: File event recorded: created /tmp/usbguard-filemonitor-d2rcbjb9/events.db-journal
2026-07-31 23:14:15,434 INFO usbguard.file_monitor: File event recorded: modified /tmp/usbguard-filemonitor-d2rcbjb9/events.db-journal
2026-07-31 23:14:15,451 INFO usbguard: File event modified scanned: /tmp/usbguard-filemonitor-d2rcbjb9/events.db (risk=0.0)
2026-07-31 23:14:15,453 INFO usbguard.file_monitor: File event recorded: modified /tmp/usbguard-filemonitor-d2rcbjb9/events.db
2026-07-31 23:14:15,453 INFO usbguard.file_monitor: File event recorded: deleted /tmp/usbguard-filemonitor-d2rcbjb9/events.db-journal
2026-07-31 23:14:15,454 INFO usbguard.file_monitor: File event recorded: created /tmp/usbguard-filemonitor-d2rcbjb9/events.db-journal
2026-07-31 23:14:15,455 INFO usbguard.file_monitor: File event recorded: modified /tmp/usbguard-filemonitor-d2rcbjb9/events.db-journal
2026-07-31 23:14:15,472 INFO usbguard: File event modified scanned: /tmp/usbguard-filemonitor-d2rcbjb9/events.db (risk=0.0)
2026-07-31 23:14:15,473 INFO usbguard.file_monitor: File event recorded: modified /tmp/usbguard-filemonitor-d2rcbjb9/events.db
2026-07-31 23:14:15,474 INFO usbguard.file_monitor: File event recorded: deleted /tmp/usbguard-filemonitor-d2rcbjb9/events.db-journal
2026-07-31 23:14:15,475 INFO usbguard.file_monitor: File event recorded: created /tmp/usbguard-filemonitor-d2rcbjb9/events.db-journal
2026-07-31 23:14:15,475 INFO usbguard.file_monitor: File event recorded: modified /tmp/usbguard-filemonitor-d2rcbjb9/events.db-journal
2026-07-31 23:14:15,492 INFO usbguard: File event modified scanned: /tmp/usbguard-filemonitor-d2rcbjb9/events.db (risk=0.0)
2026-07-31 23:14:15,494 INFO usbguard.file_monitor: File event recorded: modified /tmp/usbguard-filemonitor-d2rcbjb9/events.db
2026-07-31 23:14:15,495 INFO usbguard.file_monitor: File event recorded: deleted /tmp/usbguard-filemonitor-d2rcbjb9/events.db-journal
2026-07-31 23:14:15,495 INFO usbguard.file_monitor: File event recorded: created /tmp/usbguard-filemonitor-d2rcbjb9/events.db-journal
2026-07-31 23:14:15,496 INFO usbguard.file_monitor: File event recorded: modified /tmp/usbguard-filemonitor-d2rcbjb9/events.db-journal
2026-07-31 23:14:15,513 INFO usbguard: File event modified scanned: /tmp/usbguard-filemonitor-d2rcbjb9/events.db (risk=0.0)
2026-07-31 23:14:15,514 INFO usbguard.file_monitor: File event recorded: modified /tmp/usbguard-filemonitor-d2rcbjb9/events.db
2026-07-31 23:14:15,515 INFO usbguard.file_monitor: File event recorded: deleted /tmp/usbguard-filemonitor-d2rcbjb9/events.db-journal
2026-07-31 23:14:15,516 INFO usbguard.file_monitor: File event recorded: created /tmp/usbguard-filemonitor-d2rcbjb9/events.db-journal
2026-07-31 23:14:15,516 INFO usbguard.file_monitor: File event recorded: modified /tmp/usbguard-filemonitor-d2rcbjb9/events.db-journal
2026-07-31 23:14:15,534 INFO usbguard: File event modified scanned: /tmp/usbguard-filemonitor-d2rcbjb9/events.db (risk=0.0)
2026-07-31 23:14:15,535 INFO usbguard.file_monitor: File event recorded: modified /tmp/usbguard-filemonitor-d2rcbjb9/events.db
2026-07-31 23:14:15,536 INFO usbguard.file_monitor: File event recorded: deleted /tmp/usbguard-filemonitor-d2rcbjb9/events.db-journal
2026-07-31 23:14:15,537 INFO usbguard.file_monitor: File event recorded: created /tmp/usbguard-filemonitor-d2rcbjb9/events.db-journal
2026-07-31 23:14:15,538 INFO usbguard.file_monitor: File event recorded: modified /tmp/usbguard-filemonitor-d2rcbjb9/events.db-journal
2026-07-31 23:14:15,557 INFO usbguard: File event modified scanned: /tmp/usbguard-filemonitor-d2rcbjb9/events.db (risk=0.0)
2026-07-31 23:14:15,558 INFO usbguard.file_monitor: File event recorded: modified /tmp/usbguard-filemonitor-d2rcbjb9/events.db
2026-07-31 23:14:15,559 INFO usbguard.file_monitor: File event recorded: deleted /tmp/usbguard-filemonitor-d2rcbjb9/events.db-journal
2026-07-31 23:14:15,560 INFO usbguard.file_monitor: File event recorded: created /tmp/usbguard-filemonitor-d2rcbjb9/events.db-journal
2026-07-31 23:14:15,560 INFO usbguard.file_monitor: File event recorded: modified /tmp/usbguard-filemonitor-d2rcbjb9/events.db-journal
2026-07-31 23:14:15,581 INFO usbguard: File event modified scanned: /tmp/usbguard-filemonitor-d2rcbjb9/events.db (risk=0.0)
2026-07-31 23:14:15,582 INFO usbguard.file_monitor: File event recorded: modified /tmp/usbguard-filemonitor-d2rcbjb9/events.db
2026-07-31 23:14:15,583 INFO usbguard.file_monitor: File event recorded: deleted /tmp/usbguard-filemonitor-d2rcbjb9/events.db-journal
2026-07-31 23:14:15,583 INFO usbguard.file_monitor: File event recorded: created /tmp/usbguard-filemonitor-d2rcbjb9/events.db-journal
2026-07-31 23:14:15,585 INFO usbguard.file_monitor: File event recorded: modified /tmp/usbguard-filemonitor-d2rcbjb9/events.db-journal
2026-07-31 23:14:15,604 INFO usbguard: File event modified scanned: /tmp/usbguard-filemonitor-d2rcbjb9/events.db (risk=0.0)
2026-07-31 23:14:15,606 INFO usbguard.file_monitor: File event recorded: modified /tmp/usbguard-filemonitor-d2rcbjb9/events.db
2026-07-31 23:14:15,607 INFO usbguard.file_monitor: File event recorded: deleted /tmp/usbguard-filemonitor-d2rcbjb9/events.db-journal
2026-07-31 23:14:15,607 INFO usbguard.file_monitor: File event recorded: created /tmp/usbguard-filemonitor-d2rcbjb9/events.db-journal
2026-07-31 23:14:15,608 INFO usbguard.file_monitor: File event recorded: modified /tmp/usbguard-filemonitor-d2rcbjb9/events.db-journal
2026-07-31 23:14:15,627 INFO usbguard: File event modified scanned: /tmp/usbguard-filemonitor-d2rcbjb9/events.db (risk=0.0)
2026-07-31 23:14:15,628 INFO usbguard.file_monitor: File event recorded: modified /tmp/usbguard-filemonitor-d2rcbjb9/events.db
2026-07-31 23:14:15,628 INFO usbguard.file_monitor: File event recorded: deleted /tmp/usbguard-filemonitor-d2rcbjb9/events.db-journal
2026-07-31 23:14:15,629 INFO usbguard.file_monitor: File event recorded: created /tmp/usbguard-filemonitor-d2rcbjb9/events.db-journal
2026-07-31 23:14:15,629 INFO usbguard.file_monitor: File event recorded: modified /tmp/usbguard-filemonitor-d2rcbjb9/events.db-journal
2026-07-31 23:14:15,649 INFO usbguard: File event modified scanned: /tmp/usbguard-filemonitor-d2rcbjb9/events.db (risk=0.0)
2026-07-31 23:14:15,650 INFO usbguard.file_monitor: File event recorded: modified /tmp/usbguard-filemonitor-d2rcbjb9/events.db
2026-07-31 23:14:15,650 INFO usbguard.file_monitor: File event recorded: deleted /tmp/usbguard-filemonitor-d2rcbjb9/events.db-journal
2026-07-31 23:14:15,651 INFO usbguard.file_monitor: File event recorded: created /tmp/usbguard-filemonitor-d2rcbjb9/events.db-journal
2026-07-31 23:14:15,652 INFO usbguard.file_monitor: File event recorded: modified /tmp/usbguard-filemonitor-d2rcbjb9/events.db-journal
2026-07-31 23:14:15,671 INFO usbguard: File event modified scanned: /tmp/usbguard-filemonitor-d2rcbjb9/events.db (risk=0.0)
2026-07-31 23:14:15,672 INFO usbguard.file_monitor: File event recorded: modified /tmp/usbguard-filemonitor-d2rcbjb9/events.db
2026-07-31 23:14:15,672 INFO usbguard.file_monitor: File event recorded: deleted /tmp/usbguard-filemonitor-d2rcbjb9/events.db-journal
2026-07-31 23:14:15,673 INFO usbguard.file_monitor: File event recorded: created /tmp/usbguard-filemonitor-d2rcbjb9/events.db-journal
2026-07-31 23:14:15,673 INFO usbguard.file_monitor: File event recorded: modified /tmp/usbguard-filemonitor-d2rcbjb9/events.db-journal
2026-07-31 23:14:15,692 INFO usbguard: File event modified scanned: /tmp/usbguard-filemonitor-d2rcbjb9/events.db (risk=0.0)
2026-07-31 23:14:15,693 INFO usbguard.file_monitor: File event recorded: modified /tmp/usbguard-filemonitor-d2rcbjb9/events.db
2026-07-31 23:14:15,694 INFO usbguard.file_monitor: File event recorded: deleted /tmp/usbguard-filemonitor-d2rcbjb9/events.db-journal
2026-07-31 23:14:15,694 INFO usbguard.file_monitor: File event recorded: created /tmp/usbguard-filemonitor-d2rcbjb9/events.db-journal
2026-07-31 23:14:15,696 INFO usbguard.file_monitor: File event recorded: modified /tmp/usbguard-filemonitor-d2rcbjb9/events.db-journal
2026-07-31 23:14:15,715 INFO usbguard: File event modified scanned: /tmp/usbguard-filemonitor-d2rcbjb9/events.db (risk=0.0)
2026-07-31 23:14:15,717 INFO usbguard.file_monitor: File event recorded: modified /tmp/usbguard-filemonitor-d2rcbjb9/events.db
2026-07-31 23:14:15,717 INFO usbguard.file_monitor: File event recorded: deleted /tmp/usbguard-filemonitor-d2rcbjb9/events.db-journal
2026-07-31 23:14:15,718 INFO usbguard.file_monitor: File event recorded: created /tmp/usbguard-filemonitor-d2rcbjb9/events.db-journal
2026-07-31 23:14:15,718 INFO usbguard.file_monitor: File event recorded: modified /tmp/usbguard-filemonitor-d2rcbjb9/events.db-journal
2026-07-31 23:14:15,737 INFO usbguard: File event modified scanned: /tmp/usbguard-filemonitor-d2rcbjb9/events.db (risk=0.0)
2026-07-31 23:14:15,738 INFO usbguard.file_monitor: File event recorded: modified /tmp/usbguard-filemonitor-d2rcbjb9/events.db
2026-07-31 23:14:15,739 INFO usbguard.file_monitor: File event recorded: deleted /tmp/usbguard-filemonitor-d2rcbjb9/events.db-journal
2026-07-31 23:14:15,740 INFO usbguard.file_monitor: File event recorded: created /tmp/usbguard-filemonitor-d2rcbjb9/events.db-journal
2026-07-31 23:14:15,740 INFO usbguard.file_monitor: File event recorded: modified /tmp/usbguard-filemonitor-d2rcbjb9/events.db-journal
2026-07-31 23:14:15,758 INFO usbguard: File event modified scanned: /tmp/usbguard-filemonitor-d2rcbjb9/events.db (risk=0.0)
2026-07-31 23:14:15,760 INFO usbguard.file_monitor: File event recorded: modified /tmp/usbguard-filemonitor-d2rcbjb9/events.db
2026-07-31 23:14:15,760 INFO usbguard.file_monitor: File event recorded: deleted /tmp/usbguard-filemonitor-d2rcbjb9/events.db-journal
2026-07-31 23:14:15,761 INFO usbguard.file_monitor: File event recorded: created /tmp/usbguard-filemonitor-d2rcbjb9/events.db-journal
2026-07-31 23:14:15,761 INFO usbguard.file_monitor: File event recorded: modified /tmp/usbguard-filemonitor-d2rcbjb9/events.db-journal
2026-07-31 23:14:15,780 INFO usbguard: File event modified scanned: /tmp/usbguard-filemonitor-d2rcbjb9/events.db (risk=0.0)
2026-07-31 23:14:15,781 INFO usbguard.file_monitor: File event recorded: modified /tmp/usbguard-filemonitor-d2rcbjb9/events.db
2026-07-31 23:14:15,782 INFO usbguard.file_monitor: File event recorded: deleted /tmp/usbguard-filemonitor-d2rcbjb9/events.db-journal
2026-07-31 23:14:15,782 INFO usbguard.file_monitor: File event recorded: created /tmp/usbguard-filemonitor-d2rcbjb9/events.db-journal
2026-07-31 23:14:15,783 INFO usbguard.file_monitor: File event recorded: modified /tmp/usbguard-filemonitor-d2rcbjb9/events.db-journal
2026-07-31 23:14:15,802 INFO usbguard: File event modified scanned: /tmp/usbguard-filemonitor-d2rcbjb9/events.db (risk=0.0)
2026-07-31 23:14:15,803 INFO usbguard.file_monitor: File event recorded: modified /tmp/usbguard-filemonitor-d2rcbjb9/events.db
2026-07-31 23:14:15,803 INFO usbguard.file_monitor: File event recorded: deleted /tmp/usbguard-filemonitor-d2rcbjb9/events.db-journal
2026-07-31 23:14:15,804 INFO usbguard.file_monitor: File event recorded: created /tmp/usbguard-filemonitor-d2rcbjb9/events.db-journal
2026-07-31 23:14:15,804 INFO usbguard.file_monitor: File event recorded: modified /tmp/usbguard-filemonitor-d2rcbjb9/events.db-journal
2026-07-31 23:14:15,823 INFO usbguard: File event modified scanned: /tmp/usbguard-filemonitor-d2rcbjb9/events.db (risk=0.0)
2026-07-31 23:14:15,824 INFO usbguard.file_monitor: File event recorded: modified /tmp/usbguard-filemonitor-d2rcbjb9/events.db
2026-07-31 23:14:15,825 INFO usbguard.file_monitor: File event recorded: deleted /tmp/usbguard-filemonitor-d2rcbjb9/events.db-journal
2026-07-31 23:14:15,825 INFO usbguard.file_monitor: File event recorded: created /tmp/usbguard-filemonitor-d2rcbjb9/events.db-journal
2026-07-31 23:14:15,826 INFO usbguard.file_monitor: File event recorded: modified /tmp/usbguard-filemonitor-d2rcbjb9/events.db-journal
2026-07-31 23:14:15,847 INFO usbguard: File event modified scanned: /tmp/usbguard-filemonitor-d2rcbjb9/events.db (risk=0.0)
2026-07-31 23:14:15,848 INFO usbguard.file_monitor: File event recorded: modified /tmp/usbguard-filemonitor-d2rcbjb9/events.db
2026-07-31 23:14:15,849 INFO usbguard.file_monitor: File event recorded: deleted /tmp/usbguard-filemonitor-d2rcbjb9/events.db-journal
2026-07-31 23:14:15,850 INFO usbguard.file_monitor: File event recorded: created /tmp/usbguard-filemonitor-d2rcbjb9/events.db-journal
2026-07-31 23:14:15,851 INFO usbguard.file_monitor: File event recorded: modified /tmp/usbguard-filemonitor-d2rcbjb9/events.db-journal
2026-07-31 23:14:15,871 INFO usbguard: File event modified scanned: /tmp/usbguard-filemonitor-d2rcbjb9/events.db (risk=0.0)
2026-07-31 23:14:15,872 INFO usbguard.file_monitor: File event recorded: modified /tmp/usbguard-filemonitor-d2rcbjb9/events.db
2026-07-31 23:14:15,872 INFO usbguard.file_monitor: File event recorded: deleted /tmp/usbguard-filemonitor-d2rcbjb9/events.db-journal
2026-07-31 23:14:15,873 INFO usbguard.file_monitor: File event recorded: created /tmp/usbguard-filemonitor-d2rcbjb9/events.db-journal
2026-07-31 23:14:15,873 INFO usbguard.file_monitor: File event recorded: modified /tmp/usbguard-filemonitor-d2rcbjb9/events.db-journal
2026-07-31 23:14:15,894 INFO usbguard: File event modified scanned: /tmp/usbguard-filemonitor-d2rcbjb9/events.db (risk=0.0)
2026-07-31 23:14:15,895 INFO usbguard.file_monitor: File event recorded: modified /tmp/usbguard-filemonitor-d2rcbjb9/events.db
2026-07-31 23:14:15,895 INFO usbguard.file_monitor: File event recorded: deleted /tmp/usbguard-filemonitor-d2rcbjb9/events.db-journal
2026-07-31 23:14:15,896 INFO usbguard.file_monitor: File event recorded: created /tmp/usbguard-filemonitor-d2rcbjb9/events.db-journal
2026-07-31 23:14:15,897 INFO usbguard.file_monitor: File event recorded: modified /tmp/usbguard-filemonitor-d2rcbjb9/events.db-journal
2026-07-31 23:14:15,919 INFO usbguard: File event modified scanned: /tmp/usbguard-filemonitor-d2rcbjb9/events.db (risk=0.0)
2026-07-31 23:14:15,920 INFO usbguard.file_monitor: File event recorded: modified /tmp/usbguard-filemonitor-d2rcbjb9/events.db
2026-07-31 23:14:15,920 INFO usbguard.file_monitor: File event recorded: deleted /tmp/usbguard-filemonitor-d2rcbjb9/events.db-journal
2026-07-31 23:14:15,921 INFO usbguard.file_monitor: File event recorded: created /tmp/usbguard-filemonitor-d2rcbjb9/events.db-journal
2026-07-31 23:14:15,922 INFO usbguard.file_monitor: File event recorded: modified /tmp/usbguard-filemonitor-d2rcbjb9/events.db-journal
2026-07-31 23:14:15,941 INFO usbguard: File event modified scanned: /tmp/usbguard-filemonitor-d2rcbjb9/events.db (risk=0.0)
2026-07-31 23:14:15,942 INFO usbguard.file_monitor: File event recorded: modified /tmp/usbguard-filemonitor-d2rcbjb9/events.db
2026-07-31 23:14:15,942 INFO usbguard.file_monitor: File event recorded: deleted /tmp/usbguard-filemonitor-d2rcbjb9/events.db-journal
2026-07-31 23:14:15,943 INFO usbguard.file_monitor: File event recorded: created /tmp/usbguard-filemonitor-d2rcbjb9/events.db-journal
2026-07-31 23:14:15,943 INFO usbguard.file_monitor: File event recorded: modified /tmp/usbguard-filemonitor-d2rcbjb9/events.db-journal
2026-07-31 23:14:15,963 INFO usbguard: File event modified scanned: /tmp/usbguard-filemonitor-d2rcbjb9/events.db (risk=0.0)
2026-07-31 23:14:15,965 INFO usbguard.file_monitor: File event recorded: modified /tmp/usbguard-filemonitor-d2rcbjb9/events.db
2026-07-31 23:14:15,965 INFO usbguard.file_monitor: File event recorded: deleted /tmp/usbguard-filemonitor-d2rcbjb9/events.db-journal
2026-07-31 23:14:15,966 INFO usbguard.file_monitor: File event recorded: created /tmp/usbguard-filemonitor-d2rcbjb9/events.db-journal
2026-07-31 23:14:15,968 INFO usbguard.file_monitor: File event recorded: modified /tmp/usbguard-filemonitor-d2rcbjb9/events.db-journal
2026-07-31 23:14:15,986 INFO usbguard: File event modified scanned: /tmp/usbguard-filemonitor-d2rcbjb9/events.db (risk=0.0)
2026-07-31 23:14:15,988 INFO usbguard.file_monitor: File event recorded: modified /tmp/usbguard-filemonitor-d2rcbjb9/events.db
2026-07-31 23:14:15,988 INFO usbguard.file_monitor: File event recorded: deleted /tmp/usbguard-filemonitor-d2rcbjb9/events.db-journal
2026-07-31 23:14:15,989 INFO usbguard.file_monitor: File event recorded: created /tmp/usbguard-filemonitor-d2rcbjb9/events.db-journal
2026-07-31 23:14:15,990 INFO usbguard.file_monitor: File event recorded: modified /tmp/usbguard-filemonitor-d2rcbjb9/events.db-journal
2026-07-31 23:14:16,020 INFO usbguard: File event modified scanned: /tmp/usbguard-filemonitor-d2rcbjb9/events.db (risk=0.0)
2026-07-31 23:14:16,022 INFO usbguard.file_monitor: File event recorded: modified /tmp/usbguard-filemonitor-d2rcbjb9/events.db
2026-07-31 23:14:16,024 INFO usbguard.file_monitor: File event recorded: deleted /tmp/usbguard-filemonitor-d2rcbjb9/events.db-journal
2026-07-31 23:14:16,025 INFO usbguard.file_monitor: File event recorded: created /tmp/usbguard-filemonitor-d2rcbjb9/events.db-journal
2026-07-31 23:14:16,026 INFO usbguard.file_monitor: File event recorded: modified /tmp/usbguard-filemonitor-d2rcbjb9/events.db-journal
2026-07-31 23:14:16,048 INFO usbguard: File event modified scanned: /tmp/usbguard-filemonitor-d2rcbjb9/events.db (risk=0.0)
2026-07-31 23:14:16,050 INFO usbguard.file_monitor: File event recorded: modified /tmp/usbguard-filemonitor-d2rcbjb9/events.db
2026-07-31 23:14:16,052 INFO usbguard.file_monitor: File event recorded: deleted /tmp/usbguard-filemonitor-d2rcbjb9/events.db-journal
2026-07-31 23:14:16,055 INFO usbguard.file_monitor: File event recorded: created /tmp/usbguard-filemonitor-d2rcbjb9/events.db-journal
2026-07-31 23:14:16,056 INFO usbguard.file_monitor: File event recorded: modified /tmp/usbguard-filemonitor-d2rcbjb9/events.db-journal
2026-07-31 23:14:16,080 INFO usbguard: File event modified scanned: /tmp/usbguard-filemonitor-d2rcbjb9/events.db (risk=0.0)
2026-07-31 23:14:16,081 INFO usbguard.file_monitor: File event recorded: modified /tmp/usbguard-filemonitor-d2rcbjb9/events.db
2026-07-31 23:14:16,571 INFO usbguard: test message
2026-07-31 23:14:26,748 INFO usbguard.file_monitor: File monitoring engine started with roots=['/tmp/usbguard-filemonitor-vc7fco86']
2026-07-31 23:14:26,763 INFO usbguard: File event created scanned: /tmp/usbguard-filemonitor-vc7fco86/sample.txt (risk=0.0)
2026-07-31 23:14:26,765 INFO usbguard.file_monitor: File event recorded: created /tmp/usbguard-filemonitor-vc7fco86/sample.txt
2026-07-31 23:14:26,772 INFO usbguard: File event modified scanned: /tmp/usbguard-filemonitor-vc7fco86/sample.txt (risk=0.0)
2026-07-31 23:14:26,773 INFO usbguard.file_monitor: File event recorded: modified /tmp/usbguard-filemonitor-vc7fco86/sample.txt
2026-07-31 23:14:26,774 INFO usbguard.file_monitor: File event recorded: created /tmp/usbguard-filemonitor-vc7fco86/events.db-journal
2026-07-31 23:14:26,774 INFO usbguard.file_monitor: File event recorded: modified /tmp/usbguard-filemonitor-vc7fco86/events.db-journal
2026-07-31 23:14:26,783 INFO usbguard: File event modified scanned: /tmp/usbguard-filemonitor-vc7fco86/events.db (risk=0.0)
2026-07-31 23:14:26,784 INFO usbguard.file_monitor: File event recorded: modified /tmp/usbguard-filemonitor-vc7fco86/events.db
2026-07-31 23:14:26,785 INFO usbguard.file_monitor: File event recorded: deleted /tmp/usbguard-filemonitor-vc7fco86/events.db-journal
2026-07-31 23:14:26,786 INFO usbguard.file_monitor: File event recorded: created /tmp/usbguard-filemonitor-vc7fco86/events.db-journal
2026-07-31 23:14:26,787 INFO usbguard.file_monitor: File event recorded: modified /tmp/usbguard-filemonitor-vc7fco86/events.db-journal
2026-07-31 23:14:26,796 INFO usbguard: File event modified scanned: /tmp/usbguard-filemonitor-vc7fco86/events.db (risk=0.0)
2026-07-31 23:14:26,797 INFO usbguard.file_monitor: File event recorded: modified /tmp/usbguard-filemonitor-vc7fco86/events.db
2026-07-31 23:14:26,797 INFO usbguard.file_monitor: File event recorded: deleted /tmp/usbguard-filemonitor-vc7fco86/events.db-journal
2026-07-31 23:14:26,797 INFO usbguard.file_monitor: File event recorded: created /tmp/usbguard-filemonitor-vc7fco86/events.db-journal
2026-07-31 23:14:26,798 INFO usbguard.file_monitor: File event recorded: modified /tmp/usbguard-filemonitor-vc7fco86/events.db-journal
2026-07-31 23:14:26,807 INFO usbguard: File event modified scanned: /tmp/usbguard-filemonitor-vc7fco86/events.db (risk=0.0)
2026-07-31 23:14:26,808 INFO usbguard.file_monitor: File event recorded: modified /tmp/usbguard-filemonitor-vc7fco86/events.db
2026-07-31 23:14:26,809 INFO usbguard.file_monitor: File event recorded: deleted /tmp/usbguard-filemonitor-vc7fco86/events.db-journal
2026-07-31 23:14:26,809 INFO usbguard.file_monitor: File event recorded: created /tmp/usbguard-filemonitor-vc7fco86/events.db-journal
2026-07-31 23:14:26,810 INFO usbguard.file_monitor: File event recorded: modified /tmp/usbguard-filemonitor-vc7fco86/events.db-journal
2026-07-31 23:14:26,819 INFO usbguard: File event modified scanned: /tmp/usbguard-filemonitor-vc7fco86/events.db (risk=0.0)
2026-07-31 23:14:26,820 INFO usbguard.file_monitor: File event recorded: modified /tmp/usbguard-filemonitor-vc7fco86/events.db
2026-07-31 23:14:26,820 INFO usbguard.file_monitor: File event recorded: deleted /tmp/usbguard-filemonitor-vc7fco86/events.db-journal
2026-07-31 23:14:26,821 INFO usbguard.file_monitor: File event recorded: created /tmp/usbguard-filemonitor-vc7fco86/events.db-journal
2026-07-31 23:14:26,822 INFO usbguard.file_monitor: File event recorded: modified /tmp/usbguard-filemonitor-vc7fco86/events.db-journal
2026-07-31 23:14:26,831 INFO usbguard: File event modified scanned: /tmp/usbguard-filemonitor-vc7fco86/events.db (risk=0.0)
2026-07-31 23:14:26,832 INFO usbguard.file_monitor: File event recorded: modified /tmp/usbguard-filemonitor-vc7fco86/events.db
2026-07-31 23:14:26,833 INFO usbguard.file_monitor: File event recorded: deleted /tmp/usbguard-filemonitor-vc7fco86/events.db-journal
2026-07-31 23:14:26,834 INFO usbguard.file_monitor: File event recorded: created /tmp/usbguard-filemonitor-vc7fco86/events.db-journal
2026-07-31 23:14:26,834 INFO usbguard.file_monitor: File event recorded: modified /tmp/usbguard-filemonitor-vc7fco86/events.db-journal
2026-07-31 23:14:26,843 INFO usbguard: File event modified scanned: /tmp/usbguard-filemonitor-vc7fco86/events.db (risk=0.0)
2026-07-31 23:14:26,844 INFO usbguard.file_monitor: File event recorded: modified /tmp/usbguard-filemonitor-vc7fco86/events.db
2026-07-31 23:14:26,844 INFO usbguard.file_monitor: File event recorded: deleted /tmp/usbguard-filemonitor-vc7fco86/events.db-journal
2026-07-31 23:14:26,845 INFO usbguard.file_monitor: File event recorded: created /tmp/usbguard-filemonitor-vc7fco86/events.db-journal
2026-07-31 23:14:26,845 INFO usbguard.file_monitor: File event recorded: modified /tmp/usbguard-filemonitor-vc7fco86/events.db-journal
2026-07-31 23:14:26,854 INFO usbguard: File event modified scanned: /tmp/usbguard-filemonitor-vc7fco86/events.db (risk=0.0)
2026-07-31 23:14:26,855 INFO usbguard.file_monitor: File event recorded: modified /tmp/usbguard-filemonitor-vc7fco86/events.db
2026-07-31 23:14:26,856 INFO usbguard.file_monitor: File event recorded: deleted /tmp/usbguard-filemonitor-vc7fco86/events.db-journal
2026-07-31 23:14:26,857 INFO usbguard.file_monitor: File event recorded: created /tmp/usbguard-filemonitor-vc7fco86/events.db-journal
2026-07-31 23:14:26,857 INFO usbguard.file_monitor: File event recorded: modified /tmp/usbguard-filemonitor-vc7fco86/events.db-journal
2026-07-31 23:14:26,867 INFO usbguard: File event modified scanned: /tmp/usbguard-filemonitor-vc7fco86/events.db (risk=0.0)
2026-07-31 23:14:26,868 INFO usbguard.file_monitor: File event recorded: modified /tmp/usbguard-filemonitor-vc7fco86/events.db
2026-07-31 23:14:26,869 INFO usbguard.file_monitor: File event recorded: deleted /tmp/usbguard-filemonitor-vc7fco86/events.db-journal
2026-07-31 23:14:26,870 INFO usbguard.file_monitor: File event recorded: created /tmp/usbguard-filemonitor-vc7fco86/events.db-journal
2026-07-31 23:14:26,870 INFO usbguard.file_monitor: File event recorded: modified /tmp/usbguard-filemonitor-vc7fco86/events.db-journal
2026-07-31 23:14:26,880 INFO usbguard: File event modified scanned: /tmp/usbguard-filemonitor-vc7fco86/events.db (risk=0.0)
2026-07-31 23:14:26,881 INFO usbguard.file_monitor: File event recorded: modified /tmp/usbguard-filemonitor-vc7fco86/events.db
2026-07-31 23:14:26,881 INFO usbguard.file_monitor: File event recorded: deleted /tmp/usbguard-filemonitor-vc7fco86/events.db-journal
2026-07-31 23:14:26,882 INFO usbguard.file_monitor: File event recorded: created /tmp/usbguard-filemonitor-vc7fco86/events.db-journal
2026-07-31 23:14:26,883 INFO usbguard.file_monitor: File event recorded: modified /tmp/usbguard-filemonitor-vc7fco86/events.db-journal
2026-07-31 23:14:26,892 INFO usbguard: File event modified scanned: /tmp/usbguard-filemonitor-vc7fco86/events.db (risk=0.0)
2026-07-31 23:14:26,893 INFO usbguard.file_monitor: File event recorded: modified /tmp/usbguard-filemonitor-vc7fco86/events.db
2026-07-31 23:14:26,894 INFO usbguard.file_monitor: File event recorded: deleted /tmp/usbguard-filemonitor-vc7fco86/events.db-journal
2026-07-31 23:14:26,894 INFO usbguard.file_monitor: File event recorded: created /tmp/usbguard-filemonitor-vc7fco86/events.db-journal
2026-07-31 23:14:26,895 INFO usbguard.file_monitor: File event recorded: modified /tmp/usbguard-filemonitor-vc7fco86/events.db-journal
2026-07-31 23:14:26,906 INFO usbguard: File event modified scanned: /tmp/usbguard-filemonitor-vc7fco86/events.db (risk=0.0)
2026-07-31 23:14:26,907 INFO usbguard.file_monitor: File event recorded: modified /tmp/usbguard-filemonitor-vc7fco86/events.db
2026-07-31 23:14:26,907 INFO usbguard.file_monitor: File event recorded: deleted /tmp/usbguard-filemonitor-vc7fco86/events.db-journal
2026-07-31 23:14:26,908 INFO usbguard.file_monitor: File event recorded: created /tmp/usbguard-filemonitor-vc7fco86/events.db-journal
2026-07-31 23:14:26,908 INFO usbguard.file_monitor: File event recorded: modified /tmp/usbguard-filemonitor-vc7fco86/events.db-journal
2026-07-31 23:14:26,918 INFO usbguard: File event modified scanned: /tmp/usbguard-filemonitor-vc7fco86/events.db (risk=0.0)
2026-07-31 23:14:26,919 INFO usbguard.file_monitor: File event recorded: modified /tmp/usbguard-filemonitor-vc7fco86/events.db
2026-07-31 23:14:26,919 INFO usbguard.file_monitor: File event recorded: deleted /tmp/usbguard-filemonitor-vc7fco86/events.db-journal
2026-07-31 23:14:26,920 INFO usbguard.file_monitor: File event recorded: created /tmp/usbguard-filemonitor-vc7fco86/events.db-journal
2026-07-31 23:14:26,920 INFO usbguard.file_monitor: File event recorded: modified /tmp/usbguard-filemonitor-vc7fco86/events.db-journal
2026-07-31 23:14:26,930 INFO usbguard: File event modified scanned: /tmp/usbguard-filemonitor-vc7fco86/events.db (risk=0.0)
2026-07-31 23:14:26,931 INFO usbguard.file_monitor: File event recorded: modified /tmp/usbguard-filemonitor-vc7fco86/events.db
2026-07-31 23:14:26,932 INFO usbguard.file_monitor: File event recorded: deleted /tmp/usbguard-filemonitor-vc7fco86/events.db-journal
2026-07-31 23:14:26,932 INFO usbguard.file_monitor: File event recorded: created /tmp/usbguard-filemonitor-vc7fco86/events.db-journal
2026-07-31 23:14:26,933 INFO usbguard.file_monitor: File event recorded: modified /tmp/usbguard-filemonitor-vc7fco86/events.db-journal
2026-07-31 23:14:26,943 INFO usbguard: File event modified scanned: /tmp/usbguard-filemonitor-vc7fco86/events.db (risk=0.0)
2026-07-31 23:14:26,944 INFO usbguard.file_monitor: File event recorded: modified /tmp/usbguard-filemonitor-vc7fco86/events.db
2026-07-31 23:14:26,946 INFO usbguard.file_monitor: File event recorded: deleted /tmp/usbguard-filemonitor-vc7fco86/events.db-journal
2026-07-31 23:14:26,946 INFO usbguard.file_monitor: File event recorded: created /tmp/usbguard-filemonitor-vc7fco86/events.db-journal
2026-07-31 23:14:26,947 INFO usbguard.file_monitor: File event recorded: modified /tmp/usbguard-filemonitor-vc7fco86/events.db-journal
2026-07-31 23:14:26,956 INFO usbguard: File event modified scanned: /tmp/usbguard-filemonitor-vc7fco86/events.db (risk=0.0)
2026-07-31 23:14:26,957 INFO usbguard.file_monitor: File event recorded: modified /tmp/usbguard-filemonitor-vc7fco86/events.db
2026-07-31 23:14:26,958 INFO usbguard.file_monitor: File event recorded: deleted /tmp/usbguard-filemonitor-vc7fco86/events.db-journal
2026-07-31 23:14:26,958 INFO usbguard.file_monitor: File event recorded: created /tmp/usbguard-filemonitor-vc7fco86/events.db-journal
2026-07-31 23:14:26,959 INFO usbguard.file_monitor: File event recorded: modified /tmp/usbguard-filemonitor-vc7fco86/events.db-journal
2026-07-31 23:14:26,969 INFO usbguard: File event modified scanned: /tmp/usbguard-filemonitor-vc7fco86/events.db (risk=0.0)
2026-07-31 23:14:26,970 INFO usbguard.file_monitor: File event recorded: modified /tmp/usbguard-filemonitor-vc7fco86/events.db
2026-07-31 23:14:26,971 INFO usbguard.file_monitor: File event recorded: deleted /tmp/usbguard-filemonitor-vc7fco86/events.db-journal
2026-07-31 23:14:26,971 INFO usbguard.file_monitor: File event recorded: created /tmp/usbguard-filemonitor-vc7fco86/events.db-journal
2026-07-31 23:14:26,972 INFO usbguard.file_monitor: File event recorded: modified /tmp/usbguard-filemonitor-vc7fco86/events.db-journal
2026-07-31 23:14:26,983 INFO usbguard: File event modified scanned: /tmp/usbguard-filemonitor-vc7fco86/events.db (risk=0.0)
2026-07-31 23:14:26,984 INFO usbguard.file_monitor: File event recorded: modified /tmp/usbguard-filemonitor-vc7fco86/events.db
2026-07-31 23:14:26,984 INFO usbguard.file_monitor: File event recorded: deleted /tmp/usbguard-filemonitor-vc7fco86/events.db-journal
2026-07-31 23:14:26,984 INFO usbguard.file_monitor: File event recorded: created /tmp/usbguard-filemonitor-vc7fco86/events.db-journal
2026-07-31 23:14:26,985 INFO usbguard.file_monitor: File event recorded: modified /tmp/usbguard-filemonitor-vc7fco86/events.db-journal
2026-07-31 23:14:26,995 INFO usbguard: File event modified scanned: /tmp/usbguard-filemonitor-vc7fco86/events.db (risk=0.0)
2026-07-31 23:14:26,996 INFO usbguard.file_monitor: File event recorded: modified /tmp/usbguard-filemonitor-vc7fco86/events.db
2026-07-31 23:14:26,997 INFO usbguard.file_monitor: File event recorded: deleted /tmp/usbguard-filemonitor-vc7fco86/events.db-journal
2026-07-31 23:14:26,997 INFO usbguard.file_monitor: File event recorded: created /tmp/usbguard-filemonitor-vc7fco86/events.db-journal
2026-07-31 23:14:26,998 INFO usbguard.file_monitor: File event recorded: modified /tmp/usbguard-filemonitor-vc7fco86/events.db-journal
2026-07-31 23:14:27,008 INFO usbguard: File event modified scanned: /tmp/usbguard-filemonitor-vc7fco86/events.db (risk=0.0)
2026-07-31 23:14:27,009 INFO usbguard.file_monitor: File event recorded: modified /tmp/usbguard-filemonitor-vc7fco86/events.db
2026-07-31 23:14:27,010 INFO usbguard.file_monitor: File event recorded: deleted /tmp/usbguard-filemonitor-vc7fco86/events.db-journal
2026-07-31 23:14:27,010 INFO usbguard.file_monitor: File event recorded: created /tmp/usbguard-filemonitor-vc7fco86/events.db-journal
2026-07-31 23:14:27,011 INFO usbguard.file_monitor: File event recorded: modified /tmp/usbguard-filemonitor-vc7fco86/events.db-journal
2026-07-31 23:14:27,021 INFO usbguard: File event modified scanned: /tmp/usbguard-filemonitor-vc7fco86/events.db (risk=0.0)
2026-07-31 23:14:27,023 INFO usbguard.file_monitor: File event recorded: modified /tmp/usbguard-filemonitor-vc7fco86/events.db
2026-07-31 23:14:27,023 INFO usbguard.file_monitor: File event recorded: deleted /tmp/usbguard-filemonitor-vc7fco86/events.db-journal
2026-07-31 23:14:27,024 INFO usbguard.file_monitor: File event recorded: created /tmp/usbguard-filemonitor-vc7fco86/events.db-journal
2026-07-31 23:14:27,024 INFO usbguard.file_monitor: File event recorded: modified /tmp/usbguard-filemonitor-vc7fco86/events.db-journal
2026-07-31 23:14:27,035 INFO usbguard: File event modified scanned: /tmp/usbguard-filemonitor-vc7fco86/events.db (risk=0.0)
2026-07-31 23:14:27,036 INFO usbguard.file_monitor: File event recorded: modified /tmp/usbguard-filemonitor-vc7fco86/events.db
2026-07-31 23:14:27,037 INFO usbguard.file_monitor: File event recorded: deleted /tmp/usbguard-filemonitor-vc7fco86/events.db-journal
2026-07-31 23:14:27,037 INFO usbguard.file_monitor: File event recorded: created /tmp/usbguard-filemonitor-vc7fco86/events.db-journal
2026-07-31 23:14:27,038 INFO usbguard.file_monitor: File event recorded: modified /tmp/usbguard-filemonitor-vc7fco86/events.db-journal
2026-07-31 23:14:27,048 INFO usbguard: File event modified scanned: /tmp/usbguard-filemonitor-vc7fco86/events.db (risk=0.0)
2026-07-31 23:14:27,050 INFO usbguard.file_monitor: File event recorded: modified /tmp/usbguard-filemonitor-vc7fco86/events.db
2026-07-31 23:14:27,050 INFO usbguard.file_monitor: File event recorded: deleted /tmp/usbguard-filemonitor-vc7fco86/events.db-journal
2026-07-31 23:14:27,051 INFO usbguard.file_monitor: File event recorded: created /tmp/usbguard-filemonitor-vc7fco86/events.db-journal
2026-07-31 23:14:27,051 INFO usbguard.file_monitor: File event recorded: modified /tmp/usbguard-filemonitor-vc7fco86/events.db-journal
2026-07-31 23:14:27,062 INFO usbguard: File event modified scanned: /tmp/usbguard-filemonitor-vc7fco86/events.db (risk=0.0)
2026-07-31 23:14:27,064 INFO usbguard.file_monitor: File event recorded: modified /tmp/usbguard-filemonitor-vc7fco86/events.db
2026-07-31 23:14:27,064 INFO usbguard.file_monitor: File event recorded: deleted /tmp/usbguard-filemonitor-vc7fco86/events.db-journal
2026-07-31 23:14:27,065 INFO usbguard.file_monitor: File event recorded: created /tmp/usbguard-filemonitor-vc7fco86/events.db-journal
2026-07-31 23:14:27,065 INFO usbguard.file_monitor: File event recorded: modified /tmp/usbguard-filemonitor-vc7fco86/events.db-journal
2026-07-31 23:14:27,077 INFO usbguard: File event modified scanned: /tmp/usbguard-filemonitor-vc7fco86/events.db (risk=0.0)
2026-07-31 23:14:27,078 INFO usbguard.file_monitor: File event recorded: modified /tmp/usbguard-filemonitor-vc7fco86/events.db
2026-07-31 23:14:27,079 INFO usbguard.file_monitor: File event recorded: deleted /tmp/usbguard-filemonitor-vc7fco86/events.db-journal
2026-07-31 23:14:27,079 INFO usbguard.file_monitor: File event recorded: created /tmp/usbguard-filemonitor-vc7fco86/events.db-journal
2026-07-31 23:14:27,080 INFO usbguard.file_monitor: File event recorded: modified /tmp/usbguard-filemonitor-vc7fco86/events.db-journal
2026-07-31 23:14:27,091 INFO usbguard: File event modified scanned: /tmp/usbguard-filemonitor-vc7fco86/events.db (risk=0.0)
2026-07-31 23:14:27,092 INFO usbguard.file_monitor: File event recorded: modified /tmp/usbguard-filemonitor-vc7fco86/events.db
2026-07-31 23:14:27,092 INFO usbguard.file_monitor: File event recorded: deleted /tmp/usbguard-filemonitor-vc7fco86/events.db-journal
2026-07-31 23:14:27,093 INFO usbguard.file_monitor: File event recorded: created /tmp/usbguard-filemonitor-vc7fco86/events.db-journal
2026-07-31 23:14:27,093 INFO usbguard.file_monitor: File event recorded: modified /tmp/usbguard-filemonitor-vc7fco86/events.db-journal
2026-07-31 23:14:27,105 INFO usbguard: File event modified scanned: /tmp/usbguard-filemonitor-vc7fco86/events.db (risk=0.0)
2026-07-31 23:14:27,106 INFO usbguard.file_monitor: File event recorded: modified /tmp/usbguard-filemonitor-vc7fco86/events.db
2026-07-31 23:14:27,106 INFO usbguard.file_monitor: File event recorded: deleted /tmp/usbguard-filemonitor-vc7fco86/events.db-journal
2026-07-31 23:14:27,107 INFO usbguard.file_monitor: File event recorded: created /tmp/usbguard-filemonitor-vc7fco86/events.db-journal
2026-07-31 23:14:27,107 INFO usbguard.file_monitor: File event recorded: modified /tmp/usbguard-filemonitor-vc7fco86/events.db-journal
2026-07-31 23:14:27,118 INFO usbguard: File event modified scanned: /tmp/usbguard-filemonitor-vc7fco86/events.db (risk=0.0)
2026-07-31 23:14:27,119 INFO usbguard.file_monitor: File event recorded: modified /tmp/usbguard-filemonitor-vc7fco86/events.db
2026-07-31 23:14:27,120 INFO usbguard.file_monitor: File event recorded: deleted /tmp/usbguard-filemonitor-vc7fco86/events.db-journal
2026-07-31 23:14:27,120 INFO usbguard.file_monitor: File event recorded: created /tmp/usbguard-filemonitor-vc7fco86/events.db-journal
2026-07-31 23:14:27,121 INFO usbguard.file_monitor: File event recorded: modified /tmp/usbguard-filemonitor-vc7fco86/events.db-journal
2026-07-31 23:14:27,134 INFO usbguard: File event modified scanned: /tmp/usbguard-filemonitor-vc7fco86/events.db (risk=0.0)
2026-07-31 23:14:27,135 INFO usbguard.file_monitor: File event recorded: modified /tmp/usbguard-filemonitor-vc7fco86/events.db
2026-07-31 23:14:27,136 INFO usbguard.file_monitor: File event recorded: deleted /tmp/usbguard-filemonitor-vc7fco86/events.db-journal
2026-07-31 23:14:27,136 INFO usbguard.file_monitor: File event recorded: created /tmp/usbguard-filemonitor-vc7fco86/events.db-journal
2026-07-31 23:14:27,137 INFO usbguard.file_monitor: File event recorded: modified /tmp/usbguard-filemonitor-vc7fco86/events.db-journal
2026-07-31 23:14:27,149 INFO usbguard: File event modified scanned: /tmp/usbguard-filemonitor-vc7fco86/events.db (risk=0.0)
2026-07-31 23:14:27,149 INFO usbguard.file_monitor: File event recorded: modified /tmp/usbguard-filemonitor-vc7fco86/events.db
2026-07-31 23:14:27,150 INFO usbguard.file_monitor: File event recorded: deleted /tmp/usbguard-filemonitor-vc7fco86/events.db-journal
2026-07-31 23:14:27,150 INFO usbguard.file_monitor: File event recorded: created /tmp/usbguard-filemonitor-vc7fco86/events.db-journal
2026-07-31 23:14:27,151 INFO usbguard.file_monitor: File event recorded: modified /tmp/usbguard-filemonitor-vc7fco86/events.db-journal
2026-07-31 23:14:27,163 INFO usbguard: File event modified scanned: /tmp/usbguard-filemonitor-vc7fco86/events.db (risk=0.0)
2026-07-31 23:14:27,164 INFO usbguard.file_monitor: File event recorded: modified /tmp/usbguard-filemonitor-vc7fco86/events.db
2026-07-31 23:14:27,165 INFO usbguard.file_monitor: File event recorded: deleted /tmp/usbguard-filemonitor-vc7fco86/events.db-journal
2026-07-31 23:14:27,165 INFO usbguard.file_monitor: File event recorded: created /tmp/usbguard-filemonitor-vc7fco86/events.db-journal
2026-07-31 23:14:27,166 INFO usbguard.file_monitor: File event recorded: modified /tmp/usbguard-filemonitor-vc7fco86/events.db-journal
2026-07-31 23:14:27,178 INFO usbguard: File event modified scanned: /tmp/usbguard-filemonitor-vc7fco86/events.db (risk=0.0)
2026-07-31 23:14:27,179 INFO usbguard.file_monitor: File event recorded: modified /tmp/usbguard-filemonitor-vc7fco86/events.db
2026-07-31 23:14:27,180 INFO usbguard.file_monitor: File event recorded: deleted /tmp/usbguard-filemonitor-vc7fco86/events.db-journal
2026-07-31 23:14:27,181 INFO usbguard.file_monitor: File event recorded: created /tmp/usbguard-filemonitor-vc7fco86/events.db-journal
2026-07-31 23:14:27,181 INFO usbguard.file_monitor: File event recorded: modified /tmp/usbguard-filemonitor-vc7fco86/events.db-journal
2026-07-31 23:14:27,195 INFO usbguard: File event modified scanned: /tmp/usbguard-filemonitor-vc7fco86/events.db (risk=0.0)
2026-07-31 23:14:27,196 INFO usbguard.file_monitor: File event recorded: modified /tmp/usbguard-filemonitor-vc7fco86/events.db
2026-07-31 23:14:27,197 INFO usbguard.file_monitor: File event recorded: deleted /tmp/usbguard-filemonitor-vc7fco86/events.db-journal
2026-07-31 23:14:27,197 INFO usbguard.file_monitor: File event recorded: created /tmp/usbguard-filemonitor-vc7fco86/events.db-journal
2026-07-31 23:14:27,198 INFO usbguard.file_monitor: File event recorded: modified /tmp/usbguard-filemonitor-vc7fco86/events.db-journal
2026-07-31 23:14:27,212 INFO usbguard: File event modified scanned: /tmp/usbguard-filemonitor-vc7fco86/events.db (risk=0.0)
2026-07-31 23:14:27,213 INFO usbguard.file_monitor: File event recorded: modified /tmp/usbguard-filemonitor-vc7fco86/events.db
2026-07-31 23:14:27,213 INFO usbguard.file_monitor: File event recorded: deleted /tmp/usbguard-filemonitor-vc7fco86/events.db-journal
2026-07-31 23:14:27,214 INFO usbguard.file_monitor: File event recorded: created /tmp/usbguard-filemonitor-vc7fco86/events.db-journal
2026-07-31 23:14:27,215 INFO usbguard.file_monitor: File event recorded: modified /tmp/usbguard-filemonitor-vc7fco86/events.db-journal
2026-07-31 23:14:27,230 INFO usbguard: File event modified scanned: /tmp/usbguard-filemonitor-vc7fco86/events.db (risk=0.0)
2026-07-31 23:14:27,231 INFO usbguard.file_monitor: File event recorded: modified /tmp/usbguard-filemonitor-vc7fco86/events.db
2026-07-31 23:14:27,232 INFO usbguard.file_monitor: File event recorded: deleted /tmp/usbguard-filemonitor-vc7fco86/events.db-journal
2026-07-31 23:14:27,232 INFO usbguard.file_monitor: File event recorded: created /tmp/usbguard-filemonitor-vc7fco86/events.db-journal
2026-07-31 23:14:27,233 INFO usbguard.file_monitor: File event recorded: modified /tmp/usbguard-filemonitor-vc7fco86/events.db-journal
2026-07-31 23:14:27,246 INFO usbguard: File event modified scanned: /tmp/usbguard-filemonitor-vc7fco86/events.db (risk=0.0)
2026-07-31 23:14:27,247 INFO usbguard.file_monitor: File event recorded: modified /tmp/usbguard-filemonitor-vc7fco86/events.db
2026-07-31 23:14:27,247 INFO usbguard.file_monitor: File event recorded: deleted /tmp/usbguard-filemonitor-vc7fco86/events.db-journal
2026-07-31 23:14:27,248 INFO usbguard.file_monitor: File event recorded: created /tmp/usbguard-filemonitor-vc7fco86/events.db-journal
2026-07-31 23:14:27,249 INFO usbguard.file_monitor: File event recorded: modified /tmp/usbguard-filemonitor-vc7fco86/events.db-journal
2026-07-31 23:14:27,264 INFO usbguard: File event modified scanned: /tmp/usbguard-filemonitor-vc7fco86/events.db (risk=0.0)
2026-07-31 23:14:27,265 INFO usbguard.file_monitor: File event recorded: modified /tmp/usbguard-filemonitor-vc7fco86/events.db
2026-07-31 23:14:27,266 INFO usbguard.file_monitor: File event recorded: deleted /tmp/usbguard-filemonitor-vc7fco86/events.db-journal
2026-07-31 23:14:27,266 INFO usbguard.file_monitor: File event recorded: created /tmp/usbguard-filemonitor-vc7fco86/events.db-journal
2026-07-31 23:14:27,267 INFO usbguard.file_monitor: File event recorded: modified /tmp/usbguard-filemonitor-vc7fco86/events.db-journal
2026-07-31 23:14:27,280 INFO usbguard: File event modified scanned: /tmp/usbguard-filemonitor-vc7fco86/events.db (risk=0.0)
2026-07-31 23:14:27,281 INFO usbguard.file_monitor: File event recorded: modified /tmp/usbguard-filemonitor-vc7fco86/events.db
2026-07-31 23:14:27,282 INFO usbguard.file_monitor: File event recorded: deleted /tmp/usbguard-filemonitor-vc7fco86/events.db-journal
2026-07-31 23:14:27,282 INFO usbguard.file_monitor: File event recorded: created /tmp/usbguard-filemonitor-vc7fco86/events.db-journal
2026-07-31 23:14:27,283 INFO usbguard.file_monitor: File event recorded: modified /tmp/usbguard-filemonitor-vc7fco86/events.db-journal
2026-07-31 23:14:27,296 INFO usbguard: File event modified scanned: /tmp/usbguard-filemonitor-vc7fco86/events.db (risk=0.0)
2026-07-31 23:14:27,298 INFO usbguard.file_monitor: File event recorded: modified /tmp/usbguard-filemonitor-vc7fco86/events.db
2026-07-31 23:14:27,298 INFO usbguard.file_monitor: File event recorded: deleted /tmp/usbguard-filemonitor-vc7fco86/events.db-journal
2026-07-31 23:14:27,299 INFO usbguard.file_monitor: File event recorded: created /tmp/usbguard-filemonitor-vc7fco86/events.db-journal
2026-07-31 23:14:27,300 INFO usbguard.file_monitor: File event recorded: modified /tmp/usbguard-filemonitor-vc7fco86/events.db-journal
2026-07-31 23:14:27,314 INFO usbguard: File event modified scanned: /tmp/usbguard-filemonitor-vc7fco86/events.db (risk=0.0)
2026-07-31 23:14:27,315 INFO usbguard.file_monitor: File event recorded: modified /tmp/usbguard-filemonitor-vc7fco86/events.db
2026-07-31 23:14:27,315 INFO usbguard.file_monitor: File event recorded: deleted /tmp/usbguard-filemonitor-vc7fco86/events.db-journal
2026-07-31 23:14:27,316 INFO usbguard.file_monitor: File event recorded: created /tmp/usbguard-filemonitor-vc7fco86/events.db-journal
2026-07-31 23:14:27,316 INFO usbguard.file_monitor: File event recorded: modified /tmp/usbguard-filemonitor-vc7fco86/events.db-journal
2026-07-31 23:14:27,331 INFO usbguard: File event modified scanned: /tmp/usbguard-filemonitor-vc7fco86/events.db (risk=0.0)
2026-07-31 23:14:27,332 INFO usbguard.file_monitor: File event recorded: modified /tmp/usbguard-filemonitor-vc7fco86/events.db
2026-07-31 23:14:27,333 INFO usbguard.file_monitor: File event recorded: deleted /tmp/usbguard-filemonitor-vc7fco86/events.db-journal
2026-07-31 23:14:27,333 INFO usbguard.file_monitor: File event recorded: created /tmp/usbguard-filemonitor-vc7fco86/events.db-journal
2026-07-31 23:14:27,334 INFO usbguard.file_monitor: File event recorded: modified /tmp/usbguard-filemonitor-vc7fco86/events.db-journal
2026-07-31 23:14:27,349 INFO usbguard: File event modified scanned: /tmp/usbguard-filemonitor-vc7fco86/events.db (risk=0.0)
2026-07-31 23:14:27,350 INFO usbguard.file_monitor: File event recorded: modified /tmp/usbguard-filemonitor-vc7fco86/events.db
2026-07-31 23:14:27,351 INFO usbguard.file_monitor: File event recorded: deleted /tmp/usbguard-filemonitor-vc7fco86/events.db-journal
2026-07-31 23:14:27,351 INFO usbguard.file_monitor: File event recorded: created /tmp/usbguard-filemonitor-vc7fco86/events.db-journal
2026-07-31 23:14:27,352 INFO usbguard.file_monitor: File event recorded: modified /tmp/usbguard-filemonitor-vc7fco86/events.db-journal
2026-07-31 23:14:27,366 INFO usbguard: File event modified scanned: /tmp/usbguard-filemonitor-vc7fco86/events.db (risk=0.0)
2026-07-31 23:14:27,368 INFO usbguard.file_monitor: File event recorded: modified /tmp/usbguard-filemonitor-vc7fco86/events.db
2026-07-31 23:14:27,369 INFO usbguard.file_monitor: File event recorded: deleted /tmp/usbguard-filemonitor-vc7fco86/events.db-journal
2026-07-31 23:14:27,369 INFO usbguard.file_monitor: File event recorded: created /tmp/usbguard-filemonitor-vc7fco86/events.db-journal
2026-07-31 23:14:27,370 INFO usbguard.file_monitor: File event recorded: modified /tmp/usbguard-filemonitor-vc7fco86/events.db-journal
2026-07-31 23:14:27,384 INFO usbguard: File event modified scanned: /tmp/usbguard-filemonitor-vc7fco86/events.db (risk=0.0)
2026-07-31 23:14:27,385 INFO usbguard.file_monitor: File event recorded: modified /tmp/usbguard-filemonitor-vc7fco86/events.db
2026-07-31 23:14:27,385 INFO usbguard.file_monitor: File event recorded: deleted /tmp/usbguard-filemonitor-vc7fco86/events.db-journal
2026-07-31 23:14:27,386 INFO usbguard.file_monitor: File event recorded: created /tmp/usbguard-filemonitor-vc7fco86/events.db-journal
2026-07-31 23:14:27,386 INFO usbguard.file_monitor: File event recorded: modified /tmp/usbguard-filemonitor-vc7fco86/events.db-journal
2026-07-31 23:14:27,399 INFO usbguard: File event modified scanned: /tmp/usbguard-filemonitor-vc7fco86/events.db (risk=0.0)
2026-07-31 23:14:27,400 INFO usbguard.file_monitor: File event recorded: modified /tmp/usbguard-filemonitor-vc7fco86/events.db
2026-07-31 23:14:27,400 INFO usbguard.file_monitor: File event recorded: deleted /tmp/usbguard-filemonitor-vc7fco86/events.db-journal
2026-07-31 23:14:27,401 INFO usbguard.file_monitor: File event recorded: created /tmp/usbguard-filemonitor-vc7fco86/events.db-journal
2026-07-31 23:14:27,401 INFO usbguard.file_monitor: File event recorded: modified /tmp/usbguard-filemonitor-vc7fco86/events.db-journal
2026-07-31 23:14:27,414 INFO usbguard: File event modified scanned: /tmp/usbguard-filemonitor-vc7fco86/events.db (risk=0.0)
2026-07-31 23:14:27,415 INFO usbguard.file_monitor: File event recorded: modified /tmp/usbguard-filemonitor-vc7fco86/events.db
2026-07-31 23:14:27,416 INFO usbguard.file_monitor: File event recorded: deleted /tmp/usbguard-filemonitor-vc7fco86/events.db-journal
2026-07-31 23:14:27,417 INFO usbguard.file_monitor: File event recorded: created /tmp/usbguard-filemonitor-vc7fco86/events.db-journal
2026-07-31 23:14:27,418 INFO usbguard.file_monitor: File event recorded: modified /tmp/usbguard-filemonitor-vc7fco86/events.db-journal
2026-07-31 23:14:27,432 INFO usbguard: File event modified scanned: /tmp/usbguard-filemonitor-vc7fco86/events.db (risk=0.0)
2026-07-31 23:14:27,433 INFO usbguard.file_monitor: File event recorded: modified /tmp/usbguard-filemonitor-vc7fco86/events.db
2026-07-31 23:14:27,434 INFO usbguard.file_monitor: File event recorded: deleted /tmp/usbguard-filemonitor-vc7fco86/events.db-journal
2026-07-31 23:14:27,434 INFO usbguard.file_monitor: File event recorded: created /tmp/usbguard-filemonitor-vc7fco86/events.db-journal
2026-07-31 23:14:27,435 INFO usbguard.file_monitor: File event recorded: modified /tmp/usbguard-filemonitor-vc7fco86/events.db-journal
2026-07-31 23:14:27,448 INFO usbguard: File event modified scanned: /tmp/usbguard-filemonitor-vc7fco86/events.db (risk=0.0)
2026-07-31 23:14:27,449 INFO usbguard.file_monitor: File event recorded: modified /tmp/usbguard-filemonitor-vc7fco86/events.db
2026-07-31 23:14:27,450 INFO usbguard.file_monitor: File event recorded: deleted /tmp/usbguard-filemonitor-vc7fco86/events.db-journal
2026-07-31 23:14:27,450 INFO usbguard.file_monitor: File event recorded: created /tmp/usbguard-filemonitor-vc7fco86/events.db-journal
2026-07-31 23:14:27,451 INFO usbguard.file_monitor: File event recorded: modified /tmp/usbguard-filemonitor-vc7fco86/events.db-journal
2026-07-31 23:14:27,465 INFO usbguard: File event modified scanned: /tmp/usbguard-filemonitor-vc7fco86/events.db (risk=0.0)
2026-07-31 23:14:27,467 INFO usbguard.file_monitor: File event recorded: modified /tmp/usbguard-filemonitor-vc7fco86/events.db
2026-07-31 23:14:27,468 INFO usbguard.file_monitor: File event recorded: deleted /tmp/usbguard-filemonitor-vc7fco86/events.db-journal
2026-07-31 23:14:27,468 INFO usbguard.file_monitor: File event recorded: created /tmp/usbguard-filemonitor-vc7fco86/events.db-journal
2026-07-31 23:14:27,469 INFO usbguard.file_monitor: File event recorded: modified /tmp/usbguard-filemonitor-vc7fco86/events.db-journal
2026-07-31 23:14:27,484 INFO usbguard: File event modified scanned: /tmp/usbguard-filemonitor-vc7fco86/events.db (risk=0.0)
2026-07-31 23:14:27,485 INFO usbguard.file_monitor: File event recorded: modified /tmp/usbguard-filemonitor-vc7fco86/events.db
2026-07-31 23:14:27,486 INFO usbguard.file_monitor: File event recorded: deleted /tmp/usbguard-filemonitor-vc7fco86/events.db-journal
2026-07-31 23:14:27,487 INFO usbguard.file_monitor: File event recorded: created /tmp/usbguard-filemonitor-vc7fco86/events.db-journal
2026-07-31 23:14:27,488 INFO usbguard.file_monitor: File event recorded: modified /tmp/usbguard-filemonitor-vc7fco86/events.db-journal
2026-07-31 23:14:27,502 INFO usbguard: File event modified scanned: /tmp/usbguard-filemonitor-vc7fco86/events.db (risk=0.0)
2026-07-31 23:14:27,503 INFO usbguard.file_monitor: File event recorded: modified /tmp/usbguard-filemonitor-vc7fco86/events.db
2026-07-31 23:14:27,504 INFO usbguard.file_monitor: File event recorded: deleted /tmp/usbguard-filemonitor-vc7fco86/events.db-journal
2026-07-31 23:14:27,504 INFO usbguard.file_monitor: File event recorded: created /tmp/usbguard-filemonitor-vc7fco86/events.db-journal
2026-07-31 23:14:27,505 INFO usbguard.file_monitor: File event recorded: modified /tmp/usbguard-filemonitor-vc7fco86/events.db-journal
2026-07-31 23:14:27,519 INFO usbguard: File event modified scanned: /tmp/usbguard-filemonitor-vc7fco86/events.db (risk=0.0)
2026-07-31 23:14:27,520 INFO usbguard.file_monitor: File event recorded: modified /tmp/usbguard-filemonitor-vc7fco86/events.db
2026-07-31 23:14:27,521 INFO usbguard.file_monitor: File event recorded: deleted /tmp/usbguard-filemonitor-vc7fco86/events.db-journal
2026-07-31 23:14:27,522 INFO usbguard.file_monitor: File event recorded: created /tmp/usbguard-filemonitor-vc7fco86/events.db-journal
2026-07-31 23:14:27,522 INFO usbguard.file_monitor: File event recorded: modified /tmp/usbguard-filemonitor-vc7fco86/events.db-journal
2026-07-31 23:14:27,536 INFO usbguard: File event modified scanned: /tmp/usbguard-filemonitor-vc7fco86/events.db (risk=0.0)
2026-07-31 23:14:27,537 INFO usbguard.file_monitor: File event recorded: modified /tmp/usbguard-filemonitor-vc7fco86/events.db
2026-07-31 23:14:27,538 INFO usbguard.file_monitor: File event recorded: deleted /tmp/usbguard-filemonitor-vc7fco86/events.db-journal
2026-07-31 23:14:27,538 INFO usbguard.file_monitor: File event recorded: created /tmp/usbguard-filemonitor-vc7fco86/events.db-journal
2026-07-31 23:14:27,539 INFO usbguard.file_monitor: File event recorded: modified /tmp/usbguard-filemonitor-vc7fco86/events.db-journal
2026-07-31 23:14:27,554 INFO usbguard: File event modified scanned: /tmp/usbguard-filemonitor-vc7fco86/events.db (risk=0.0)
2026-07-31 23:14:27,555 INFO usbguard.file_monitor: File event recorded: modified /tmp/usbguard-filemonitor-vc7fco86/events.db
2026-07-31 23:14:27,555 INFO usbguard.file_monitor: File event recorded: deleted /tmp/usbguard-filemonitor-vc7fco86/events.db-journal
2026-07-31 23:14:27,556 INFO usbguard.file_monitor: File event recorded: created /tmp/usbguard-filemonitor-vc7fco86/events.db-journal
2026-07-31 23:14:27,556 INFO usbguard.file_monitor: File event recorded: modified /tmp/usbguard-filemonitor-vc7fco86/events.db-journal
2026-07-31 23:14:27,571 INFO usbguard: File event modified scanned: /tmp/usbguard-filemonitor-vc7fco86/events.db (risk=0.0)
2026-07-31 23:14:27,572 INFO usbguard.file_monitor: File event recorded: modified /tmp/usbguard-filemonitor-vc7fco86/events.db
2026-07-31 23:14:27,572 INFO usbguard.file_monitor: File event recorded: deleted /tmp/usbguard-filemonitor-vc7fco86/events.db-journal
2026-07-31 23:14:27,573 INFO usbguard.file_monitor: File event recorded: created /tmp/usbguard-filemonitor-vc7fco86/events.db-journal
2026-07-31 23:14:27,573 INFO usbguard.file_monitor: File event recorded: modified /tmp/usbguard-filemonitor-vc7fco86/events.db-journal
2026-07-31 23:14:27,587 INFO usbguard: File event modified scanned: /tmp/usbguard-filemonitor-vc7fco86/events.db (risk=0.0)
2026-07-31 23:14:27,588 INFO usbguard.file_monitor: File event recorded: modified /tmp/usbguard-filemonitor-vc7fco86/events.db
2026-07-31 23:14:27,589 INFO usbguard.file_monitor: File event recorded: deleted /tmp/usbguard-filemonitor-vc7fco86/events.db-journal
2026-07-31 23:14:27,590 INFO usbguard.file_monitor: File event recorded: created /tmp/usbguard-filemonitor-vc7fco86/events.db-journal
2026-07-31 23:14:27,590 INFO usbguard.file_monitor: File event recorded: modified /tmp/usbguard-filemonitor-vc7fco86/events.db-journal
2026-07-31 23:14:27,604 INFO usbguard: File event modified scanned: /tmp/usbguard-filemonitor-vc7fco86/events.db (risk=0.0)
2026-07-31 23:14:27,605 INFO usbguard.file_monitor: File event recorded: modified /tmp/usbguard-filemonitor-vc7fco86/events.db
2026-07-31 23:14:27,606 INFO usbguard.file_monitor: File event recorded: deleted /tmp/usbguard-filemonitor-vc7fco86/events.db-journal
2026-07-31 23:14:27,606 INFO usbguard.file_monitor: File event recorded: created /tmp/usbguard-filemonitor-vc7fco86/events.db-journal
2026-07-31 23:14:27,607 INFO usbguard.file_monitor: File event recorded: modified /tmp/usbguard-filemonitor-vc7fco86/events.db-journal
2026-07-31 23:14:27,622 INFO usbguard: File event modified scanned: /tmp/usbguard-filemonitor-vc7fco86/events.db (risk=0.0)
2026-07-31 23:14:27,623 INFO usbguard.file_monitor: File event recorded: modified /tmp/usbguard-filemonitor-vc7fco86/events.db
2026-07-31 23:14:27,623 INFO usbguard.file_monitor: File event recorded: deleted /tmp/usbguard-filemonitor-vc7fco86/events.db-journal
2026-07-31 23:14:27,624 INFO usbguard.file_monitor: File event recorded: created /tmp/usbguard-filemonitor-vc7fco86/events.db-journal
2026-07-31 23:14:27,625 INFO usbguard.file_monitor: File event recorded: modified /tmp/usbguard-filemonitor-vc7fco86/events.db-journal
2026-07-31 23:14:27,640 INFO usbguard: File event modified scanned: /tmp/usbguard-filemonitor-vc7fco86/events.db (risk=0.0)
2026-07-31 23:14:27,641 INFO usbguard.file_monitor: File event recorded: modified /tmp/usbguard-filemonitor-vc7fco86/events.db
2026-07-31 23:14:27,642 INFO usbguard.file_monitor: File event recorded: deleted /tmp/usbguard-filemonitor-vc7fco86/events.db-journal
2026-07-31 23:14:27,642 INFO usbguard.file_monitor: File event recorded: created /tmp/usbguard-filemonitor-vc7fco86/events.db-journal
2026-07-31 23:14:27,643 INFO usbguard.file_monitor: File event recorded: modified /tmp/usbguard-filemonitor-vc7fco86/events.db-journal
2026-07-31 23:14:27,657 INFO usbguard: File event modified scanned: /tmp/usbguard-filemonitor-vc7fco86/events.db (risk=0.0)
2026-07-31 23:14:27,658 INFO usbguard.file_monitor: File event recorded: modified /tmp/usbguard-filemonitor-vc7fco86/events.db
2026-07-31 23:14:27,658 INFO usbguard.file_monitor: File event recorded: deleted /tmp/usbguard-filemonitor-vc7fco86/events.db-journal
2026-07-31 23:14:27,659 INFO usbguard.file_monitor: File event recorded: created /tmp/usbguard-filemonitor-vc7fco86/events.db-journal
2026-07-31 23:14:27,659 INFO usbguard.file_monitor: File event recorded: modified /tmp/usbguard-filemonitor-vc7fco86/events.db-journal
2026-07-31 23:14:27,675 INFO usbguard: File event modified scanned: /tmp/usbguard-filemonitor-vc7fco86/events.db (risk=0.0)
2026-07-31 23:14:27,676 INFO usbguard.file_monitor: File event recorded: modified /tmp/usbguard-filemonitor-vc7fco86/events.db
2026-07-31 23:14:27,677 INFO usbguard.file_monitor: File event recorded: deleted /tmp/usbguard-filemonitor-vc7fco86/events.db-journal
2026-07-31 23:14:27,677 INFO usbguard.file_monitor: File event recorded: created /tmp/usbguard-filemonitor-vc7fco86/events.db-journal
2026-07-31 23:14:27,677 INFO usbguard.file_monitor: File event recorded: modified /tmp/usbguard-filemonitor-vc7fco86/events.db-journal
2026-07-31 23:14:27,692 INFO usbguard: File event modified scanned: /tmp/usbguard-filemonitor-vc7fco86/events.db (risk=0.0)
2026-07-31 23:14:27,693 INFO usbguard.file_monitor: File event recorded: modified /tmp/usbguard-filemonitor-vc7fco86/events.db
2026-07-31 23:14:27,693 INFO usbguard.file_monitor: File event recorded: deleted /tmp/usbguard-filemonitor-vc7fco86/events.db-journal
2026-07-31 23:14:27,694 INFO usbguard.file_monitor: File event recorded: created /tmp/usbguard-filemonitor-vc7fco86/events.db-journal
2026-07-31 23:14:27,695 INFO usbguard.file_monitor: File event recorded: modified /tmp/usbguard-filemonitor-vc7fco86/events.db-journal
2026-07-31 23:14:27,711 INFO usbguard: File event modified scanned: /tmp/usbguard-filemonitor-vc7fco86/events.db (risk=0.0)
2026-07-31 23:14:27,712 INFO usbguard.file_monitor: File event recorded: modified /tmp/usbguard-filemonitor-vc7fco86/events.db
2026-07-31 23:14:27,712 INFO usbguard.file_monitor: File event recorded: deleted /tmp/usbguard-filemonitor-vc7fco86/events.db-journal
2026-07-31 23:14:27,713 INFO usbguard.file_monitor: File event recorded: created /tmp/usbguard-filemonitor-vc7fco86/events.db-journal
2026-07-31 23:14:27,713 INFO usbguard.file_monitor: File event recorded: modified /tmp/usbguard-filemonitor-vc7fco86/events.db-journal
2026-07-31 23:14:27,729 INFO usbguard: File event modified scanned: /tmp/usbguard-filemonitor-vc7fco86/events.db (risk=0.0)
2026-07-31 23:14:27,730 INFO usbguard.file_monitor: File event recorded: modified /tmp/usbguard-filemonitor-vc7fco86/events.db
2026-07-31 23:14:27,731 INFO usbguard.file_monitor: File event recorded: deleted /tmp/usbguard-filemonitor-vc7fco86/events.db-journal
2026-07-31 23:14:27,732 INFO usbguard.file_monitor: File event recorded: created /tmp/usbguard-filemonitor-vc7fco86/events.db-journal
2026-07-31 23:14:27,732 INFO usbguard.file_monitor: File event recorded: modified /tmp/usbguard-filemonitor-vc7fco86/events.db-journal
2026-07-31 23:14:27,748 INFO usbguard: File event modified scanned: /tmp/usbguard-filemonitor-vc7fco86/events.db (risk=0.0)
2026-07-31 23:14:27,749 INFO usbguard.file_monitor: File event recorded: modified /tmp/usbguard-filemonitor-vc7fco86/events.db
2026-07-31 23:14:27,751 INFO usbguard.file_monitor: File event recorded: deleted /tmp/usbguard-filemonitor-vc7fco86/events.db-journal
2026-07-31 23:14:27,752 INFO usbguard.file_monitor: File event recorded: created /tmp/usbguard-filemonitor-vc7fco86/events.db-journal
2026-07-31 23:14:27,752 INFO usbguard.file_monitor: File event recorded: modified /tmp/usbguard-filemonitor-vc7fco86/events.db-journal
2026-07-31 23:14:27,769 INFO usbguard: File event modified scanned: /tmp/usbguard-filemonitor-vc7fco86/events.db (risk=0.0)
2026-07-31 23:14:27,770 INFO usbguard.file_monitor: File event recorded: modified /tmp/usbguard-filemonitor-vc7fco86/events.db
2026-07-31 23:14:27,771 INFO usbguard.file_monitor: File event recorded: deleted /tmp/usbguard-filemonitor-vc7fco86/events.db-journal
2026-07-31 23:14:27,772 INFO usbguard.file_monitor: File event recorded: created /tmp/usbguard-filemonitor-vc7fco86/events.db-journal
2026-07-31 23:14:27,773 INFO usbguard.file_monitor: File event recorded: modified /tmp/usbguard-filemonitor-vc7fco86/events.db-journal
2026-07-31 23:14:27,790 INFO usbguard: File event modified scanned: /tmp/usbguard-filemonitor-vc7fco86/events.db (risk=0.0)
2026-07-31 23:14:27,791 INFO usbguard.file_monitor: File event recorded: modified /tmp/usbguard-filemonitor-vc7fco86/events.db
2026-07-31 23:14:27,792 INFO usbguard.file_monitor: File event recorded: deleted /tmp/usbguard-filemonitor-vc7fco86/events.db-journal
2026-07-31 23:14:27,793 INFO usbguard.file_monitor: File event recorded: created /tmp/usbguard-filemonitor-vc7fco86/events.db-journal
2026-07-31 23:14:27,793 INFO usbguard.file_monitor: File event recorded: modified /tmp/usbguard-filemonitor-vc7fco86/events.db-journal
2026-07-31 23:14:27,810 INFO usbguard: File event modified scanned: /tmp/usbguard-filemonitor-vc7fco86/events.db (risk=0.0)
2026-07-31 23:14:27,812 INFO usbguard.file_monitor: File event recorded: modified /tmp/usbguard-filemonitor-vc7fco86/events.db
2026-07-31 23:14:27,812 INFO usbguard.file_monitor: File event recorded: deleted /tmp/usbguard-filemonitor-vc7fco86/events.db-journal
2026-07-31 23:14:27,813 INFO usbguard.file_monitor: File event recorded: created /tmp/usbguard-filemonitor-vc7fco86/events.db-journal
2026-07-31 23:14:27,814 INFO usbguard.file_monitor: File event recorded: modified /tmp/usbguard-filemonitor-vc7fco86/events.db-journal
2026-07-31 23:14:27,829 INFO usbguard: File event modified scanned: /tmp/usbguard-filemonitor-vc7fco86/events.db (risk=0.0)
2026-07-31 23:14:27,830 INFO usbguard.file_monitor: File event recorded: modified /tmp/usbguard-filemonitor-vc7fco86/events.db
2026-07-31 23:14:27,831 INFO usbguard.file_monitor: File event recorded: deleted /tmp/usbguard-filemonitor-vc7fco86/events.db-journal
2026-07-31 23:14:27,832 INFO usbguard.file_monitor: File event recorded: created /tmp/usbguard-filemonitor-vc7fco86/events.db-journal
2026-07-31 23:14:27,832 INFO usbguard.file_monitor: File event recorded: modified /tmp/usbguard-filemonitor-vc7fco86/events.db-journal
2026-07-31 23:14:27,849 INFO usbguard: File event modified scanned: /tmp/usbguard-filemonitor-vc7fco86/events.db (risk=0.0)
2026-07-31 23:14:27,850 INFO usbguard.file_monitor: File event recorded: modified /tmp/usbguard-filemonitor-vc7fco86/events.db
2026-07-31 23:14:27,850 INFO usbguard.file_monitor: File event recorded: deleted /tmp/usbguard-filemonitor-vc7fco86/events.db-journal
2026-07-31 23:14:27,851 INFO usbguard.file_monitor: File event recorded: created /tmp/usbguard-filemonitor-vc7fco86/events.db-journal
2026-07-31 23:14:27,851 INFO usbguard.file_monitor: File event recorded: modified /tmp/usbguard-filemonitor-vc7fco86/events.db-journal
2026-07-31 23:14:27,869 INFO usbguard: File event modified scanned: /tmp/usbguard-filemonitor-vc7fco86/events.db (risk=0.0)
2026-07-31 23:14:27,870 INFO usbguard.file_monitor: File event recorded: modified /tmp/usbguard-filemonitor-vc7fco86/events.db
2026-07-31 23:14:27,870 INFO usbguard.file_monitor: File event recorded: deleted /tmp/usbguard-filemonitor-vc7fco86/events.db-journal
2026-07-31 23:14:27,871 INFO usbguard.file_monitor: File event recorded: created /tmp/usbguard-filemonitor-vc7fco86/events.db-journal
2026-07-31 23:14:27,871 INFO usbguard.file_monitor: File event recorded: modified /tmp/usbguard-filemonitor-vc7fco86/events.db-journal
2026-07-31 23:14:27,888 INFO usbguard: File event modified scanned: /tmp/usbguard-filemonitor-vc7fco86/events.db (risk=0.0)
2026-07-31 23:14:27,890 INFO usbguard.file_monitor: File event recorded: modified /tmp/usbguard-filemonitor-vc7fco86/events.db
2026-07-31 23:14:27,891 INFO usbguard.file_monitor: File event recorded: deleted /tmp/usbguard-filemonitor-vc7fco86/events.db-journal
2026-07-31 23:14:27,891 INFO usbguard.file_monitor: File event recorded: created /tmp/usbguard-filemonitor-vc7fco86/events.db-journal
2026-07-31 23:14:27,892 INFO usbguard.file_monitor: File event recorded: modified /tmp/usbguard-filemonitor-vc7fco86/events.db-journal
2026-07-31 23:14:27,910 INFO usbguard: File event modified scanned: /tmp/usbguard-filemonitor-vc7fco86/events.db (risk=0.0)
2026-07-31 23:14:27,911 INFO usbguard.file_monitor: File event recorded: modified /tmp/usbguard-filemonitor-vc7fco86/events.db
2026-07-31 23:14:27,911 INFO usbguard.file_monitor: File event recorded: deleted /tmp/usbguard-filemonitor-vc7fco86/events.db-journal
2026-07-31 23:14:27,912 INFO usbguard.file_monitor: File event recorded: created /tmp/usbguard-filemonitor-vc7fco86/events.db-journal
2026-07-31 23:14:27,913 INFO usbguard.file_monitor: File event recorded: modified /tmp/usbguard-filemonitor-vc7fco86/events.db-journal
2026-07-31 23:14:27,929 INFO usbguard: File event modified scanned: /tmp/usbguard-filemonitor-vc7fco86/events.db (risk=0.0)
2026-07-31 23:14:27,930 INFO usbguard.file_monitor: File event recorded: modified /tmp/usbguard-filemonitor-vc7fco86/events.db
2026-07-31 23:14:27,931 INFO usbguard.file_monitor: File event recorded: deleted /tmp/usbguard-filemonitor-vc7fco86/events.db-journal
2026-07-31 23:14:27,932 INFO usbguard.file_monitor: File event recorded: created /tmp/usbguard-filemonitor-vc7fco86/events.db-journal
2026-07-31 23:14:27,932 INFO usbguard.file_monitor: File event recorded: modified /tmp/usbguard-filemonitor-vc7fco86/events.db-journal
2026-07-31 23:14:27,949 INFO usbguard: File event modified scanned: /tmp/usbguard-filemonitor-vc7fco86/events.db (risk=0.0)
2026-07-31 23:14:27,950 INFO usbguard.file_monitor: File event recorded: modified /tmp/usbguard-filemonitor-vc7fco86/events.db
2026-07-31 23:14:27,950 INFO usbguard.file_monitor: File event recorded: deleted /tmp/usbguard-filemonitor-vc7fco86/events.db-journal
2026-07-31 23:14:27,951 INFO usbguard.file_monitor: File event recorded: created /tmp/usbguard-filemonitor-vc7fco86/events.db-journal
2026-07-31 23:14:27,952 INFO usbguard.file_monitor: File event recorded: modified /tmp/usbguard-filemonitor-vc7fco86/events.db-journal
2026-07-31 23:14:27,968 INFO usbguard: File event modified scanned: /tmp/usbguard-filemonitor-vc7fco86/events.db (risk=0.0)
2026-07-31 23:14:27,969 INFO usbguard.file_monitor: File event recorded: modified /tmp/usbguard-filemonitor-vc7fco86/events.db
2026-07-31 23:14:27,970 INFO usbguard.file_monitor: File event recorded: deleted /tmp/usbguard-filemonitor-vc7fco86/events.db-journal
2026-07-31 23:14:27,970 INFO usbguard.file_monitor: File event recorded: created /tmp/usbguard-filemonitor-vc7fco86/events.db-journal
2026-07-31 23:14:27,971 INFO usbguard.file_monitor: File event recorded: modified /tmp/usbguard-filemonitor-vc7fco86/events.db-journal
2026-07-31 23:14:27,988 INFO usbguard: File event modified scanned: /tmp/usbguard-filemonitor-vc7fco86/events.db (risk=0.0)
2026-07-31 23:14:27,989 INFO usbguard.file_monitor: File event recorded: modified /tmp/usbguard-filemonitor-vc7fco86/events.db
2026-07-31 23:14:27,990 INFO usbguard.file_monitor: File event recorded: deleted /tmp/usbguard-filemonitor-vc7fco86/events.db-journal
2026-07-31 23:14:27,990 INFO usbguard.file_monitor: File event recorded: created /tmp/usbguard-filemonitor-vc7fco86/events.db-journal
2026-07-31 23:14:27,990 INFO usbguard.file_monitor: File event recorded: modified /tmp/usbguard-filemonitor-vc7fco86/events.db-journal
2026-07-31 23:14:28,007 INFO usbguard: File event modified scanned: /tmp/usbguard-filemonitor-vc7fco86/events.db (risk=0.0)
2026-07-31 23:14:28,008 INFO usbguard.file_monitor: File event recorded: modified /tmp/usbguard-filemonitor-vc7fco86/events.db
2026-07-31 23:14:28,013 INFO usbguard.file_monitor: File event recorded: deleted /tmp/usbguard-filemonitor-vc7fco86/events.db-journal
2026-07-31 23:14:28,014 INFO usbguard.file_monitor: File event recorded: created /tmp/usbguard-filemonitor-vc7fco86/events.db-journal
2026-07-31 23:14:28,015 INFO usbguard.file_monitor: File event recorded: modified /tmp/usbguard-filemonitor-vc7fco86/events.db-journal
2026-07-31 23:14:28,032 INFO usbguard: File event modified scanned: /tmp/usbguard-filemonitor-vc7fco86/events.db (risk=0.0)
2026-07-31 23:14:28,033 INFO usbguard.file_monitor: File event recorded: modified /tmp/usbguard-filemonitor-vc7fco86/events.db
2026-07-31 23:14:28,034 INFO usbguard.file_monitor: File event recorded: deleted /tmp/usbguard-filemonitor-vc7fco86/events.db-journal
2026-07-31 23:14:28,035 INFO usbguard.file_monitor: File event recorded: created /tmp/usbguard-filemonitor-vc7fco86/events.db-journal
2026-07-31 23:14:28,036 INFO usbguard.file_monitor: File event recorded: modified /tmp/usbguard-filemonitor-vc7fco86/events.db-journal
2026-07-31 23:14:28,053 INFO usbguard: File event modified scanned: /tmp/usbguard-filemonitor-vc7fco86/events.db (risk=0.0)
2026-07-31 23:14:28,054 INFO usbguard.file_monitor: File event recorded: modified /tmp/usbguard-filemonitor-vc7fco86/events.db
2026-07-31 23:14:28,054 INFO usbguard.file_monitor: File event recorded: deleted /tmp/usbguard-filemonitor-vc7fco86/events.db-journal
2026-07-31 23:14:28,055 INFO usbguard.file_monitor: File event recorded: created /tmp/usbguard-filemonitor-vc7fco86/events.db-journal
2026-07-31 23:14:28,056 INFO usbguard.file_monitor: File event recorded: modified /tmp/usbguard-filemonitor-vc7fco86/events.db-journal
2026-07-31 23:14:28,073 INFO usbguard: File event modified scanned: /tmp/usbguard-filemonitor-vc7fco86/events.db (risk=0.0)
2026-07-31 23:14:28,074 INFO usbguard.file_monitor: File event recorded: modified /tmp/usbguard-filemonitor-vc7fco86/events.db
2026-07-31 23:14:28,075 INFO usbguard.file_monitor: File event recorded: deleted /tmp/usbguard-filemonitor-vc7fco86/events.db-journal
2026-07-31 23:14:28,075 INFO usbguard.file_monitor: File event recorded: created /tmp/usbguard-filemonitor-vc7fco86/events.db-journal
2026-07-31 23:14:28,076 INFO usbguard.file_monitor: File event recorded: modified /tmp/usbguard-filemonitor-vc7fco86/events.db-journal
2026-07-31 23:14:28,094 INFO usbguard: File event modified scanned: /tmp/usbguard-filemonitor-vc7fco86/events.db (risk=0.0)
2026-07-31 23:14:28,096 INFO usbguard.file_monitor: File event recorded: modified /tmp/usbguard-filemonitor-vc7fco86/events.db
2026-07-31 23:14:28,096 INFO usbguard.file_monitor: File event recorded: deleted /tmp/usbguard-filemonitor-vc7fco86/events.db-journal
2026-07-31 23:14:28,097 INFO usbguard.file_monitor: File event recorded: created /tmp/usbguard-filemonitor-vc7fco86/events.db-journal
2026-07-31 23:14:28,098 INFO usbguard.file_monitor: File event recorded: modified /tmp/usbguard-filemonitor-vc7fco86/events.db-journal
2026-07-31 23:14:28,116 INFO usbguard: File event modified scanned: /tmp/usbguard-filemonitor-vc7fco86/events.db (risk=0.0)
2026-07-31 23:14:28,117 INFO usbguard.file_monitor: File event recorded: modified /tmp/usbguard-filemonitor-vc7fco86/events.db
2026-07-31 23:14:28,118 INFO usbguard.file_monitor: File event recorded: deleted /tmp/usbguard-filemonitor-vc7fco86/events.db-journal
2026-07-31 23:14:28,119 INFO usbguard.file_monitor: File event recorded: created /tmp/usbguard-filemonitor-vc7fco86/events.db-journal
2026-07-31 23:14:28,120 INFO usbguard.file_monitor: File event recorded: modified /tmp/usbguard-filemonitor-vc7fco86/events.db-journal
2026-07-31 23:14:28,137 INFO usbguard: File event modified scanned: /tmp/usbguard-filemonitor-vc7fco86/events.db (risk=0.0)
2026-07-31 23:14:28,138 INFO usbguard.file_monitor: File event recorded: modified /tmp/usbguard-filemonitor-vc7fco86/events.db
2026-07-31 23:14:28,139 INFO usbguard.file_monitor: File event recorded: deleted /tmp/usbguard-filemonitor-vc7fco86/events.db-journal
2026-07-31 23:14:28,140 INFO usbguard.file_monitor: File event recorded: created /tmp/usbguard-filemonitor-vc7fco86/events.db-journal
2026-07-31 23:14:28,140 INFO usbguard.file_monitor: File event recorded: modified /tmp/usbguard-filemonitor-vc7fco86/events.db-journal
2026-07-31 23:14:28,158 INFO usbguard: File event modified scanned: /tmp/usbguard-filemonitor-vc7fco86/events.db (risk=0.0)
2026-07-31 23:14:28,159 INFO usbguard.file_monitor: File event recorded: modified /tmp/usbguard-filemonitor-vc7fco86/events.db
2026-07-31 23:14:28,160 INFO usbguard.file_monitor: File event recorded: deleted /tmp/usbguard-filemonitor-vc7fco86/events.db-journal
2026-07-31 23:14:28,161 INFO usbguard.file_monitor: File event recorded: created /tmp/usbguard-filemonitor-vc7fco86/events.db-journal
2026-07-31 23:14:28,161 INFO usbguard.file_monitor: File event recorded: modified /tmp/usbguard-filemonitor-vc7fco86/events.db-journal
2026-07-31 23:14:28,179 INFO usbguard: File event modified scanned: /tmp/usbguard-filemonitor-vc7fco86/events.db (risk=0.0)
2026-07-31 23:14:28,180 INFO usbguard.file_monitor: File event recorded: modified /tmp/usbguard-filemonitor-vc7fco86/events.db
2026-07-31 23:14:28,181 INFO usbguard.file_monitor: File event recorded: deleted /tmp/usbguard-filemonitor-vc7fco86/events.db-journal
2026-07-31 23:14:28,182 INFO usbguard.file_monitor: File event recorded: created /tmp/usbguard-filemonitor-vc7fco86/events.db-journal
2026-07-31 23:14:28,183 INFO usbguard.file_monitor: File event recorded: modified /tmp/usbguard-filemonitor-vc7fco86/events.db-journal
2026-07-31 23:14:28,200 INFO usbguard: File event modified scanned: /tmp/usbguard-filemonitor-vc7fco86/events.db (risk=0.0)
2026-07-31 23:14:28,202 INFO usbguard.file_monitor: File event recorded: modified /tmp/usbguard-filemonitor-vc7fco86/events.db
2026-07-31 23:14:28,202 INFO usbguard.file_monitor: File event recorded: deleted /tmp/usbguard-filemonitor-vc7fco86/events.db-journal
2026-07-31 23:14:28,203 INFO usbguard.file_monitor: File event recorded: created /tmp/usbguard-filemonitor-vc7fco86/events.db-journal
2026-07-31 23:14:28,204 INFO usbguard.file_monitor: File event recorded: modified /tmp/usbguard-filemonitor-vc7fco86/events.db-journal
2026-07-31 23:14:28,221 INFO usbguard: File event modified scanned: /tmp/usbguard-filemonitor-vc7fco86/events.db (risk=0.0)
2026-07-31 23:14:28,222 INFO usbguard.file_monitor: File event recorded: modified /tmp/usbguard-filemonitor-vc7fco86/events.db
2026-07-31 23:14:28,223 INFO usbguard.file_monitor: File event recorded: deleted /tmp/usbguard-filemonitor-vc7fco86/events.db-journal
2026-07-31 23:14:28,224 INFO usbguard.file_monitor: File event recorded: created /tmp/usbguard-filemonitor-vc7fco86/events.db-journal
2026-07-31 23:14:28,225 INFO usbguard.file_monitor: File event recorded: modified /tmp/usbguard-filemonitor-vc7fco86/events.db-journal
2026-07-31 23:14:28,243 INFO usbguard: File event modified scanned: /tmp/usbguard-filemonitor-vc7fco86/events.db (risk=0.0)
2026-07-31 23:14:28,245 INFO usbguard.file_monitor: File event recorded: modified /tmp/usbguard-filemonitor-vc7fco86/events.db
2026-07-31 23:14:28,245 INFO usbguard.file_monitor: File event recorded: deleted /tmp/usbguard-filemonitor-vc7fco86/events.db-journal
2026-07-31 23:14:28,246 INFO usbguard.file_monitor: File event recorded: created /tmp/usbguard-filemonitor-vc7fco86/events.db-journal
2026-07-31 23:14:28,246 INFO usbguard.file_monitor: File event recorded: modified /tmp/usbguard-filemonitor-vc7fco86/events.db-journal
2026-07-31 23:14:28,264 INFO usbguard: File event modified scanned: /tmp/usbguard-filemonitor-vc7fco86/events.db (risk=0.0)
2026-07-31 23:14:28,265 INFO usbguard.file_monitor: File event recorded: modified /tmp/usbguard-filemonitor-vc7fco86/events.db
2026-07-31 23:14:28,266 INFO usbguard.file_monitor: File event recorded: deleted /tmp/usbguard-filemonitor-vc7fco86/events.db-journal
2026-07-31 23:14:28,267 INFO usbguard.file_monitor: File event recorded: created /tmp/usbguard-filemonitor-vc7fco86/events.db-journal
2026-07-31 23:14:28,267 INFO usbguard.file_monitor: File event recorded: modified /tmp/usbguard-filemonitor-vc7fco86/events.db-journal
2026-07-31 23:14:28,285 INFO usbguard: File event modified scanned: /tmp/usbguard-filemonitor-vc7fco86/events.db (risk=0.0)
2026-07-31 23:14:28,286 INFO usbguard.file_monitor: File event recorded: modified /tmp/usbguard-filemonitor-vc7fco86/events.db
2026-07-31 23:14:28,287 INFO usbguard.file_monitor: File event recorded: deleted /tmp/usbguard-filemonitor-vc7fco86/events.db-journal
2026-07-31 23:14:28,288 INFO usbguard.file_monitor: File event recorded: created /tmp/usbguard-filemonitor-vc7fco86/events.db-journal
2026-07-31 23:14:28,288 INFO usbguard.file_monitor: File event recorded: modified /tmp/usbguard-filemonitor-vc7fco86/events.db-journal
2026-07-31 23:14:28,306 INFO usbguard: File event modified scanned: /tmp/usbguard-filemonitor-vc7fco86/events.db (risk=0.0)
2026-07-31 23:14:28,307 INFO usbguard.file_monitor: File event recorded: modified /tmp/usbguard-filemonitor-vc7fco86/events.db
2026-07-31 23:14:28,308 INFO usbguard.file_monitor: File event recorded: deleted /tmp/usbguard-filemonitor-vc7fco86/events.db-journal
2026-07-31 23:14:28,308 INFO usbguard.file_monitor: File event recorded: created /tmp/usbguard-filemonitor-vc7fco86/events.db-journal
2026-07-31 23:14:28,309 INFO usbguard.file_monitor: File event recorded: modified /tmp/usbguard-filemonitor-vc7fco86/events.db-journal
2026-07-31 23:14:28,326 INFO usbguard: File event modified scanned: /tmp/usbguard-filemonitor-vc7fco86/events.db (risk=0.0)
2026-07-31 23:14:28,327 INFO usbguard.file_monitor: File event recorded: modified /tmp/usbguard-filemonitor-vc7fco86/events.db
2026-07-31 23:14:28,328 INFO usbguard.file_monitor: File event recorded: deleted /tmp/usbguard-filemonitor-vc7fco86/events.db-journal
2026-07-31 23:14:28,329 INFO usbguard.file_monitor: File event recorded: created /tmp/usbguard-filemonitor-vc7fco86/events.db-journal
2026-07-31 23:14:28,329 INFO usbguard.file_monitor: File event recorded: modified /tmp/usbguard-filemonitor-vc7fco86/events.db-journal
2026-07-31 23:14:28,346 INFO usbguard: File event modified scanned: /tmp/usbguard-filemonitor-vc7fco86/events.db (risk=0.0)
2026-07-31 23:14:28,348 INFO usbguard.file_monitor: File event recorded: modified /tmp/usbguard-filemonitor-vc7fco86/events.db
2026-07-31 23:14:28,349 INFO usbguard.file_monitor: File event recorded: deleted /tmp/usbguard-filemonitor-vc7fco86/events.db-journal
2026-07-31 23:14:28,349 INFO usbguard.file_monitor: File event recorded: created /tmp/usbguard-filemonitor-vc7fco86/events.db-journal
2026-07-31 23:14:28,350 INFO usbguard.file_monitor: File event recorded: modified /tmp/usbguard-filemonitor-vc7fco86/events.db-journal
2026-07-31 23:14:28,368 INFO usbguard: File event modified scanned: /tmp/usbguard-filemonitor-vc7fco86/events.db (risk=0.0)
2026-07-31 23:14:28,369 INFO usbguard.file_monitor: File event recorded: modified /tmp/usbguard-filemonitor-vc7fco86/events.db
2026-07-31 23:14:28,370 INFO usbguard.file_monitor: File event recorded: deleted /tmp/usbguard-filemonitor-vc7fco86/events.db-journal
2026-07-31 23:14:28,371 INFO usbguard.file_monitor: File event recorded: created /tmp/usbguard-filemonitor-vc7fco86/events.db-journal
2026-07-31 23:14:28,371 INFO usbguard.file_monitor: File event recorded: modified /tmp/usbguard-filemonitor-vc7fco86/events.db-journal
2026-07-31 23:14:28,392 INFO usbguard: File event modified scanned: /tmp/usbguard-filemonitor-vc7fco86/events.db (risk=0.0)
2026-07-31 23:14:28,393 INFO usbguard.file_monitor: File event recorded: modified /tmp/usbguard-filemonitor-vc7fco86/events.db
2026-07-31 23:14:28,393 INFO usbguard.file_monitor: File event recorded: deleted /tmp/usbguard-filemonitor-vc7fco86/events.db-journal
2026-07-31 23:14:28,394 INFO usbguard.file_monitor: File event recorded: created /tmp/usbguard-filemonitor-vc7fco86/events.db-journal
2026-07-31 23:14:28,394 INFO usbguard.file_monitor: File event recorded: modified /tmp/usbguard-filemonitor-vc7fco86/events.db-journal
2026-07-31 23:14:28,414 INFO usbguard: File event modified scanned: /tmp/usbguard-filemonitor-vc7fco86/events.db (risk=0.0)
2026-07-31 23:14:28,415 INFO usbguard.file_monitor: File event recorded: modified /tmp/usbguard-filemonitor-vc7fco86/events.db
2026-07-31 23:14:28,416 INFO usbguard.file_monitor: File event recorded: deleted /tmp/usbguard-filemonitor-vc7fco86/events.db-journal
2026-07-31 23:14:28,417 INFO usbguard.file_monitor: File event recorded: created /tmp/usbguard-filemonitor-vc7fco86/events.db-journal
2026-07-31 23:14:28,418 INFO usbguard.file_monitor: File event recorded: modified /tmp/usbguard-filemonitor-vc7fco86/events.db-journal
2026-07-31 23:14:28,436 INFO usbguard: File event modified scanned: /tmp/usbguard-filemonitor-vc7fco86/events.db (risk=0.0)
2026-07-31 23:14:28,437 INFO usbguard.file_monitor: File event recorded: modified /tmp/usbguard-filemonitor-vc7fco86/events.db
2026-07-31 23:14:28,438 INFO usbguard.file_monitor: File event recorded: deleted /tmp/usbguard-filemonitor-vc7fco86/events.db-journal
2026-07-31 23:14:28,439 INFO usbguard.file_monitor: File event recorded: created /tmp/usbguard-filemonitor-vc7fco86/events.db-journal
2026-07-31 23:14:28,439 INFO usbguard.file_monitor: File event recorded: modified /tmp/usbguard-filemonitor-vc7fco86/events.db-journal
2026-07-31 23:14:28,458 INFO usbguard: File event modified scanned: /tmp/usbguard-filemonitor-vc7fco86/events.db (risk=0.0)
2026-07-31 23:14:28,459 INFO usbguard.file_monitor: File event recorded: modified /tmp/usbguard-filemonitor-vc7fco86/events.db
2026-07-31 23:14:28,460 INFO usbguard.file_monitor: File event recorded: deleted /tmp/usbguard-filemonitor-vc7fco86/events.db-journal
2026-07-31 23:14:28,461 INFO usbguard.file_monitor: File event recorded: created /tmp/usbguard-filemonitor-vc7fco86/events.db-journal
2026-07-31 23:14:28,461 INFO usbguard.file_monitor: File event recorded: modified /tmp/usbguard-filemonitor-vc7fco86/events.db-journal
2026-07-31 23:14:28,480 INFO usbguard: File event modified scanned: /tmp/usbguard-filemonitor-vc7fco86/events.db (risk=0.0)
2026-07-31 23:14:28,481 INFO usbguard.file_monitor: File event recorded: modified /tmp/usbguard-filemonitor-vc7fco86/events.db
2026-07-31 23:14:28,481 INFO usbguard.file_monitor: File event recorded: deleted /tmp/usbguard-filemonitor-vc7fco86/events.db-journal
2026-07-31 23:14:28,482 INFO usbguard.file_monitor: File event recorded: created /tmp/usbguard-filemonitor-vc7fco86/events.db-journal
2026-07-31 23:14:28,482 INFO usbguard.file_monitor: File event recorded: modified /tmp/usbguard-filemonitor-vc7fco86/events.db-journal
2026-07-31 23:14:28,501 INFO usbguard: File event modified scanned: /tmp/usbguard-filemonitor-vc7fco86/events.db (risk=0.0)
2026-07-31 23:14:28,502 INFO usbguard.file_monitor: File event recorded: modified /tmp/usbguard-filemonitor-vc7fco86/events.db
2026-07-31 23:14:28,503 INFO usbguard.file_monitor: File event recorded: deleted /tmp/usbguard-filemonitor-vc7fco86/events.db-journal
2026-07-31 23:14:28,504 INFO usbguard.file_monitor: File event recorded: created /tmp/usbguard-filemonitor-vc7fco86/events.db-journal
2026-07-31 23:14:28,504 INFO usbguard.file_monitor: File event recorded: modified /tmp/usbguard-filemonitor-vc7fco86/events.db-journal
2026-07-31 23:14:28,524 INFO usbguard: File event modified scanned: /tmp/usbguard-filemonitor-vc7fco86/events.db (risk=0.0)
2026-07-31 23:14:28,525 INFO usbguard.file_monitor: File event recorded: modified /tmp/usbguard-filemonitor-vc7fco86/events.db
2026-07-31 23:14:28,526 INFO usbguard.file_monitor: File event recorded: deleted /tmp/usbguard-filemonitor-vc7fco86/events.db-journal
2026-07-31 23:14:28,526 INFO usbguard.file_monitor: File event recorded: created /tmp/usbguard-filemonitor-vc7fco86/events.db-journal
2026-07-31 23:14:28,527 INFO usbguard.file_monitor: File event recorded: modified /tmp/usbguard-filemonitor-vc7fco86/events.db-journal
2026-07-31 23:14:28,547 INFO usbguard: File event modified scanned: /tmp/usbguard-filemonitor-vc7fco86/events.db (risk=0.0)
2026-07-31 23:14:28,549 INFO usbguard.file_monitor: File event recorded: modified /tmp/usbguard-filemonitor-vc7fco86/events.db
2026-07-31 23:14:28,550 INFO usbguard.file_monitor: File event recorded: deleted /tmp/usbguard-filemonitor-vc7fco86/events.db-journal
2026-07-31 23:14:28,550 INFO usbguard.file_monitor: File event recorded: created /tmp/usbguard-filemonitor-vc7fco86/events.db-journal
2026-07-31 23:14:28,551 INFO usbguard.file_monitor: File event recorded: modified /tmp/usbguard-filemonitor-vc7fco86/events.db-journal
2026-07-31 23:14:28,573 INFO usbguard: File event modified scanned: /tmp/usbguard-filemonitor-vc7fco86/events.db (risk=0.0)
2026-07-31 23:14:28,574 INFO usbguard.file_monitor: File event recorded: modified /tmp/usbguard-filemonitor-vc7fco86/events.db
2026-07-31 23:14:28,574 INFO usbguard.file_monitor: File event recorded: deleted /tmp/usbguard-filemonitor-vc7fco86/events.db-journal
2026-07-31 23:14:28,575 INFO usbguard.file_monitor: File event recorded: created /tmp/usbguard-filemonitor-vc7fco86/events.db-journal
2026-07-31 23:14:28,575 INFO usbguard.file_monitor: File event recorded: modified /tmp/usbguard-filemonitor-vc7fco86/events.db-journal
2026-07-31 23:14:28,598 INFO usbguard: File event modified scanned: /tmp/usbguard-filemonitor-vc7fco86/events.db (risk=0.0)
2026-07-31 23:14:28,600 INFO usbguard.file_monitor: File event recorded: modified /tmp/usbguard-filemonitor-vc7fco86/events.db
2026-07-31 23:14:28,600 INFO usbguard.file_monitor: File event recorded: deleted /tmp/usbguard-filemonitor-vc7fco86/events.db-journal
2026-07-31 23:14:28,601 INFO usbguard.file_monitor: File event recorded: created /tmp/usbguard-filemonitor-vc7fco86/events.db-journal
2026-07-31 23:14:28,601 INFO usbguard.file_monitor: File event recorded: modified /tmp/usbguard-filemonitor-vc7fco86/events.db-journal
2026-07-31 23:14:28,622 INFO usbguard: File event modified scanned: /tmp/usbguard-filemonitor-vc7fco86/events.db (risk=0.0)
2026-07-31 23:14:28,623 INFO usbguard.file_monitor: File event recorded: modified /tmp/usbguard-filemonitor-vc7fco86/events.db
2026-07-31 23:14:28,623 INFO usbguard.file_monitor: File event recorded: deleted /tmp/usbguard-filemonitor-vc7fco86/events.db-journal
2026-07-31 23:14:28,624 INFO usbguard.file_monitor: File event recorded: created /tmp/usbguard-filemonitor-vc7fco86/events.db-journal
2026-07-31 23:14:28,625 INFO usbguard.file_monitor: File event recorded: modified /tmp/usbguard-filemonitor-vc7fco86/events.db-journal
2026-07-31 23:14:28,645 INFO usbguard: File event modified scanned: /tmp/usbguard-filemonitor-vc7fco86/events.db (risk=0.0)
2026-07-31 23:14:28,647 INFO usbguard.file_monitor: File event recorded: modified /tmp/usbguard-filemonitor-vc7fco86/events.db
2026-07-31 23:14:28,647 INFO usbguard.file_monitor: File event recorded: deleted /tmp/usbguard-filemonitor-vc7fco86/events.db-journal
2026-07-31 23:14:28,648 INFO usbguard.file_monitor: File event recorded: created /tmp/usbguard-filemonitor-vc7fco86/events.db-journal
2026-07-31 23:14:28,649 INFO usbguard.file_monitor: File event recorded: modified /tmp/usbguard-filemonitor-vc7fco86/events.db-journal
2026-07-31 23:14:28,668 INFO usbguard: File event modified scanned: /tmp/usbguard-filemonitor-vc7fco86/events.db (risk=0.0)
2026-07-31 23:14:28,669 INFO usbguard.file_monitor: File event recorded: modified /tmp/usbguard-filemonitor-vc7fco86/events.db
2026-07-31 23:14:28,670 INFO usbguard.file_monitor: File event recorded: deleted /tmp/usbguard-filemonitor-vc7fco86/events.db-journal
2026-07-31 23:14:28,671 INFO usbguard.file_monitor: File event recorded: created /tmp/usbguard-filemonitor-vc7fco86/events.db-journal
2026-07-31 23:14:28,671 INFO usbguard.file_monitor: File event recorded: modified /tmp/usbguard-filemonitor-vc7fco86/events.db-journal
2026-07-31 23:14:28,691 INFO usbguard: File event modified scanned: /tmp/usbguard-filemonitor-vc7fco86/events.db (risk=0.0)
2026-07-31 23:14:28,692 INFO usbguard.file_monitor: File event recorded: modified /tmp/usbguard-filemonitor-vc7fco86/events.db
2026-07-31 23:14:28,692 INFO usbguard.file_monitor: File event recorded: deleted /tmp/usbguard-filemonitor-vc7fco86/events.db-journal
2026-07-31 23:14:28,693 INFO usbguard.file_monitor: File event recorded: created /tmp/usbguard-filemonitor-vc7fco86/events.db-journal
2026-07-31 23:14:28,693 INFO usbguard.file_monitor: File event recorded: modified /tmp/usbguard-filemonitor-vc7fco86/events.db-journal
2026-07-31 23:14:28,713 INFO usbguard: File event modified scanned: /tmp/usbguard-filemonitor-vc7fco86/events.db (risk=0.0)
2026-07-31 23:14:28,714 INFO usbguard.file_monitor: File event recorded: modified /tmp/usbguard-filemonitor-vc7fco86/events.db
2026-07-31 23:14:28,714 INFO usbguard.file_monitor: File event recorded: deleted /tmp/usbguard-filemonitor-vc7fco86/events.db-journal
2026-07-31 23:14:28,715 INFO usbguard.file_monitor: File event recorded: created /tmp/usbguard-filemonitor-vc7fco86/events.db-journal
2026-07-31 23:14:28,716 INFO usbguard.file_monitor: File event recorded: modified /tmp/usbguard-filemonitor-vc7fco86/events.db-journal
2026-07-31 23:14:28,735 INFO usbguard: File event modified scanned: /tmp/usbguard-filemonitor-vc7fco86/events.db (risk=0.0)
2026-07-31 23:14:28,737 INFO usbguard.file_monitor: File event recorded: modified /tmp/usbguard-filemonitor-vc7fco86/events.db
2026-07-31 23:14:28,738 INFO usbguard.file_monitor: File event recorded: deleted /tmp/usbguard-filemonitor-vc7fco86/events.db-journal
2026-07-31 23:14:28,738 INFO usbguard.file_monitor: File event recorded: created /tmp/usbguard-filemonitor-vc7fco86/events.db-journal
2026-07-31 23:14:28,739 INFO usbguard.file_monitor: File event recorded: modified /tmp/usbguard-filemonitor-vc7fco86/events.db-journal
2026-07-31 23:14:28,758 INFO usbguard: File event modified scanned: /tmp/usbguard-filemonitor-vc7fco86/events.db (risk=0.0)
2026-07-31 23:14:28,759 INFO usbguard.file_monitor: File event recorded: modified /tmp/usbguard-filemonitor-vc7fco86/events.db
2026-07-31 23:14:29,258 INFO usbguard: test message
2026-07-31 23:15:43,286 INFO usbguard.file_monitor: File monitoring engine started with roots=['/tmp/usbguard-filemonitor-98_99n8o']
2026-07-31 23:15:43,300 INFO usbguard: File event created scanned: /tmp/usbguard-filemonitor-98_99n8o/sample.txt (risk=0.0)
2026-07-31 23:15:43,302 INFO usbguard.file_monitor: File event recorded: created /tmp/usbguard-filemonitor-98_99n8o/sample.txt
2026-07-31 23:15:43,309 INFO usbguard: File event modified scanned: /tmp/usbguard-filemonitor-98_99n8o/sample.txt (risk=0.0)
2026-07-31 23:15:43,310 INFO usbguard.file_monitor: File event recorded: modified /tmp/usbguard-filemonitor-98_99n8o/sample.txt
2026-07-31 23:15:43,310 INFO usbguard.file_monitor: File event recorded: created /tmp/usbguard-filemonitor-98_99n8o/events.db-journal
2026-07-31 23:15:43,311 INFO usbguard.file_monitor: File event recorded: modified /tmp/usbguard-filemonitor-98_99n8o/events.db-journal
2026-07-31 23:15:43,319 INFO usbguard: File event modified scanned: /tmp/usbguard-filemonitor-98_99n8o/events.db (risk=0.0)
2026-07-31 23:15:43,321 INFO usbguard.file_monitor: File event recorded: modified /tmp/usbguard-filemonitor-98_99n8o/events.db
2026-07-31 23:15:43,321 INFO usbguard.file_monitor: File event recorded: deleted /tmp/usbguard-filemonitor-98_99n8o/events.db-journal
2026-07-31 23:15:43,322 INFO usbguard.file_monitor: File event recorded: created /tmp/usbguard-filemonitor-98_99n8o/events.db-journal
2026-07-31 23:15:43,322 INFO usbguard.file_monitor: File event recorded: modified /tmp/usbguard-filemonitor-98_99n8o/events.db-journal
2026-07-31 23:15:43,331 INFO usbguard: File event modified scanned: /tmp/usbguard-filemonitor-98_99n8o/events.db (risk=0.0)
2026-07-31 23:15:43,332 INFO usbguard.file_monitor: File event recorded: modified /tmp/usbguard-filemonitor-98_99n8o/events.db
2026-07-31 23:15:43,333 INFO usbguard.file_monitor: File event recorded: deleted /tmp/usbguard-filemonitor-98_99n8o/events.db-journal
2026-07-31 23:15:43,333 INFO usbguard.file_monitor: File event recorded: created /tmp/usbguard-filemonitor-98_99n8o/events.db-journal
2026-07-31 23:15:43,334 INFO usbguard.file_monitor: File event recorded: modified /tmp/usbguard-filemonitor-98_99n8o/events.db-journal
2026-07-31 23:15:43,343 INFO usbguard: File event modified scanned: /tmp/usbguard-filemonitor-98_99n8o/events.db (risk=0.0)
2026-07-31 23:15:43,344 INFO usbguard.file_monitor: File event recorded: modified /tmp/usbguard-filemonitor-98_99n8o/events.db
2026-07-31 23:15:43,345 INFO usbguard.file_monitor: File event recorded: deleted /tmp/usbguard-filemonitor-98_99n8o/events.db-journal
2026-07-31 23:15:43,345 INFO usbguard.file_monitor: File event recorded: created /tmp/usbguard-filemonitor-98_99n8o/events.db-journal
2026-07-31 23:15:43,346 INFO usbguard.file_monitor: File event recorded: modified /tmp/usbguard-filemonitor-98_99n8o/events.db-journal
2026-07-31 23:15:43,354 INFO usbguard: File event modified scanned: /tmp/usbguard-filemonitor-98_99n8o/events.db (risk=0.0)
2026-07-31 23:15:43,355 INFO usbguard.file_monitor: File event recorded: modified /tmp/usbguard-filemonitor-98_99n8o/events.db
2026-07-31 23:15:43,356 INFO usbguard.file_monitor: File event recorded: deleted /tmp/usbguard-filemonitor-98_99n8o/events.db-journal
2026-07-31 23:15:43,357 INFO usbguard.file_monitor: File event recorded: created /tmp/usbguard-filemonitor-98_99n8o/events.db-journal
2026-07-31 23:15:43,357 INFO usbguard.file_monitor: File event recorded: modified /tmp/usbguard-filemonitor-98_99n8o/events.db-journal
2026-07-31 23:15:43,367 INFO usbguard: File event modified scanned: /tmp/usbguard-filemonitor-98_99n8o/events.db (risk=0.0)
2026-07-31 23:15:43,369 INFO usbguard.file_monitor: File event recorded: modified /tmp/usbguard-filemonitor-98_99n8o/events.db
2026-07-31 23:15:43,370 INFO usbguard.file_monitor: File event recorded: deleted /tmp/usbguard-filemonitor-98_99n8o/events.db-journal
2026-07-31 23:15:43,370 INFO usbguard.file_monitor: File event recorded: created /tmp/usbguard-filemonitor-98_99n8o/events.db-journal
2026-07-31 23:15:43,371 INFO usbguard.file_monitor: File event recorded: modified /tmp/usbguard-filemonitor-98_99n8o/events.db-journal
2026-07-31 23:15:43,380 INFO usbguard: File event modified scanned: /tmp/usbguard-filemonitor-98_99n8o/events.db (risk=0.0)
2026-07-31 23:15:43,381 INFO usbguard.file_monitor: File event recorded: modified /tmp/usbguard-filemonitor-98_99n8o/events.db
2026-07-31 23:15:43,382 INFO usbguard.file_monitor: File event recorded: deleted /tmp/usbguard-filemonitor-98_99n8o/events.db-journal
2026-07-31 23:15:43,383 INFO usbguard.file_monitor: File event recorded: created /tmp/usbguard-filemonitor-98_99n8o/events.db-journal
2026-07-31 23:15:43,383 INFO usbguard.file_monitor: File event recorded: modified /tmp/usbguard-filemonitor-98_99n8o/events.db-journal
2026-07-31 23:15:43,395 INFO usbguard: File event modified scanned: /tmp/usbguard-filemonitor-98_99n8o/events.db (risk=0.0)
2026-07-31 23:15:43,397 INFO usbguard.file_monitor: File event recorded: modified /tmp/usbguard-filemonitor-98_99n8o/events.db
2026-07-31 23:15:43,398 INFO usbguard.file_monitor: File event recorded: deleted /tmp/usbguard-filemonitor-98_99n8o/events.db-journal
2026-07-31 23:15:43,399 INFO usbguard.file_monitor: File event recorded: created /tmp/usbguard-filemonitor-98_99n8o/events.db-journal
2026-07-31 23:15:43,399 INFO usbguard.file_monitor: File event recorded: modified /tmp/usbguard-filemonitor-98_99n8o/events.db-journal
2026-07-31 23:15:43,410 INFO usbguard: File event modified scanned: /tmp/usbguard-filemonitor-98_99n8o/events.db (risk=0.0)
2026-07-31 23:15:43,411 INFO usbguard.file_monitor: File event recorded: modified /tmp/usbguard-filemonitor-98_99n8o/events.db
2026-07-31 23:15:43,412 INFO usbguard.file_monitor: File event recorded: deleted /tmp/usbguard-filemonitor-98_99n8o/events.db-journal
2026-07-31 23:15:43,413 INFO usbguard.file_monitor: File event recorded: created /tmp/usbguard-filemonitor-98_99n8o/events.db-journal
2026-07-31 23:15:43,414 INFO usbguard.file_monitor: File event recorded: modified /tmp/usbguard-filemonitor-98_99n8o/events.db-journal
2026-07-31 23:15:43,424 INFO usbguard: File event modified scanned: /tmp/usbguard-filemonitor-98_99n8o/events.db (risk=0.0)
2026-07-31 23:15:43,425 INFO usbguard.file_monitor: File event recorded: modified /tmp/usbguard-filemonitor-98_99n8o/events.db
2026-07-31 23:15:43,426 INFO usbguard.file_monitor: File event recorded: deleted /tmp/usbguard-filemonitor-98_99n8o/events.db-journal
2026-07-31 23:15:43,427 INFO usbguard.file_monitor: File event recorded: created /tmp/usbguard-filemonitor-98_99n8o/events.db-journal
2026-07-31 23:15:43,427 INFO usbguard.file_monitor: File event recorded: modified /tmp/usbguard-filemonitor-98_99n8o/events.db-journal
2026-07-31 23:15:43,437 INFO usbguard: File event modified scanned: /tmp/usbguard-filemonitor-98_99n8o/events.db (risk=0.0)
2026-07-31 23:15:43,438 INFO usbguard.file_monitor: File event recorded: modified /tmp/usbguard-filemonitor-98_99n8o/events.db
2026-07-31 23:15:43,439 INFO usbguard.file_monitor: File event recorded: deleted /tmp/usbguard-filemonitor-98_99n8o/events.db-journal
2026-07-31 23:15:43,439 INFO usbguard.file_monitor: File event recorded: created /tmp/usbguard-filemonitor-98_99n8o/events.db-journal
2026-07-31 23:15:43,440 INFO usbguard.file_monitor: File event recorded: modified /tmp/usbguard-filemonitor-98_99n8o/events.db-journal
2026-07-31 23:15:43,449 INFO usbguard: File event modified scanned: /tmp/usbguard-filemonitor-98_99n8o/events.db (risk=0.0)
2026-07-31 23:15:43,451 INFO usbguard.file_monitor: File event recorded: modified /tmp/usbguard-filemonitor-98_99n8o/events.db
2026-07-31 23:15:43,451 INFO usbguard.file_monitor: File event recorded: deleted /tmp/usbguard-filemonitor-98_99n8o/events.db-journal
2026-07-31 23:15:43,452 INFO usbguard.file_monitor: File event recorded: created /tmp/usbguard-filemonitor-98_99n8o/events.db-journal
2026-07-31 23:15:43,452 INFO usbguard.file_monitor: File event recorded: modified /tmp/usbguard-filemonitor-98_99n8o/events.db-journal
2026-07-31 23:15:43,462 INFO usbguard: File event modified scanned: /tmp/usbguard-filemonitor-98_99n8o/events.db (risk=0.0)
2026-07-31 23:15:43,463 INFO usbguard.file_monitor: File event recorded: modified /tmp/usbguard-filemonitor-98_99n8o/events.db
2026-07-31 23:15:43,463 INFO usbguard.file_monitor: File event recorded: deleted /tmp/usbguard-filemonitor-98_99n8o/events.db-journal
2026-07-31 23:15:43,464 INFO usbguard.file_monitor: File event recorded: created /tmp/usbguard-filemonitor-98_99n8o/events.db-journal
2026-07-31 23:15:43,465 INFO usbguard.file_monitor: File event recorded: modified /tmp/usbguard-filemonitor-98_99n8o/events.db-journal
2026-07-31 23:15:43,475 INFO usbguard: File event modified scanned: /tmp/usbguard-filemonitor-98_99n8o/events.db (risk=0.0)
2026-07-31 23:15:43,476 INFO usbguard.file_monitor: File event recorded: modified /tmp/usbguard-filemonitor-98_99n8o/events.db
2026-07-31 23:15:43,477 INFO usbguard.file_monitor: File event recorded: deleted /tmp/usbguard-filemonitor-98_99n8o/events.db-journal
2026-07-31 23:15:43,477 INFO usbguard.file_monitor: File event recorded: created /tmp/usbguard-filemonitor-98_99n8o/events.db-journal
2026-07-31 23:15:43,478 INFO usbguard.file_monitor: File event recorded: modified /tmp/usbguard-filemonitor-98_99n8o/events.db-journal
2026-07-31 23:15:43,487 INFO usbguard: File event modified scanned: /tmp/usbguard-filemonitor-98_99n8o/events.db (risk=0.0)
2026-07-31 23:15:43,488 INFO usbguard.file_monitor: File event recorded: modified /tmp/usbguard-filemonitor-98_99n8o/events.db
2026-07-31 23:15:43,489 INFO usbguard.file_monitor: File event recorded: deleted /tmp/usbguard-filemonitor-98_99n8o/events.db-journal
2026-07-31 23:15:43,489 INFO usbguard.file_monitor: File event recorded: created /tmp/usbguard-filemonitor-98_99n8o/events.db-journal
2026-07-31 23:15:43,490 INFO usbguard.file_monitor: File event recorded: modified /tmp/usbguard-filemonitor-98_99n8o/events.db-journal
2026-07-31 23:15:43,500 INFO usbguard: File event modified scanned: /tmp/usbguard-filemonitor-98_99n8o/events.db (risk=0.0)
2026-07-31 23:15:43,501 INFO usbguard.file_monitor: File event recorded: modified /tmp/usbguard-filemonitor-98_99n8o/events.db
2026-07-31 23:15:43,501 INFO usbguard.file_monitor: File event recorded: deleted /tmp/usbguard-filemonitor-98_99n8o/events.db-journal
2026-07-31 23:15:43,502 INFO usbguard.file_monitor: File event recorded: created /tmp/usbguard-filemonitor-98_99n8o/events.db-journal
2026-07-31 23:15:43,502 INFO usbguard.file_monitor: File event recorded: modified /tmp/usbguard-filemonitor-98_99n8o/events.db-journal
2026-07-31 23:15:43,512 INFO usbguard: File event modified scanned: /tmp/usbguard-filemonitor-98_99n8o/events.db (risk=0.0)
2026-07-31 23:15:43,513 INFO usbguard.file_monitor: File event recorded: modified /tmp/usbguard-filemonitor-98_99n8o/events.db
2026-07-31 23:15:43,514 INFO usbguard.file_monitor: File event recorded: deleted /tmp/usbguard-filemonitor-98_99n8o/events.db-journal
2026-07-31 23:15:43,515 INFO usbguard.file_monitor: File event recorded: created /tmp/usbguard-filemonitor-98_99n8o/events.db-journal
2026-07-31 23:15:43,515 INFO usbguard.file_monitor: File event recorded: modified /tmp/usbguard-filemonitor-98_99n8o/events.db-journal
2026-07-31 23:15:43,525 INFO usbguard: File event modified scanned: /tmp/usbguard-filemonitor-98_99n8o/events.db (risk=0.0)
2026-07-31 23:15:43,526 INFO usbguard.file_monitor: File event recorded: modified /tmp/usbguard-filemonitor-98_99n8o/events.db
2026-07-31 23:15:43,527 INFO usbguard.file_monitor: File event recorded: deleted /tmp/usbguard-filemonitor-98_99n8o/events.db-journal
2026-07-31 23:15:43,527 INFO usbguard.file_monitor: File event recorded: created /tmp/usbguard-filemonitor-98_99n8o/events.db-journal
2026-07-31 23:15:43,528 INFO usbguard.file_monitor: File event recorded: modified /tmp/usbguard-filemonitor-98_99n8o/events.db-journal
2026-07-31 23:15:43,538 INFO usbguard: File event modified scanned: /tmp/usbguard-filemonitor-98_99n8o/events.db (risk=0.0)
2026-07-31 23:15:43,539 INFO usbguard.file_monitor: File event recorded: modified /tmp/usbguard-filemonitor-98_99n8o/events.db
2026-07-31 23:15:43,540 INFO usbguard.file_monitor: File event recorded: deleted /tmp/usbguard-filemonitor-98_99n8o/events.db-journal
2026-07-31 23:15:43,540 INFO usbguard.file_monitor: File event recorded: created /tmp/usbguard-filemonitor-98_99n8o/events.db-journal
2026-07-31 23:15:43,541 INFO usbguard.file_monitor: File event recorded: modified /tmp/usbguard-filemonitor-98_99n8o/events.db-journal
2026-07-31 23:15:43,551 INFO usbguard: File event modified scanned: /tmp/usbguard-filemonitor-98_99n8o/events.db (risk=0.0)
2026-07-31 23:15:43,552 INFO usbguard.file_monitor: File event recorded: modified /tmp/usbguard-filemonitor-98_99n8o/events.db
2026-07-31 23:15:43,553 INFO usbguard.file_monitor: File event recorded: deleted /tmp/usbguard-filemonitor-98_99n8o/events.db-journal
2026-07-31 23:15:43,553 INFO usbguard.file_monitor: File event recorded: created /tmp/usbguard-filemonitor-98_99n8o/events.db-journal
2026-07-31 23:15:43,554 INFO usbguard.file_monitor: File event recorded: modified /tmp/usbguard-filemonitor-98_99n8o/events.db-journal
2026-07-31 23:15:43,565 INFO usbguard: File event modified scanned: /tmp/usbguard-filemonitor-98_99n8o/events.db (risk=0.0)
2026-07-31 23:15:43,566 INFO usbguard.file_monitor: File event recorded: modified /tmp/usbguard-filemonitor-98_99n8o/events.db
2026-07-31 23:15:43,566 INFO usbguard.file_monitor: File event recorded: deleted /tmp/usbguard-filemonitor-98_99n8o/events.db-journal
2026-07-31 23:15:43,567 INFO usbguard.file_monitor: File event recorded: created /tmp/usbguard-filemonitor-98_99n8o/events.db-journal
2026-07-31 23:15:43,567 INFO usbguard.file_monitor: File event recorded: modified /tmp/usbguard-filemonitor-98_99n8o/events.db-journal
2026-07-31 23:15:43,577 INFO usbguard: File event modified scanned: /tmp/usbguard-filemonitor-98_99n8o/events.db (risk=0.0)
2026-07-31 23:15:43,578 INFO usbguard.file_monitor: File event recorded: modified /tmp/usbguard-filemonitor-98_99n8o/events.db
2026-07-31 23:15:43,579 INFO usbguard.file_monitor: File event recorded: deleted /tmp/usbguard-filemonitor-98_99n8o/events.db-journal
2026-07-31 23:15:43,580 INFO usbguard.file_monitor: File event recorded: created /tmp/usbguard-filemonitor-98_99n8o/events.db-journal
2026-07-31 23:15:43,580 INFO usbguard.file_monitor: File event recorded: modified /tmp/usbguard-filemonitor-98_99n8o/events.db-journal
2026-07-31 23:15:43,591 INFO usbguard: File event modified scanned: /tmp/usbguard-filemonitor-98_99n8o/events.db (risk=0.0)
2026-07-31 23:15:43,592 INFO usbguard.file_monitor: File event recorded: modified /tmp/usbguard-filemonitor-98_99n8o/events.db
2026-07-31 23:15:43,593 INFO usbguard.file_monitor: File event recorded: deleted /tmp/usbguard-filemonitor-98_99n8o/events.db-journal
2026-07-31 23:15:43,593 INFO usbguard.file_monitor: File event recorded: created /tmp/usbguard-filemonitor-98_99n8o/events.db-journal
2026-07-31 23:15:43,594 INFO usbguard.file_monitor: File event recorded: modified /tmp/usbguard-filemonitor-98_99n8o/events.db-journal
2026-07-31 23:15:43,605 INFO usbguard: File event modified scanned: /tmp/usbguard-filemonitor-98_99n8o/events.db (risk=0.0)
2026-07-31 23:15:43,606 INFO usbguard.file_monitor: File event recorded: modified /tmp/usbguard-filemonitor-98_99n8o/events.db
2026-07-31 23:15:43,606 INFO usbguard.file_monitor: File event recorded: deleted /tmp/usbguard-filemonitor-98_99n8o/events.db-journal
2026-07-31 23:15:43,607 INFO usbguard.file_monitor: File event recorded: created /tmp/usbguard-filemonitor-98_99n8o/events.db-journal
2026-07-31 23:15:43,607 INFO usbguard.file_monitor: File event recorded: modified /tmp/usbguard-filemonitor-98_99n8o/events.db-journal
2026-07-31 23:15:43,618 INFO usbguard: File event modified scanned: /tmp/usbguard-filemonitor-98_99n8o/events.db (risk=0.0)
2026-07-31 23:15:43,619 INFO usbguard.file_monitor: File event recorded: modified /tmp/usbguard-filemonitor-98_99n8o/events.db
2026-07-31 23:15:43,620 INFO usbguard.file_monitor: File event recorded: deleted /tmp/usbguard-filemonitor-98_99n8o/events.db-journal
2026-07-31 23:15:43,621 INFO usbguard.file_monitor: File event recorded: created /tmp/usbguard-filemonitor-98_99n8o/events.db-journal
2026-07-31 23:15:43,621 INFO usbguard.file_monitor: File event recorded: modified /tmp/usbguard-filemonitor-98_99n8o/events.db-journal
2026-07-31 23:15:43,632 INFO usbguard: File event modified scanned: /tmp/usbguard-filemonitor-98_99n8o/events.db (risk=0.0)
2026-07-31 23:15:43,634 INFO usbguard.file_monitor: File event recorded: modified /tmp/usbguard-filemonitor-98_99n8o/events.db
2026-07-31 23:15:43,634 INFO usbguard.file_monitor: File event recorded: deleted /tmp/usbguard-filemonitor-98_99n8o/events.db-journal
2026-07-31 23:15:43,635 INFO usbguard.file_monitor: File event recorded: created /tmp/usbguard-filemonitor-98_99n8o/events.db-journal
2026-07-31 23:15:43,636 INFO usbguard.file_monitor: File event recorded: modified /tmp/usbguard-filemonitor-98_99n8o/events.db-journal
2026-07-31 23:15:43,647 INFO usbguard: File event modified scanned: /tmp/usbguard-filemonitor-98_99n8o/events.db (risk=0.0)
2026-07-31 23:15:43,648 INFO usbguard.file_monitor: File event recorded: modified /tmp/usbguard-filemonitor-98_99n8o/events.db
2026-07-31 23:15:43,649 INFO usbguard.file_monitor: File event recorded: deleted /tmp/usbguard-filemonitor-98_99n8o/events.db-journal
2026-07-31 23:15:43,649 INFO usbguard.file_monitor: File event recorded: created /tmp/usbguard-filemonitor-98_99n8o/events.db-journal
2026-07-31 23:15:43,650 INFO usbguard.file_monitor: File event recorded: modified /tmp/usbguard-filemonitor-98_99n8o/events.db-journal
2026-07-31 23:15:43,660 INFO usbguard: File event modified scanned: /tmp/usbguard-filemonitor-98_99n8o/events.db (risk=0.0)
2026-07-31 23:15:43,662 INFO usbguard.file_monitor: File event recorded: modified /tmp/usbguard-filemonitor-98_99n8o/events.db
2026-07-31 23:15:43,662 INFO usbguard.file_monitor: File event recorded: deleted /tmp/usbguard-filemonitor-98_99n8o/events.db-journal
2026-07-31 23:15:43,663 INFO usbguard.file_monitor: File event recorded: created /tmp/usbguard-filemonitor-98_99n8o/events.db-journal
2026-07-31 23:15:43,663 INFO usbguard.file_monitor: File event recorded: modified /tmp/usbguard-filemonitor-98_99n8o/events.db-journal
2026-07-31 23:15:43,674 INFO usbguard: File event modified scanned: /tmp/usbguard-filemonitor-98_99n8o/events.db (risk=0.0)
2026-07-31 23:15:43,676 INFO usbguard.file_monitor: File event recorded: modified /tmp/usbguard-filemonitor-98_99n8o/events.db
2026-07-31 23:15:43,677 INFO usbguard.file_monitor: File event recorded: deleted /tmp/usbguard-filemonitor-98_99n8o/events.db-journal
2026-07-31 23:15:43,677 INFO usbguard.file_monitor: File event recorded: created /tmp/usbguard-filemonitor-98_99n8o/events.db-journal
2026-07-31 23:15:43,678 INFO usbguard.file_monitor: File event recorded: modified /tmp/usbguard-filemonitor-98_99n8o/events.db-journal
2026-07-31 23:15:43,690 INFO usbguard: File event modified scanned: /tmp/usbguard-filemonitor-98_99n8o/events.db (risk=0.0)
2026-07-31 23:15:43,691 INFO usbguard.file_monitor: File event recorded: modified /tmp/usbguard-filemonitor-98_99n8o/events.db
2026-07-31 23:15:43,692 INFO usbguard.file_monitor: File event recorded: deleted /tmp/usbguard-filemonitor-98_99n8o/events.db-journal
2026-07-31 23:15:43,693 INFO usbguard.file_monitor: File event recorded: created /tmp/usbguard-filemonitor-98_99n8o/events.db-journal
2026-07-31 23:15:43,693 INFO usbguard.file_monitor: File event recorded: modified /tmp/usbguard-filemonitor-98_99n8o/events.db-journal
2026-07-31 23:15:43,705 INFO usbguard: File event modified scanned: /tmp/usbguard-filemonitor-98_99n8o/events.db (risk=0.0)
2026-07-31 23:15:43,706 INFO usbguard.file_monitor: File event recorded: modified /tmp/usbguard-filemonitor-98_99n8o/events.db
2026-07-31 23:15:43,706 INFO usbguard.file_monitor: File event recorded: deleted /tmp/usbguard-filemonitor-98_99n8o/events.db-journal
2026-07-31 23:15:43,707 INFO usbguard.file_monitor: File event recorded: created /tmp/usbguard-filemonitor-98_99n8o/events.db-journal
2026-07-31 23:15:43,708 INFO usbguard.file_monitor: File event recorded: modified /tmp/usbguard-filemonitor-98_99n8o/events.db-journal
2026-07-31 23:15:43,719 INFO usbguard: File event modified scanned: /tmp/usbguard-filemonitor-98_99n8o/events.db (risk=0.0)
2026-07-31 23:15:43,720 INFO usbguard.file_monitor: File event recorded: modified /tmp/usbguard-filemonitor-98_99n8o/events.db
2026-07-31 23:15:43,721 INFO usbguard.file_monitor: File event recorded: deleted /tmp/usbguard-filemonitor-98_99n8o/events.db-journal
2026-07-31 23:15:43,721 INFO usbguard.file_monitor: File event recorded: created /tmp/usbguard-filemonitor-98_99n8o/events.db-journal
2026-07-31 23:15:43,722 INFO usbguard.file_monitor: File event recorded: modified /tmp/usbguard-filemonitor-98_99n8o/events.db-journal
2026-07-31 23:15:43,734 INFO usbguard: File event modified scanned: /tmp/usbguard-filemonitor-98_99n8o/events.db (risk=0.0)
2026-07-31 23:15:43,735 INFO usbguard.file_monitor: File event recorded: modified /tmp/usbguard-filemonitor-98_99n8o/events.db
2026-07-31 23:15:43,736 INFO usbguard.file_monitor: File event recorded: deleted /tmp/usbguard-filemonitor-98_99n8o/events.db-journal
2026-07-31 23:15:43,737 INFO usbguard.file_monitor: File event recorded: created /tmp/usbguard-filemonitor-98_99n8o/events.db-journal
2026-07-31 23:15:43,737 INFO usbguard.file_monitor: File event recorded: modified /tmp/usbguard-filemonitor-98_99n8o/events.db-journal
2026-07-31 23:15:43,750 INFO usbguard: File event modified scanned: /tmp/usbguard-filemonitor-98_99n8o/events.db (risk=0.0)
2026-07-31 23:15:43,751 INFO usbguard.file_monitor: File event recorded: modified /tmp/usbguard-filemonitor-98_99n8o/events.db
2026-07-31 23:15:43,752 INFO usbguard.file_monitor: File event recorded: deleted /tmp/usbguard-filemonitor-98_99n8o/events.db-journal
2026-07-31 23:15:43,752 INFO usbguard.file_monitor: File event recorded: created /tmp/usbguard-filemonitor-98_99n8o/events.db-journal
2026-07-31 23:15:43,753 INFO usbguard.file_monitor: File event recorded: modified /tmp/usbguard-filemonitor-98_99n8o/events.db-journal
2026-07-31 23:15:43,767 INFO usbguard: File event modified scanned: /tmp/usbguard-filemonitor-98_99n8o/events.db (risk=0.0)
2026-07-31 23:15:43,768 INFO usbguard.file_monitor: File event recorded: modified /tmp/usbguard-filemonitor-98_99n8o/events.db
2026-07-31 23:15:43,768 INFO usbguard.file_monitor: File event recorded: deleted /tmp/usbguard-filemonitor-98_99n8o/events.db-journal
2026-07-31 23:15:43,769 INFO usbguard.file_monitor: File event recorded: created /tmp/usbguard-filemonitor-98_99n8o/events.db-journal
2026-07-31 23:15:43,769 INFO usbguard.file_monitor: File event recorded: modified /tmp/usbguard-filemonitor-98_99n8o/events.db-journal
2026-07-31 23:15:43,783 INFO usbguard: File event modified scanned: /tmp/usbguard-filemonitor-98_99n8o/events.db (risk=0.0)
2026-07-31 23:15:43,784 INFO usbguard.file_monitor: File event recorded: modified /tmp/usbguard-filemonitor-98_99n8o/events.db
2026-07-31 23:15:43,784 INFO usbguard.file_monitor: File event recorded: deleted /tmp/usbguard-filemonitor-98_99n8o/events.db-journal
2026-07-31 23:15:43,785 INFO usbguard.file_monitor: File event recorded: created /tmp/usbguard-filemonitor-98_99n8o/events.db-journal
2026-07-31 23:15:43,786 INFO usbguard.file_monitor: File event recorded: modified /tmp/usbguard-filemonitor-98_99n8o/events.db-journal
2026-07-31 23:15:43,798 INFO usbguard: File event modified scanned: /tmp/usbguard-filemonitor-98_99n8o/events.db (risk=0.0)
2026-07-31 23:15:43,799 INFO usbguard.file_monitor: File event recorded: modified /tmp/usbguard-filemonitor-98_99n8o/events.db
2026-07-31 23:15:43,800 INFO usbguard.file_monitor: File event recorded: deleted /tmp/usbguard-filemonitor-98_99n8o/events.db-journal
2026-07-31 23:15:43,801 INFO usbguard.file_monitor: File event recorded: created /tmp/usbguard-filemonitor-98_99n8o/events.db-journal
2026-07-31 23:15:43,801 INFO usbguard.file_monitor: File event recorded: modified /tmp/usbguard-filemonitor-98_99n8o/events.db-journal
2026-07-31 23:15:43,815 INFO usbguard: File event modified scanned: /tmp/usbguard-filemonitor-98_99n8o/events.db (risk=0.0)
2026-07-31 23:15:43,816 INFO usbguard.file_monitor: File event recorded: modified /tmp/usbguard-filemonitor-98_99n8o/events.db
2026-07-31 23:15:43,816 INFO usbguard.file_monitor: File event recorded: deleted /tmp/usbguard-filemonitor-98_99n8o/events.db-journal
2026-07-31 23:15:43,817 INFO usbguard.file_monitor: File event recorded: created /tmp/usbguard-filemonitor-98_99n8o/events.db-journal
2026-07-31 23:15:43,817 INFO usbguard.file_monitor: File event recorded: modified /tmp/usbguard-filemonitor-98_99n8o/events.db-journal
2026-07-31 23:15:43,830 INFO usbguard: File event modified scanned: /tmp/usbguard-filemonitor-98_99n8o/events.db (risk=0.0)
2026-07-31 23:15:43,832 INFO usbguard.file_monitor: File event recorded: modified /tmp/usbguard-filemonitor-98_99n8o/events.db
2026-07-31 23:15:43,832 INFO usbguard.file_monitor: File event recorded: deleted /tmp/usbguard-filemonitor-98_99n8o/events.db-journal
2026-07-31 23:15:43,833 INFO usbguard.file_monitor: File event recorded: created /tmp/usbguard-filemonitor-98_99n8o/events.db-journal
2026-07-31 23:15:43,833 INFO usbguard.file_monitor: File event recorded: modified /tmp/usbguard-filemonitor-98_99n8o/events.db-journal
2026-07-31 23:15:43,847 INFO usbguard: File event modified scanned: /tmp/usbguard-filemonitor-98_99n8o/events.db (risk=0.0)
2026-07-31 23:15:43,849 INFO usbguard.file_monitor: File event recorded: modified /tmp/usbguard-filemonitor-98_99n8o/events.db
2026-07-31 23:15:43,849 INFO usbguard.file_monitor: File event recorded: deleted /tmp/usbguard-filemonitor-98_99n8o/events.db-journal
2026-07-31 23:15:43,850 INFO usbguard.file_monitor: File event recorded: created /tmp/usbguard-filemonitor-98_99n8o/events.db-journal
2026-07-31 23:15:43,850 INFO usbguard.file_monitor: File event recorded: modified /tmp/usbguard-filemonitor-98_99n8o/events.db-journal
2026-07-31 23:15:43,865 INFO usbguard: File event modified scanned: /tmp/usbguard-filemonitor-98_99n8o/events.db (risk=0.0)
2026-07-31 23:15:43,866 INFO usbguard.file_monitor: File event recorded: modified /tmp/usbguard-filemonitor-98_99n8o/events.db
2026-07-31 23:15:43,866 INFO usbguard.file_monitor: File event recorded: deleted /tmp/usbguard-filemonitor-98_99n8o/events.db-journal
2026-07-31 23:15:43,867 INFO usbguard.file_monitor: File event recorded: created /tmp/usbguard-filemonitor-98_99n8o/events.db-journal
2026-07-31 23:15:43,867 INFO usbguard.file_monitor: File event recorded: modified /tmp/usbguard-filemonitor-98_99n8o/events.db-journal
2026-07-31 23:15:43,881 INFO usbguard: File event modified scanned: /tmp/usbguard-filemonitor-98_99n8o/events.db (risk=0.0)
2026-07-31 23:15:43,882 INFO usbguard.file_monitor: File event recorded: modified /tmp/usbguard-filemonitor-98_99n8o/events.db
2026-07-31 23:15:43,883 INFO usbguard.file_monitor: File event recorded: deleted /tmp/usbguard-filemonitor-98_99n8o/events.db-journal
2026-07-31 23:15:43,884 INFO usbguard.file_monitor: File event recorded: created /tmp/usbguard-filemonitor-98_99n8o/events.db-journal
2026-07-31 23:15:43,884 INFO usbguard.file_monitor: File event recorded: modified /tmp/usbguard-filemonitor-98_99n8o/events.db-journal
2026-07-31 23:15:43,898 INFO usbguard: File event modified scanned: /tmp/usbguard-filemonitor-98_99n8o/events.db (risk=0.0)
2026-07-31 23:15:43,899 INFO usbguard.file_monitor: File event recorded: modified /tmp/usbguard-filemonitor-98_99n8o/events.db
2026-07-31 23:15:43,899 INFO usbguard.file_monitor: File event recorded: deleted /tmp/usbguard-filemonitor-98_99n8o/events.db-journal
2026-07-31 23:15:43,900 INFO usbguard.file_monitor: File event recorded: created /tmp/usbguard-filemonitor-98_99n8o/events.db-journal
2026-07-31 23:15:43,901 INFO usbguard.file_monitor: File event recorded: modified /tmp/usbguard-filemonitor-98_99n8o/events.db-journal
2026-07-31 23:15:43,914 INFO usbguard: File event modified scanned: /tmp/usbguard-filemonitor-98_99n8o/events.db (risk=0.0)
2026-07-31 23:15:43,915 INFO usbguard.file_monitor: File event recorded: modified /tmp/usbguard-filemonitor-98_99n8o/events.db
2026-07-31 23:15:43,916 INFO usbguard.file_monitor: File event recorded: deleted /tmp/usbguard-filemonitor-98_99n8o/events.db-journal
2026-07-31 23:15:43,917 INFO usbguard.file_monitor: File event recorded: created /tmp/usbguard-filemonitor-98_99n8o/events.db-journal
2026-07-31 23:15:43,917 INFO usbguard.file_monitor: File event recorded: modified /tmp/usbguard-filemonitor-98_99n8o/events.db-journal
2026-07-31 23:15:43,931 INFO usbguard: File event modified scanned: /tmp/usbguard-filemonitor-98_99n8o/events.db (risk=0.0)
2026-07-31 23:15:43,933 INFO usbguard.file_monitor: File event recorded: modified /tmp/usbguard-filemonitor-98_99n8o/events.db
2026-07-31 23:15:43,933 INFO usbguard.file_monitor: File event recorded: deleted /tmp/usbguard-filemonitor-98_99n8o/events.db-journal
2026-07-31 23:15:43,934 INFO usbguard.file_monitor: File event recorded: created /tmp/usbguard-filemonitor-98_99n8o/events.db-journal
2026-07-31 23:15:43,934 INFO usbguard.file_monitor: File event recorded: modified /tmp/usbguard-filemonitor-98_99n8o/events.db-journal
2026-07-31 23:15:43,948 INFO usbguard: File event modified scanned: /tmp/usbguard-filemonitor-98_99n8o/events.db (risk=0.0)
2026-07-31 23:15:43,949 INFO usbguard.file_monitor: File event recorded: modified /tmp/usbguard-filemonitor-98_99n8o/events.db
2026-07-31 23:15:43,950 INFO usbguard.file_monitor: File event recorded: deleted /tmp/usbguard-filemonitor-98_99n8o/events.db-journal
2026-07-31 23:15:43,951 INFO usbguard.file_monitor: File event recorded: created /tmp/usbguard-filemonitor-98_99n8o/events.db-journal
2026-07-31 23:15:43,951 INFO usbguard.file_monitor: File event recorded: modified /tmp/usbguard-filemonitor-98_99n8o/events.db-journal
2026-07-31 23:15:43,965 INFO usbguard: File event modified scanned: /tmp/usbguard-filemonitor-98_99n8o/events.db (risk=0.0)
2026-07-31 23:15:43,967 INFO usbguard.file_monitor: File event recorded: modified /tmp/usbguard-filemonitor-98_99n8o/events.db
2026-07-31 23:15:43,967 INFO usbguard.file_monitor: File event recorded: deleted /tmp/usbguard-filemonitor-98_99n8o/events.db-journal
2026-07-31 23:15:43,968 INFO usbguard.file_monitor: File event recorded: created /tmp/usbguard-filemonitor-98_99n8o/events.db-journal
2026-07-31 23:15:43,968 INFO usbguard.file_monitor: File event recorded: modified /tmp/usbguard-filemonitor-98_99n8o/events.db-journal
2026-07-31 23:15:43,982 INFO usbguard: File event modified scanned: /tmp/usbguard-filemonitor-98_99n8o/events.db (risk=0.0)
2026-07-31 23:15:43,983 INFO usbguard.file_monitor: File event recorded: modified /tmp/usbguard-filemonitor-98_99n8o/events.db
2026-07-31 23:15:43,984 INFO usbguard.file_monitor: File event recorded: deleted /tmp/usbguard-filemonitor-98_99n8o/events.db-journal
2026-07-31 23:15:43,984 INFO usbguard.file_monitor: File event recorded: created /tmp/usbguard-filemonitor-98_99n8o/events.db-journal
2026-07-31 23:15:43,985 INFO usbguard.file_monitor: File event recorded: modified /tmp/usbguard-filemonitor-98_99n8o/events.db-journal
2026-07-31 23:15:43,999 INFO usbguard: File event modified scanned: /tmp/usbguard-filemonitor-98_99n8o/events.db (risk=0.0)
2026-07-31 23:15:44,000 INFO usbguard.file_monitor: File event recorded: modified /tmp/usbguard-filemonitor-98_99n8o/events.db
2026-07-31 23:15:44,001 INFO usbguard.file_monitor: File event recorded: deleted /tmp/usbguard-filemonitor-98_99n8o/events.db-journal
2026-07-31 23:15:44,002 INFO usbguard.file_monitor: File event recorded: created /tmp/usbguard-filemonitor-98_99n8o/events.db-journal
2026-07-31 23:15:44,002 INFO usbguard.file_monitor: File event recorded: modified /tmp/usbguard-filemonitor-98_99n8o/events.db-journal
2026-07-31 23:15:44,017 INFO usbguard: File event modified scanned: /tmp/usbguard-filemonitor-98_99n8o/events.db (risk=0.0)
2026-07-31 23:15:44,018 INFO usbguard.file_monitor: File event recorded: modified /tmp/usbguard-filemonitor-98_99n8o/events.db
2026-07-31 23:15:44,018 INFO usbguard.file_monitor: File event recorded: deleted /tmp/usbguard-filemonitor-98_99n8o/events.db-journal
2026-07-31 23:15:44,019 INFO usbguard.file_monitor: File event recorded: created /tmp/usbguard-filemonitor-98_99n8o/events.db-journal
2026-07-31 23:15:44,019 INFO usbguard.file_monitor: File event recorded: modified /tmp/usbguard-filemonitor-98_99n8o/events.db-journal
2026-07-31 23:15:44,033 INFO usbguard: File event modified scanned: /tmp/usbguard-filemonitor-98_99n8o/events.db (risk=0.0)
2026-07-31 23:15:44,034 INFO usbguard.file_monitor: File event recorded: modified /tmp/usbguard-filemonitor-98_99n8o/events.db
2026-07-31 23:15:44,035 INFO usbguard.file_monitor: File event recorded: deleted /tmp/usbguard-filemonitor-98_99n8o/events.db-journal
2026-07-31 23:15:44,036 INFO usbguard.file_monitor: File event recorded: created /tmp/usbguard-filemonitor-98_99n8o/events.db-journal
2026-07-31 23:15:44,036 INFO usbguard.file_monitor: File event recorded: modified /tmp/usbguard-filemonitor-98_99n8o/events.db-journal
2026-07-31 23:15:44,051 INFO usbguard: File event modified scanned: /tmp/usbguard-filemonitor-98_99n8o/events.db (risk=0.0)
2026-07-31 23:15:44,052 INFO usbguard.file_monitor: File event recorded: modified /tmp/usbguard-filemonitor-98_99n8o/events.db
2026-07-31 23:15:44,052 INFO usbguard.file_monitor: File event recorded: deleted /tmp/usbguard-filemonitor-98_99n8o/events.db-journal
2026-07-31 23:15:44,053 INFO usbguard.file_monitor: File event recorded: created /tmp/usbguard-filemonitor-98_99n8o/events.db-journal
2026-07-31 23:15:44,053 INFO usbguard.file_monitor: File event recorded: modified /tmp/usbguard-filemonitor-98_99n8o/events.db-journal
2026-07-31 23:15:44,067 INFO usbguard: File event modified scanned: /tmp/usbguard-filemonitor-98_99n8o/events.db (risk=0.0)
2026-07-31 23:15:44,069 INFO usbguard.file_monitor: File event recorded: modified /tmp/usbguard-filemonitor-98_99n8o/events.db
2026-07-31 23:15:44,070 INFO usbguard.file_monitor: File event recorded: deleted /tmp/usbguard-filemonitor-98_99n8o/events.db-journal
2026-07-31 23:15:44,070 INFO usbguard.file_monitor: File event recorded: created /tmp/usbguard-filemonitor-98_99n8o/events.db-journal
2026-07-31 23:15:44,071 INFO usbguard.file_monitor: File event recorded: modified /tmp/usbguard-filemonitor-98_99n8o/events.db-journal
2026-07-31 23:15:44,087 INFO usbguard: File event modified scanned: /tmp/usbguard-filemonitor-98_99n8o/events.db (risk=0.0)
2026-07-31 23:15:44,088 INFO usbguard.file_monitor: File event recorded: modified /tmp/usbguard-filemonitor-98_99n8o/events.db
2026-07-31 23:15:44,089 INFO usbguard.file_monitor: File event recorded: deleted /tmp/usbguard-filemonitor-98_99n8o/events.db-journal
2026-07-31 23:15:44,090 INFO usbguard.file_monitor: File event recorded: created /tmp/usbguard-filemonitor-98_99n8o/events.db-journal
2026-07-31 23:15:44,090 INFO usbguard.file_monitor: File event recorded: modified /tmp/usbguard-filemonitor-98_99n8o/events.db-journal
2026-07-31 23:15:44,110 INFO usbguard: File event modified scanned: /tmp/usbguard-filemonitor-98_99n8o/events.db (risk=0.0)
2026-07-31 23:15:44,111 INFO usbguard.file_monitor: File event recorded: modified /tmp/usbguard-filemonitor-98_99n8o/events.db
2026-07-31 23:15:44,112 INFO usbguard.file_monitor: File event recorded: deleted /tmp/usbguard-filemonitor-98_99n8o/events.db-journal
2026-07-31 23:15:44,113 INFO usbguard.file_monitor: File event recorded: created /tmp/usbguard-filemonitor-98_99n8o/events.db-journal
2026-07-31 23:15:44,114 INFO usbguard.file_monitor: File event recorded: modified /tmp/usbguard-filemonitor-98_99n8o/events.db-journal
2026-07-31 23:15:44,128 INFO usbguard: File event modified scanned: /tmp/usbguard-filemonitor-98_99n8o/events.db (risk=0.0)
2026-07-31 23:15:44,129 INFO usbguard.file_monitor: File event recorded: modified /tmp/usbguard-filemonitor-98_99n8o/events.db
2026-07-31 23:15:44,130 INFO usbguard.file_monitor: File event recorded: deleted /tmp/usbguard-filemonitor-98_99n8o/events.db-journal
2026-07-31 23:15:44,130 INFO usbguard.file_monitor: File event recorded: created /tmp/usbguard-filemonitor-98_99n8o/events.db-journal
2026-07-31 23:15:44,131 INFO usbguard.file_monitor: File event recorded: modified /tmp/usbguard-filemonitor-98_99n8o/events.db-journal
2026-07-31 23:15:44,146 INFO usbguard: File event modified scanned: /tmp/usbguard-filemonitor-98_99n8o/events.db (risk=0.0)
2026-07-31 23:15:44,147 INFO usbguard.file_monitor: File event recorded: modified /tmp/usbguard-filemonitor-98_99n8o/events.db
2026-07-31 23:15:44,148 INFO usbguard.file_monitor: File event recorded: deleted /tmp/usbguard-filemonitor-98_99n8o/events.db-journal
2026-07-31 23:15:44,149 INFO usbguard.file_monitor: File event recorded: created /tmp/usbguard-filemonitor-98_99n8o/events.db-journal
2026-07-31 23:15:44,149 INFO usbguard.file_monitor: File event recorded: modified /tmp/usbguard-filemonitor-98_99n8o/events.db-journal
2026-07-31 23:15:44,164 INFO usbguard: File event modified scanned: /tmp/usbguard-filemonitor-98_99n8o/events.db (risk=0.0)
2026-07-31 23:15:44,165 INFO usbguard.file_monitor: File event recorded: modified /tmp/usbguard-filemonitor-98_99n8o/events.db
2026-07-31 23:15:44,165 INFO usbguard.file_monitor: File event recorded: deleted /tmp/usbguard-filemonitor-98_99n8o/events.db-journal
2026-07-31 23:15:44,166 INFO usbguard.file_monitor: File event recorded: created /tmp/usbguard-filemonitor-98_99n8o/events.db-journal
2026-07-31 23:15:44,167 INFO usbguard.file_monitor: File event recorded: modified /tmp/usbguard-filemonitor-98_99n8o/events.db-journal
2026-07-31 23:15:44,182 INFO usbguard: File event modified scanned: /tmp/usbguard-filemonitor-98_99n8o/events.db (risk=0.0)
2026-07-31 23:15:44,183 INFO usbguard.file_monitor: File event recorded: modified /tmp/usbguard-filemonitor-98_99n8o/events.db
2026-07-31 23:15:44,184 INFO usbguard.file_monitor: File event recorded: deleted /tmp/usbguard-filemonitor-98_99n8o/events.db-journal
2026-07-31 23:15:44,185 INFO usbguard.file_monitor: File event recorded: created /tmp/usbguard-filemonitor-98_99n8o/events.db-journal
2026-07-31 23:15:44,185 INFO usbguard.file_monitor: File event recorded: modified /tmp/usbguard-filemonitor-98_99n8o/events.db-journal
2026-07-31 23:15:44,200 INFO usbguard: File event modified scanned: /tmp/usbguard-filemonitor-98_99n8o/events.db (risk=0.0)
2026-07-31 23:15:44,202 INFO usbguard.file_monitor: File event recorded: modified /tmp/usbguard-filemonitor-98_99n8o/events.db
2026-07-31 23:15:44,202 INFO usbguard.file_monitor: File event recorded: deleted /tmp/usbguard-filemonitor-98_99n8o/events.db-journal
2026-07-31 23:15:44,203 INFO usbguard.file_monitor: File event recorded: created /tmp/usbguard-filemonitor-98_99n8o/events.db-journal
2026-07-31 23:15:44,204 INFO usbguard.file_monitor: File event recorded: modified /tmp/usbguard-filemonitor-98_99n8o/events.db-journal
2026-07-31 23:15:44,220 INFO usbguard: File event modified scanned: /tmp/usbguard-filemonitor-98_99n8o/events.db (risk=0.0)
2026-07-31 23:15:44,221 INFO usbguard.file_monitor: File event recorded: modified /tmp/usbguard-filemonitor-98_99n8o/events.db
2026-07-31 23:15:44,222 INFO usbguard.file_monitor: File event recorded: deleted /tmp/usbguard-filemonitor-98_99n8o/events.db-journal
2026-07-31 23:15:44,223 INFO usbguard.file_monitor: File event recorded: created /tmp/usbguard-filemonitor-98_99n8o/events.db-journal
2026-07-31 23:15:44,223 INFO usbguard.file_monitor: File event recorded: modified /tmp/usbguard-filemonitor-98_99n8o/events.db-journal
2026-07-31 23:15:44,239 INFO usbguard: File event modified scanned: /tmp/usbguard-filemonitor-98_99n8o/events.db (risk=0.0)
2026-07-31 23:15:44,240 INFO usbguard.file_monitor: File event recorded: modified /tmp/usbguard-filemonitor-98_99n8o/events.db
2026-07-31 23:15:44,241 INFO usbguard.file_monitor: File event recorded: deleted /tmp/usbguard-filemonitor-98_99n8o/events.db-journal
2026-07-31 23:15:44,241 INFO usbguard.file_monitor: File event recorded: created /tmp/usbguard-filemonitor-98_99n8o/events.db-journal
2026-07-31 23:15:44,242 INFO usbguard.file_monitor: File event recorded: modified /tmp/usbguard-filemonitor-98_99n8o/events.db-journal
2026-07-31 23:15:44,257 INFO usbguard: File event modified scanned: /tmp/usbguard-filemonitor-98_99n8o/events.db (risk=0.0)
2026-07-31 23:15:44,259 INFO usbguard.file_monitor: File event recorded: modified /tmp/usbguard-filemonitor-98_99n8o/events.db
2026-07-31 23:15:44,260 INFO usbguard.file_monitor: File event recorded: deleted /tmp/usbguard-filemonitor-98_99n8o/events.db-journal
2026-07-31 23:15:44,260 INFO usbguard.file_monitor: File event recorded: created /tmp/usbguard-filemonitor-98_99n8o/events.db-journal
2026-07-31 23:15:44,261 INFO usbguard.file_monitor: File event recorded: modified /tmp/usbguard-filemonitor-98_99n8o/events.db-journal
2026-07-31 23:15:44,276 INFO usbguard: File event modified scanned: /tmp/usbguard-filemonitor-98_99n8o/events.db (risk=0.0)
2026-07-31 23:15:44,278 INFO usbguard.file_monitor: File event recorded: modified /tmp/usbguard-filemonitor-98_99n8o/events.db
2026-07-31 23:15:44,279 INFO usbguard.file_monitor: File event recorded: deleted /tmp/usbguard-filemonitor-98_99n8o/events.db-journal
2026-07-31 23:15:44,279 INFO usbguard.file_monitor: File event recorded: created /tmp/usbguard-filemonitor-98_99n8o/events.db-journal
2026-07-31 23:15:44,280 INFO usbguard.file_monitor: File event recorded: modified /tmp/usbguard-filemonitor-98_99n8o/events.db-journal
2026-07-31 23:15:44,296 INFO usbguard: File event modified scanned: /tmp/usbguard-filemonitor-98_99n8o/events.db (risk=0.0)
2026-07-31 23:15:44,297 INFO usbguard.file_monitor: File event recorded: modified /tmp/usbguard-filemonitor-98_99n8o/events.db
2026-07-31 23:15:44,298 INFO usbguard.file_monitor: File event recorded: deleted /tmp/usbguard-filemonitor-98_99n8o/events.db-journal
2026-07-31 23:15:44,298 INFO usbguard.file_monitor: File event recorded: created /tmp/usbguard-filemonitor-98_99n8o/events.db-journal
2026-07-31 23:15:44,299 INFO usbguard.file_monitor: File event recorded: modified /tmp/usbguard-filemonitor-98_99n8o/events.db-journal
2026-07-31 23:15:44,315 INFO usbguard: File event modified scanned: /tmp/usbguard-filemonitor-98_99n8o/events.db (risk=0.0)
2026-07-31 23:15:44,316 INFO usbguard.file_monitor: File event recorded: modified /tmp/usbguard-filemonitor-98_99n8o/events.db
2026-07-31 23:15:44,317 INFO usbguard.file_monitor: File event recorded: deleted /tmp/usbguard-filemonitor-98_99n8o/events.db-journal
2026-07-31 23:15:44,317 INFO usbguard.file_monitor: File event recorded: created /tmp/usbguard-filemonitor-98_99n8o/events.db-journal
2026-07-31 23:15:44,318 INFO usbguard.file_monitor: File event recorded: modified /tmp/usbguard-filemonitor-98_99n8o/events.db-journal
2026-07-31 23:15:44,334 INFO usbguard: File event modified scanned: /tmp/usbguard-filemonitor-98_99n8o/events.db (risk=0.0)
2026-07-31 23:15:44,335 INFO usbguard.file_monitor: File event recorded: modified /tmp/usbguard-filemonitor-98_99n8o/events.db
2026-07-31 23:15:44,336 INFO usbguard.file_monitor: File event recorded: deleted /tmp/usbguard-filemonitor-98_99n8o/events.db-journal
2026-07-31 23:15:44,336 INFO usbguard.file_monitor: File event recorded: created /tmp/usbguard-filemonitor-98_99n8o/events.db-journal
2026-07-31 23:15:44,337 INFO usbguard.file_monitor: File event recorded: modified /tmp/usbguard-filemonitor-98_99n8o/events.db-journal
2026-07-31 23:15:44,353 INFO usbguard: File event modified scanned: /tmp/usbguard-filemonitor-98_99n8o/events.db (risk=0.0)
2026-07-31 23:15:44,354 INFO usbguard.file_monitor: File event recorded: modified /tmp/usbguard-filemonitor-98_99n8o/events.db
2026-07-31 23:15:44,355 INFO usbguard.file_monitor: File event recorded: deleted /tmp/usbguard-filemonitor-98_99n8o/events.db-journal
2026-07-31 23:15:44,356 INFO usbguard.file_monitor: File event recorded: created /tmp/usbguard-filemonitor-98_99n8o/events.db-journal
2026-07-31 23:15:44,356 INFO usbguard.file_monitor: File event recorded: modified /tmp/usbguard-filemonitor-98_99n8o/events.db-journal
2026-07-31 23:15:44,373 INFO usbguard: File event modified scanned: /tmp/usbguard-filemonitor-98_99n8o/events.db (risk=0.0)
2026-07-31 23:15:44,374 INFO usbguard.file_monitor: File event recorded: modified /tmp/usbguard-filemonitor-98_99n8o/events.db
2026-07-31 23:15:44,374 INFO usbguard.file_monitor: File event recorded: deleted /tmp/usbguard-filemonitor-98_99n8o/events.db-journal
2026-07-31 23:15:44,375 INFO usbguard.file_monitor: File event recorded: created /tmp/usbguard-filemonitor-98_99n8o/events.db-journal
2026-07-31 23:15:44,375 INFO usbguard.file_monitor: File event recorded: modified /tmp/usbguard-filemonitor-98_99n8o/events.db-journal
2026-07-31 23:15:44,392 INFO usbguard: File event modified scanned: /tmp/usbguard-filemonitor-98_99n8o/events.db (risk=0.0)
2026-07-31 23:15:44,394 INFO usbguard.file_monitor: File event recorded: modified /tmp/usbguard-filemonitor-98_99n8o/events.db
2026-07-31 23:15:44,394 INFO usbguard.file_monitor: File event recorded: deleted /tmp/usbguard-filemonitor-98_99n8o/events.db-journal
2026-07-31 23:15:44,395 INFO usbguard.file_monitor: File event recorded: created /tmp/usbguard-filemonitor-98_99n8o/events.db-journal
2026-07-31 23:15:44,395 INFO usbguard.file_monitor: File event recorded: modified /tmp/usbguard-filemonitor-98_99n8o/events.db-journal
2026-07-31 23:15:44,412 INFO usbguard: File event modified scanned: /tmp/usbguard-filemonitor-98_99n8o/events.db (risk=0.0)
2026-07-31 23:15:44,413 INFO usbguard.file_monitor: File event recorded: modified /tmp/usbguard-filemonitor-98_99n8o/events.db
2026-07-31 23:15:44,413 INFO usbguard.file_monitor: File event recorded: deleted /tmp/usbguard-filemonitor-98_99n8o/events.db-journal
2026-07-31 23:15:44,414 INFO usbguard.file_monitor: File event recorded: created /tmp/usbguard-filemonitor-98_99n8o/events.db-journal
2026-07-31 23:15:44,415 INFO usbguard.file_monitor: File event recorded: modified /tmp/usbguard-filemonitor-98_99n8o/events.db-journal
2026-07-31 23:15:44,433 INFO usbguard: File event modified scanned: /tmp/usbguard-filemonitor-98_99n8o/events.db (risk=0.0)
2026-07-31 23:15:44,434 INFO usbguard.file_monitor: File event recorded: modified /tmp/usbguard-filemonitor-98_99n8o/events.db
2026-07-31 23:15:44,434 INFO usbguard.file_monitor: File event recorded: deleted /tmp/usbguard-filemonitor-98_99n8o/events.db-journal
2026-07-31 23:15:44,435 INFO usbguard.file_monitor: File event recorded: created /tmp/usbguard-filemonitor-98_99n8o/events.db-journal
2026-07-31 23:15:44,436 INFO usbguard.file_monitor: File event recorded: modified /tmp/usbguard-filemonitor-98_99n8o/events.db-journal
2026-07-31 23:15:44,453 INFO usbguard: File event modified scanned: /tmp/usbguard-filemonitor-98_99n8o/events.db (risk=0.0)
2026-07-31 23:15:44,454 INFO usbguard.file_monitor: File event recorded: modified /tmp/usbguard-filemonitor-98_99n8o/events.db
2026-07-31 23:15:44,455 INFO usbguard.file_monitor: File event recorded: deleted /tmp/usbguard-filemonitor-98_99n8o/events.db-journal
2026-07-31 23:15:44,455 INFO usbguard.file_monitor: File event recorded: created /tmp/usbguard-filemonitor-98_99n8o/events.db-journal
2026-07-31 23:15:44,456 INFO usbguard.file_monitor: File event recorded: modified /tmp/usbguard-filemonitor-98_99n8o/events.db-journal
2026-07-31 23:15:44,472 INFO usbguard: File event modified scanned: /tmp/usbguard-filemonitor-98_99n8o/events.db (risk=0.0)
2026-07-31 23:15:44,474 INFO usbguard.file_monitor: File event recorded: modified /tmp/usbguard-filemonitor-98_99n8o/events.db
2026-07-31 23:15:44,475 INFO usbguard.file_monitor: File event recorded: deleted /tmp/usbguard-filemonitor-98_99n8o/events.db-journal
2026-07-31 23:15:44,475 INFO usbguard.file_monitor: File event recorded: created /tmp/usbguard-filemonitor-98_99n8o/events.db-journal
2026-07-31 23:15:44,476 INFO usbguard.file_monitor: File event recorded: modified /tmp/usbguard-filemonitor-98_99n8o/events.db-journal
2026-07-31 23:15:44,493 INFO usbguard: File event modified scanned: /tmp/usbguard-filemonitor-98_99n8o/events.db (risk=0.0)
2026-07-31 23:15:44,494 INFO usbguard.file_monitor: File event recorded: modified /tmp/usbguard-filemonitor-98_99n8o/events.db
2026-07-31 23:15:44,495 INFO usbguard.file_monitor: File event recorded: deleted /tmp/usbguard-filemonitor-98_99n8o/events.db-journal
2026-07-31 23:15:44,495 INFO usbguard.file_monitor: File event recorded: created /tmp/usbguard-filemonitor-98_99n8o/events.db-journal
2026-07-31 23:15:44,496 INFO usbguard.file_monitor: File event recorded: modified /tmp/usbguard-filemonitor-98_99n8o/events.db-journal
2026-07-31 23:15:44,513 INFO usbguard: File event modified scanned: /tmp/usbguard-filemonitor-98_99n8o/events.db (risk=0.0)
2026-07-31 23:15:44,514 INFO usbguard.file_monitor: File event recorded: modified /tmp/usbguard-filemonitor-98_99n8o/events.db
2026-07-31 23:15:44,515 INFO usbguard.file_monitor: File event recorded: deleted /tmp/usbguard-filemonitor-98_99n8o/events.db-journal
2026-07-31 23:15:44,515 INFO usbguard.file_monitor: File event recorded: created /tmp/usbguard-filemonitor-98_99n8o/events.db-journal
2026-07-31 23:15:44,516 INFO usbguard.file_monitor: File event recorded: modified /tmp/usbguard-filemonitor-98_99n8o/events.db-journal
2026-07-31 23:15:44,533 INFO usbguard: File event modified scanned: /tmp/usbguard-filemonitor-98_99n8o/events.db (risk=0.0)
2026-07-31 23:15:44,533 INFO usbguard.file_monitor: File event recorded: modified /tmp/usbguard-filemonitor-98_99n8o/events.db
2026-07-31 23:15:44,534 INFO usbguard.file_monitor: File event recorded: deleted /tmp/usbguard-filemonitor-98_99n8o/events.db-journal
2026-07-31 23:15:44,535 INFO usbguard.file_monitor: File event recorded: created /tmp/usbguard-filemonitor-98_99n8o/events.db-journal
2026-07-31 23:15:44,536 INFO usbguard.file_monitor: File event recorded: modified /tmp/usbguard-filemonitor-98_99n8o/events.db-journal
2026-07-31 23:15:44,553 INFO usbguard: File event modified scanned: /tmp/usbguard-filemonitor-98_99n8o/events.db (risk=0.0)
2026-07-31 23:15:44,554 INFO usbguard.file_monitor: File event recorded: modified /tmp/usbguard-filemonitor-98_99n8o/events.db
2026-07-31 23:15:44,555 INFO usbguard.file_monitor: File event recorded: deleted /tmp/usbguard-filemonitor-98_99n8o/events.db-journal
2026-07-31 23:15:44,556 INFO usbguard.file_monitor: File event recorded: created /tmp/usbguard-filemonitor-98_99n8o/events.db-journal
2026-07-31 23:15:44,562 INFO usbguard.file_monitor: File event recorded: modified /tmp/usbguard-filemonitor-98_99n8o/events.db-journal
2026-07-31 23:15:44,580 INFO usbguard: File event modified scanned: /tmp/usbguard-filemonitor-98_99n8o/events.db (risk=0.0)
2026-07-31 23:15:44,581 INFO usbguard.file_monitor: File event recorded: modified /tmp/usbguard-filemonitor-98_99n8o/events.db
2026-07-31 23:15:44,582 INFO usbguard.file_monitor: File event recorded: deleted /tmp/usbguard-filemonitor-98_99n8o/events.db-journal
2026-07-31 23:15:44,582 INFO usbguard.file_monitor: File event recorded: created /tmp/usbguard-filemonitor-98_99n8o/events.db-journal
2026-07-31 23:15:44,583 INFO usbguard.file_monitor: File event recorded: modified /tmp/usbguard-filemonitor-98_99n8o/events.db-journal
2026-07-31 23:15:44,600 INFO usbguard: File event modified scanned: /tmp/usbguard-filemonitor-98_99n8o/events.db (risk=0.0)
2026-07-31 23:15:44,601 INFO usbguard.file_monitor: File event recorded: modified /tmp/usbguard-filemonitor-98_99n8o/events.db
2026-07-31 23:15:44,602 INFO usbguard.file_monitor: File event recorded: deleted /tmp/usbguard-filemonitor-98_99n8o/events.db-journal
2026-07-31 23:15:44,602 INFO usbguard.file_monitor: File event recorded: created /tmp/usbguard-filemonitor-98_99n8o/events.db-journal
2026-07-31 23:15:44,603 INFO usbguard.file_monitor: File event recorded: modified /tmp/usbguard-filemonitor-98_99n8o/events.db-journal
2026-07-31 23:15:44,620 INFO usbguard: File event modified scanned: /tmp/usbguard-filemonitor-98_99n8o/events.db (risk=0.0)
2026-07-31 23:15:44,621 INFO usbguard.file_monitor: File event recorded: modified /tmp/usbguard-filemonitor-98_99n8o/events.db
2026-07-31 23:15:44,621 INFO usbguard.file_monitor: File event recorded: deleted /tmp/usbguard-filemonitor-98_99n8o/events.db-journal
2026-07-31 23:15:44,622 INFO usbguard.file_monitor: File event recorded: created /tmp/usbguard-filemonitor-98_99n8o/events.db-journal
2026-07-31 23:15:44,623 INFO usbguard.file_monitor: File event recorded: modified /tmp/usbguard-filemonitor-98_99n8o/events.db-journal
2026-07-31 23:15:44,640 INFO usbguard: File event modified scanned: /tmp/usbguard-filemonitor-98_99n8o/events.db (risk=0.0)
2026-07-31 23:15:44,641 INFO usbguard.file_monitor: File event recorded: modified /tmp/usbguard-filemonitor-98_99n8o/events.db
2026-07-31 23:15:44,642 INFO usbguard.file_monitor: File event recorded: deleted /tmp/usbguard-filemonitor-98_99n8o/events.db-journal
2026-07-31 23:15:44,642 INFO usbguard.file_monitor: File event recorded: created /tmp/usbguard-filemonitor-98_99n8o/events.db-journal
2026-07-31 23:15:44,643 INFO usbguard.file_monitor: File event recorded: modified /tmp/usbguard-filemonitor-98_99n8o/events.db-journal
2026-07-31 23:15:44,660 INFO usbguard: File event modified scanned: /tmp/usbguard-filemonitor-98_99n8o/events.db (risk=0.0)
2026-07-31 23:15:44,661 INFO usbguard.file_monitor: File event recorded: modified /tmp/usbguard-filemonitor-98_99n8o/events.db
2026-07-31 23:15:44,662 INFO usbguard.file_monitor: File event recorded: deleted /tmp/usbguard-filemonitor-98_99n8o/events.db-journal
2026-07-31 23:15:44,663 INFO usbguard.file_monitor: File event recorded: created /tmp/usbguard-filemonitor-98_99n8o/events.db-journal
2026-07-31 23:15:44,663 INFO usbguard.file_monitor: File event recorded: modified /tmp/usbguard-filemonitor-98_99n8o/events.db-journal
2026-07-31 23:15:44,680 INFO usbguard: File event modified scanned: /tmp/usbguard-filemonitor-98_99n8o/events.db (risk=0.0)
2026-07-31 23:15:44,681 INFO usbguard.file_monitor: File event recorded: modified /tmp/usbguard-filemonitor-98_99n8o/events.db
2026-07-31 23:15:44,682 INFO usbguard.file_monitor: File event recorded: deleted /tmp/usbguard-filemonitor-98_99n8o/events.db-journal
2026-07-31 23:15:44,683 INFO usbguard.file_monitor: File event recorded: created /tmp/usbguard-filemonitor-98_99n8o/events.db-journal
2026-07-31 23:15:44,683 INFO usbguard.file_monitor: File event recorded: modified /tmp/usbguard-filemonitor-98_99n8o/events.db-journal
2026-07-31 23:15:44,700 INFO usbguard: File event modified scanned: /tmp/usbguard-filemonitor-98_99n8o/events.db (risk=0.0)
2026-07-31 23:15:44,701 INFO usbguard.file_monitor: File event recorded: modified /tmp/usbguard-filemonitor-98_99n8o/events.db
2026-07-31 23:15:44,702 INFO usbguard.file_monitor: File event recorded: deleted /tmp/usbguard-filemonitor-98_99n8o/events.db-journal
2026-07-31 23:15:44,703 INFO usbguard.file_monitor: File event recorded: created /tmp/usbguard-filemonitor-98_99n8o/events.db-journal
2026-07-31 23:15:44,704 INFO usbguard.file_monitor: File event recorded: modified /tmp/usbguard-filemonitor-98_99n8o/events.db-journal
2026-07-31 23:15:44,721 INFO usbguard: File event modified scanned: /tmp/usbguard-filemonitor-98_99n8o/events.db (risk=0.0)
2026-07-31 23:15:44,722 INFO usbguard.file_monitor: File event recorded: modified /tmp/usbguard-filemonitor-98_99n8o/events.db
2026-07-31 23:15:44,723 INFO usbguard.file_monitor: File event recorded: deleted /tmp/usbguard-filemonitor-98_99n8o/events.db-journal
2026-07-31 23:15:44,723 INFO usbguard.file_monitor: File event recorded: created /tmp/usbguard-filemonitor-98_99n8o/events.db-journal
2026-07-31 23:15:44,724 INFO usbguard.file_monitor: File event recorded: modified /tmp/usbguard-filemonitor-98_99n8o/events.db-journal
2026-07-31 23:15:44,741 INFO usbguard: File event modified scanned: /tmp/usbguard-filemonitor-98_99n8o/events.db (risk=0.0)
2026-07-31 23:15:44,742 INFO usbguard.file_monitor: File event recorded: modified /tmp/usbguard-filemonitor-98_99n8o/events.db
2026-07-31 23:15:44,743 INFO usbguard.file_monitor: File event recorded: deleted /tmp/usbguard-filemonitor-98_99n8o/events.db-journal
2026-07-31 23:15:44,743 INFO usbguard.file_monitor: File event recorded: created /tmp/usbguard-filemonitor-98_99n8o/events.db-journal
2026-07-31 23:15:44,744 INFO usbguard.file_monitor: File event recorded: modified /tmp/usbguard-filemonitor-98_99n8o/events.db-journal
2026-07-31 23:15:44,762 INFO usbguard: File event modified scanned: /tmp/usbguard-filemonitor-98_99n8o/events.db (risk=0.0)
2026-07-31 23:15:44,763 INFO usbguard.file_monitor: File event recorded: modified /tmp/usbguard-filemonitor-98_99n8o/events.db
2026-07-31 23:15:44,764 INFO usbguard.file_monitor: File event recorded: deleted /tmp/usbguard-filemonitor-98_99n8o/events.db-journal
2026-07-31 23:15:44,764 INFO usbguard.file_monitor: File event recorded: created /tmp/usbguard-filemonitor-98_99n8o/events.db-journal
2026-07-31 23:15:44,765 INFO usbguard.file_monitor: File event recorded: modified /tmp/usbguard-filemonitor-98_99n8o/events.db-journal
2026-07-31 23:15:44,783 INFO usbguard: File event modified scanned: /tmp/usbguard-filemonitor-98_99n8o/events.db (risk=0.0)
2026-07-31 23:15:44,784 INFO usbguard.file_monitor: File event recorded: modified /tmp/usbguard-filemonitor-98_99n8o/events.db
2026-07-31 23:15:44,785 INFO usbguard.file_monitor: File event recorded: deleted /tmp/usbguard-filemonitor-98_99n8o/events.db-journal
2026-07-31 23:15:44,786 INFO usbguard.file_monitor: File event recorded: created /tmp/usbguard-filemonitor-98_99n8o/events.db-journal
2026-07-31 23:15:44,787 INFO usbguard.file_monitor: File event recorded: modified /tmp/usbguard-filemonitor-98_99n8o/events.db-journal
2026-07-31 23:15:44,809 INFO usbguard: File event modified scanned: /tmp/usbguard-filemonitor-98_99n8o/events.db (risk=0.0)
2026-07-31 23:15:44,811 INFO usbguard.file_monitor: File event recorded: modified /tmp/usbguard-filemonitor-98_99n8o/events.db
2026-07-31 23:15:44,811 INFO usbguard.file_monitor: File event recorded: deleted /tmp/usbguard-filemonitor-98_99n8o/events.db-journal
2026-07-31 23:15:44,812 INFO usbguard.file_monitor: File event recorded: created /tmp/usbguard-filemonitor-98_99n8o/events.db-journal
2026-07-31 23:15:44,813 INFO usbguard.file_monitor: File event recorded: modified /tmp/usbguard-filemonitor-98_99n8o/events.db-journal
2026-07-31 23:15:44,836 INFO usbguard: File event modified scanned: /tmp/usbguard-filemonitor-98_99n8o/events.db (risk=0.0)
2026-07-31 23:15:44,837 INFO usbguard.file_monitor: File event recorded: modified /tmp/usbguard-filemonitor-98_99n8o/events.db
2026-07-31 23:15:44,838 INFO usbguard.file_monitor: File event recorded: deleted /tmp/usbguard-filemonitor-98_99n8o/events.db-journal
2026-07-31 23:15:44,838 INFO usbguard.file_monitor: File event recorded: created /tmp/usbguard-filemonitor-98_99n8o/events.db-journal
2026-07-31 23:15:44,839 INFO usbguard.file_monitor: File event recorded: modified /tmp/usbguard-filemonitor-98_99n8o/events.db-journal
2026-07-31 23:15:44,863 INFO usbguard: File event modified scanned: /tmp/usbguard-filemonitor-98_99n8o/events.db (risk=0.0)
2026-07-31 23:15:44,864 INFO usbguard.file_monitor: File event recorded: modified /tmp/usbguard-filemonitor-98_99n8o/events.db
2026-07-31 23:15:44,865 INFO usbguard.file_monitor: File event recorded: deleted /tmp/usbguard-filemonitor-98_99n8o/events.db-journal
2026-07-31 23:15:44,866 INFO usbguard.file_monitor: File event recorded: created /tmp/usbguard-filemonitor-98_99n8o/events.db-journal
2026-07-31 23:15:44,866 INFO usbguard.file_monitor: File event recorded: modified /tmp/usbguard-filemonitor-98_99n8o/events.db-journal
2026-07-31 23:15:44,889 INFO usbguard: File event modified scanned: /tmp/usbguard-filemonitor-98_99n8o/events.db (risk=0.0)
2026-07-31 23:15:44,890 INFO usbguard.file_monitor: File event recorded: modified /tmp/usbguard-filemonitor-98_99n8o/events.db
2026-07-31 23:15:44,891 INFO usbguard.file_monitor: File event recorded: deleted /tmp/usbguard-filemonitor-98_99n8o/events.db-journal
2026-07-31 23:15:44,892 INFO usbguard.file_monitor: File event recorded: created /tmp/usbguard-filemonitor-98_99n8o/events.db-journal
2026-07-31 23:15:44,893 INFO usbguard.file_monitor: File event recorded: modified /tmp/usbguard-filemonitor-98_99n8o/events.db-journal
2026-07-31 23:15:44,910 INFO usbguard: File event modified scanned: /tmp/usbguard-filemonitor-98_99n8o/events.db (risk=0.0)
2026-07-31 23:15:44,911 INFO usbguard.file_monitor: File event recorded: modified /tmp/usbguard-filemonitor-98_99n8o/events.db
2026-07-31 23:15:44,912 INFO usbguard.file_monitor: File event recorded: deleted /tmp/usbguard-filemonitor-98_99n8o/events.db-journal
2026-07-31 23:15:44,913 INFO usbguard.file_monitor: File event recorded: created /tmp/usbguard-filemonitor-98_99n8o/events.db-journal
2026-07-31 23:15:44,913 INFO usbguard.file_monitor: File event recorded: modified /tmp/usbguard-filemonitor-98_99n8o/events.db-journal
2026-07-31 23:15:44,931 INFO usbguard: File event modified scanned: /tmp/usbguard-filemonitor-98_99n8o/events.db (risk=0.0)
2026-07-31 23:15:44,933 INFO usbguard.file_monitor: File event recorded: modified /tmp/usbguard-filemonitor-98_99n8o/events.db
2026-07-31 23:15:44,933 INFO usbguard.file_monitor: File event recorded: deleted /tmp/usbguard-filemonitor-98_99n8o/events.db-journal
2026-07-31 23:15:44,934 INFO usbguard.file_monitor: File event recorded: created /tmp/usbguard-filemonitor-98_99n8o/events.db-journal
2026-07-31 23:15:44,935 INFO usbguard.file_monitor: File event recorded: modified /tmp/usbguard-filemonitor-98_99n8o/events.db-journal
2026-07-31 23:15:44,952 INFO usbguard: File event modified scanned: /tmp/usbguard-filemonitor-98_99n8o/events.db (risk=0.0)
2026-07-31 23:15:44,954 INFO usbguard.file_monitor: File event recorded: modified /tmp/usbguard-filemonitor-98_99n8o/events.db
2026-07-31 23:15:44,954 INFO usbguard.file_monitor: File event recorded: deleted /tmp/usbguard-filemonitor-98_99n8o/events.db-journal
2026-07-31 23:15:44,955 INFO usbguard.file_monitor: File event recorded: created /tmp/usbguard-filemonitor-98_99n8o/events.db-journal
2026-07-31 23:15:44,956 INFO usbguard.file_monitor: File event recorded: modified /tmp/usbguard-filemonitor-98_99n8o/events.db-journal
2026-07-31 23:15:44,974 INFO usbguard: File event modified scanned: /tmp/usbguard-filemonitor-98_99n8o/events.db (risk=0.0)
2026-07-31 23:15:44,976 INFO usbguard.file_monitor: File event recorded: modified /tmp/usbguard-filemonitor-98_99n8o/events.db
2026-07-31 23:15:44,976 INFO usbguard.file_monitor: File event recorded: deleted /tmp/usbguard-filemonitor-98_99n8o/events.db-journal
2026-07-31 23:15:44,977 INFO usbguard.file_monitor: File event recorded: created /tmp/usbguard-filemonitor-98_99n8o/events.db-journal
2026-07-31 23:15:44,978 INFO usbguard.file_monitor: File event recorded: modified /tmp/usbguard-filemonitor-98_99n8o/events.db-journal
2026-07-31 23:15:44,996 INFO usbguard: File event modified scanned: /tmp/usbguard-filemonitor-98_99n8o/events.db (risk=0.0)
2026-07-31 23:15:44,997 INFO usbguard.file_monitor: File event recorded: modified /tmp/usbguard-filemonitor-98_99n8o/events.db
2026-07-31 23:15:44,998 INFO usbguard.file_monitor: File event recorded: deleted /tmp/usbguard-filemonitor-98_99n8o/events.db-journal
2026-07-31 23:15:44,998 INFO usbguard.file_monitor: File event recorded: created /tmp/usbguard-filemonitor-98_99n8o/events.db-journal
2026-07-31 23:15:44,999 INFO usbguard.file_monitor: File event recorded: modified /tmp/usbguard-filemonitor-98_99n8o/events.db-journal
2026-07-31 23:15:45,018 INFO usbguard: File event modified scanned: /tmp/usbguard-filemonitor-98_99n8o/events.db (risk=0.0)
2026-07-31 23:15:45,019 INFO usbguard.file_monitor: File event recorded: modified /tmp/usbguard-filemonitor-98_99n8o/events.db
2026-07-31 23:15:45,019 INFO usbguard.file_monitor: File event recorded: deleted /tmp/usbguard-filemonitor-98_99n8o/events.db-journal
2026-07-31 23:15:45,020 INFO usbguard.file_monitor: File event recorded: created /tmp/usbguard-filemonitor-98_99n8o/events.db-journal
2026-07-31 23:15:45,020 INFO usbguard.file_monitor: File event recorded: modified /tmp/usbguard-filemonitor-98_99n8o/events.db-journal
2026-07-31 23:15:45,038 INFO usbguard: File event modified scanned: /tmp/usbguard-filemonitor-98_99n8o/events.db (risk=0.0)
2026-07-31 23:15:45,039 INFO usbguard.file_monitor: File event recorded: modified /tmp/usbguard-filemonitor-98_99n8o/events.db
2026-07-31 23:15:45,040 INFO usbguard.file_monitor: File event recorded: deleted /tmp/usbguard-filemonitor-98_99n8o/events.db-journal
2026-07-31 23:15:45,040 INFO usbguard.file_monitor: File event recorded: created /tmp/usbguard-filemonitor-98_99n8o/events.db-journal
2026-07-31 23:15:45,041 INFO usbguard.file_monitor: File event recorded: modified /tmp/usbguard-filemonitor-98_99n8o/events.db-journal
2026-07-31 23:15:45,060 INFO usbguard: File event modified scanned: /tmp/usbguard-filemonitor-98_99n8o/events.db (risk=0.0)
2026-07-31 23:15:45,061 INFO usbguard.file_monitor: File event recorded: modified /tmp/usbguard-filemonitor-98_99n8o/events.db
2026-07-31 23:15:45,061 INFO usbguard.file_monitor: File event recorded: deleted /tmp/usbguard-filemonitor-98_99n8o/events.db-journal
2026-07-31 23:15:45,062 INFO usbguard.file_monitor: File event recorded: created /tmp/usbguard-filemonitor-98_99n8o/events.db-journal
2026-07-31 23:15:45,063 INFO usbguard.file_monitor: File event recorded: modified /tmp/usbguard-filemonitor-98_99n8o/events.db-journal
2026-07-31 23:15:45,082 INFO usbguard: File event modified scanned: /tmp/usbguard-filemonitor-98_99n8o/events.db (risk=0.0)
2026-07-31 23:15:45,083 INFO usbguard.file_monitor: File event recorded: modified /tmp/usbguard-filemonitor-98_99n8o/events.db
2026-07-31 23:15:45,084 INFO usbguard.file_monitor: File event recorded: deleted /tmp/usbguard-filemonitor-98_99n8o/events.db-journal
2026-07-31 23:15:45,084 INFO usbguard.file_monitor: File event recorded: created /tmp/usbguard-filemonitor-98_99n8o/events.db-journal
2026-07-31 23:15:45,085 INFO usbguard.file_monitor: File event recorded: modified /tmp/usbguard-filemonitor-98_99n8o/events.db-journal
2026-07-31 23:15:45,105 INFO usbguard: File event modified scanned: /tmp/usbguard-filemonitor-98_99n8o/events.db (risk=0.0)
2026-07-31 23:15:45,107 INFO usbguard.file_monitor: File event recorded: modified /tmp/usbguard-filemonitor-98_99n8o/events.db
2026-07-31 23:15:45,107 INFO usbguard.file_monitor: File event recorded: deleted /tmp/usbguard-filemonitor-98_99n8o/events.db-journal
2026-07-31 23:15:45,108 INFO usbguard.file_monitor: File event recorded: created /tmp/usbguard-filemonitor-98_99n8o/events.db-journal
2026-07-31 23:15:45,109 INFO usbguard.file_monitor: File event recorded: modified /tmp/usbguard-filemonitor-98_99n8o/events.db-journal
2026-07-31 23:15:45,128 INFO usbguard: File event modified scanned: /tmp/usbguard-filemonitor-98_99n8o/events.db (risk=0.0)
2026-07-31 23:15:45,129 INFO usbguard.file_monitor: File event recorded: modified /tmp/usbguard-filemonitor-98_99n8o/events.db
2026-07-31 23:15:45,129 INFO usbguard.file_monitor: File event recorded: deleted /tmp/usbguard-filemonitor-98_99n8o/events.db-journal
2026-07-31 23:15:45,130 INFO usbguard.file_monitor: File event recorded: created /tmp/usbguard-filemonitor-98_99n8o/events.db-journal
2026-07-31 23:15:45,131 INFO usbguard.file_monitor: File event recorded: modified /tmp/usbguard-filemonitor-98_99n8o/events.db-journal
2026-07-31 23:15:45,150 INFO usbguard: File event modified scanned: /tmp/usbguard-filemonitor-98_99n8o/events.db (risk=0.0)
2026-07-31 23:15:45,151 INFO usbguard.file_monitor: File event recorded: modified /tmp/usbguard-filemonitor-98_99n8o/events.db
2026-07-31 23:15:45,152 INFO usbguard.file_monitor: File event recorded: deleted /tmp/usbguard-filemonitor-98_99n8o/events.db-journal
2026-07-31 23:15:45,152 INFO usbguard.file_monitor: File event recorded: created /tmp/usbguard-filemonitor-98_99n8o/events.db-journal
2026-07-31 23:15:45,153 INFO usbguard.file_monitor: File event recorded: modified /tmp/usbguard-filemonitor-98_99n8o/events.db-journal
2026-07-31 23:15:45,172 INFO usbguard: File event modified scanned: /tmp/usbguard-filemonitor-98_99n8o/events.db (risk=0.0)
2026-07-31 23:15:45,173 INFO usbguard.file_monitor: File event recorded: modified /tmp/usbguard-filemonitor-98_99n8o/events.db
2026-07-31 23:15:45,174 INFO usbguard.file_monitor: File event recorded: deleted /tmp/usbguard-filemonitor-98_99n8o/events.db-journal
2026-07-31 23:15:45,175 INFO usbguard.file_monitor: File event recorded: created /tmp/usbguard-filemonitor-98_99n8o/events.db-journal
2026-07-31 23:15:45,175 INFO usbguard.file_monitor: File event recorded: modified /tmp/usbguard-filemonitor-98_99n8o/events.db-journal
2026-07-31 23:15:45,196 INFO usbguard: File event modified scanned: /tmp/usbguard-filemonitor-98_99n8o/events.db (risk=0.0)
2026-07-31 23:15:45,197 INFO usbguard.file_monitor: File event recorded: modified /tmp/usbguard-filemonitor-98_99n8o/events.db
2026-07-31 23:15:45,197 INFO usbguard.file_monitor: File event recorded: deleted /tmp/usbguard-filemonitor-98_99n8o/events.db-journal
2026-07-31 23:15:45,198 INFO usbguard.file_monitor: File event recorded: created /tmp/usbguard-filemonitor-98_99n8o/events.db-journal
2026-07-31 23:15:45,199 INFO usbguard.file_monitor: File event recorded: modified /tmp/usbguard-filemonitor-98_99n8o/events.db-journal
2026-07-31 23:15:45,218 INFO usbguard: File event modified scanned: /tmp/usbguard-filemonitor-98_99n8o/events.db (risk=0.0)
2026-07-31 23:15:45,219 INFO usbguard.file_monitor: File event recorded: modified /tmp/usbguard-filemonitor-98_99n8o/events.db
2026-07-31 23:15:45,219 INFO usbguard.file_monitor: File event recorded: deleted /tmp/usbguard-filemonitor-98_99n8o/events.db-journal
2026-07-31 23:15:45,220 INFO usbguard.file_monitor: File event recorded: created /tmp/usbguard-filemonitor-98_99n8o/events.db-journal
2026-07-31 23:15:45,221 INFO usbguard.file_monitor: File event recorded: modified /tmp/usbguard-filemonitor-98_99n8o/events.db-journal
2026-07-31 23:15:45,241 INFO usbguard: File event modified scanned: /tmp/usbguard-filemonitor-98_99n8o/events.db (risk=0.0)
2026-07-31 23:15:45,242 INFO usbguard.file_monitor: File event recorded: modified /tmp/usbguard-filemonitor-98_99n8o/events.db
2026-07-31 23:15:45,243 INFO usbguard.file_monitor: File event recorded: deleted /tmp/usbguard-filemonitor-98_99n8o/events.db-journal
2026-07-31 23:15:45,243 INFO usbguard.file_monitor: File event recorded: created /tmp/usbguard-filemonitor-98_99n8o/events.db-journal
2026-07-31 23:15:45,244 INFO usbguard.file_monitor: File event recorded: modified /tmp/usbguard-filemonitor-98_99n8o/events.db-journal
2026-07-31 23:15:45,264 INFO usbguard: File event modified scanned: /tmp/usbguard-filemonitor-98_99n8o/events.db (risk=0.0)
2026-07-31 23:15:45,265 INFO usbguard.file_monitor: File event recorded: modified /tmp/usbguard-filemonitor-98_99n8o/events.db
2026-07-31 23:15:45,266 INFO usbguard.file_monitor: File event recorded: deleted /tmp/usbguard-filemonitor-98_99n8o/events.db-journal
2026-07-31 23:15:45,267 INFO usbguard.file_monitor: File event recorded: created /tmp/usbguard-filemonitor-98_99n8o/events.db-journal
2026-07-31 23:15:45,267 INFO usbguard.file_monitor: File event recorded: modified /tmp/usbguard-filemonitor-98_99n8o/events.db-journal
2026-07-31 23:15:45,286 INFO usbguard: File event modified scanned: /tmp/usbguard-filemonitor-98_99n8o/events.db (risk=0.0)
2026-07-31 23:15:45,288 INFO usbguard.file_monitor: File event recorded: modified /tmp/usbguard-filemonitor-98_99n8o/events.db
2026-07-31 23:15:45,290 INFO usbguard.file_monitor: File event recorded: deleted /tmp/usbguard-filemonitor-98_99n8o/events.db-journal
2026-07-31 23:15:58,265 INFO usbguard.file_monitor: File monitoring engine started with roots=['/tmp/usbguard-filemonitor-pvnrakb8']
2026-07-31 23:15:58,279 INFO usbguard: File event created scanned: /tmp/usbguard-filemonitor-pvnrakb8/sample.txt (risk=0.0)
2026-07-31 23:15:58,281 INFO usbguard.file_monitor: File event recorded: created /tmp/usbguard-filemonitor-pvnrakb8/sample.txt
2026-07-31 23:15:58,288 INFO usbguard: File event modified scanned: /tmp/usbguard-filemonitor-pvnrakb8/sample.txt (risk=0.0)
2026-07-31 23:15:58,289 INFO usbguard.file_monitor: File event recorded: modified /tmp/usbguard-filemonitor-pvnrakb8/sample.txt
2026-07-31 23:15:58,289 INFO usbguard.file_monitor: File event recorded: created /tmp/usbguard-filemonitor-pvnrakb8/events.db-journal
2026-07-31 23:15:58,290 INFO usbguard.file_monitor: File event recorded: modified /tmp/usbguard-filemonitor-pvnrakb8/events.db-journal
2026-07-31 23:15:58,299 INFO usbguard: File event modified scanned: /tmp/usbguard-filemonitor-pvnrakb8/events.db (risk=0.0)
2026-07-31 23:15:58,300 INFO usbguard.file_monitor: File event recorded: modified /tmp/usbguard-filemonitor-pvnrakb8/events.db
2026-07-31 23:15:58,301 INFO usbguard.file_monitor: File event recorded: deleted /tmp/usbguard-filemonitor-pvnrakb8/events.db-journal
2026-07-31 23:15:58,302 INFO usbguard.file_monitor: File event recorded: created /tmp/usbguard-filemonitor-pvnrakb8/events.db-journal
2026-07-31 23:15:58,302 INFO usbguard.file_monitor: File event recorded: modified /tmp/usbguard-filemonitor-pvnrakb8/events.db-journal
2026-07-31 23:15:58,311 INFO usbguard: File event modified scanned: /tmp/usbguard-filemonitor-pvnrakb8/events.db (risk=0.0)
2026-07-31 23:15:58,312 INFO usbguard.file_monitor: File event recorded: modified /tmp/usbguard-filemonitor-pvnrakb8/events.db
2026-07-31 23:15:58,313 INFO usbguard.file_monitor: File event recorded: deleted /tmp/usbguard-filemonitor-pvnrakb8/events.db-journal
2026-07-31 23:15:58,315 INFO usbguard.file_monitor: File event recorded: created /tmp/usbguard-filemonitor-pvnrakb8/events.db-journal
2026-07-31 23:15:58,315 INFO usbguard.file_monitor: File event recorded: modified /tmp/usbguard-filemonitor-pvnrakb8/events.db-journal
2026-07-31 23:15:58,324 INFO usbguard: File event modified scanned: /tmp/usbguard-filemonitor-pvnrakb8/events.db (risk=0.0)
2026-07-31 23:15:58,325 INFO usbguard.file_monitor: File event recorded: modified /tmp/usbguard-filemonitor-pvnrakb8/events.db
2026-07-31 23:15:58,326 INFO usbguard.file_monitor: File event recorded: deleted /tmp/usbguard-filemonitor-pvnrakb8/events.db-journal
2026-07-31 23:15:58,326 INFO usbguard.file_monitor: File event recorded: created /tmp/usbguard-filemonitor-pvnrakb8/events.db-journal
2026-07-31 23:15:58,327 INFO usbguard.file_monitor: File event recorded: modified /tmp/usbguard-filemonitor-pvnrakb8/events.db-journal
2026-07-31 23:15:58,336 INFO usbguard: File event modified scanned: /tmp/usbguard-filemonitor-pvnrakb8/events.db (risk=0.0)
2026-07-31 23:15:58,337 INFO usbguard.file_monitor: File event recorded: modified /tmp/usbguard-filemonitor-pvnrakb8/events.db
2026-07-31 23:15:58,337 INFO usbguard.file_monitor: File event recorded: deleted /tmp/usbguard-filemonitor-pvnrakb8/events.db-journal
2026-07-31 23:15:58,338 INFO usbguard.file_monitor: File event recorded: created /tmp/usbguard-filemonitor-pvnrakb8/events.db-journal
2026-07-31 23:15:58,338 INFO usbguard.file_monitor: File event recorded: modified /tmp/usbguard-filemonitor-pvnrakb8/events.db-journal
2026-07-31 23:15:58,349 INFO usbguard: File event modified scanned: /tmp/usbguard-filemonitor-pvnrakb8/events.db (risk=0.0)
2026-07-31 23:15:58,350 INFO usbguard.file_monitor: File event recorded: modified /tmp/usbguard-filemonitor-pvnrakb8/events.db
2026-07-31 23:15:58,351 INFO usbguard.file_monitor: File event recorded: deleted /tmp/usbguard-filemonitor-pvnrakb8/events.db-journal
2026-07-31 23:15:58,351 INFO usbguard.file_monitor: File event recorded: created /tmp/usbguard-filemonitor-pvnrakb8/events.db-journal
2026-07-31 23:15:58,352 INFO usbguard.file_monitor: File event recorded: modified /tmp/usbguard-filemonitor-pvnrakb8/events.db-journal
2026-07-31 23:15:58,360 INFO usbguard: File event modified scanned: /tmp/usbguard-filemonitor-pvnrakb8/events.db (risk=0.0)
2026-07-31 23:15:58,361 INFO usbguard.file_monitor: File event recorded: modified /tmp/usbguard-filemonitor-pvnrakb8/events.db
2026-07-31 23:15:58,362 INFO usbguard.file_monitor: File event recorded: deleted /tmp/usbguard-filemonitor-pvnrakb8/events.db-journal
2026-07-31 23:15:58,362 INFO usbguard.file_monitor: File event recorded: created /tmp/usbguard-filemonitor-pvnrakb8/events.db-journal
2026-07-31 23:15:58,363 INFO usbguard.file_monitor: File event recorded: modified /tmp/usbguard-filemonitor-pvnrakb8/events.db-journal
2026-07-31 23:15:58,373 INFO usbguard: File event modified scanned: /tmp/usbguard-filemonitor-pvnrakb8/events.db (risk=0.0)
2026-07-31 23:15:58,374 INFO usbguard.file_monitor: File event recorded: modified /tmp/usbguard-filemonitor-pvnrakb8/events.db
2026-07-31 23:15:58,374 INFO usbguard.file_monitor: File event recorded: deleted /tmp/usbguard-filemonitor-pvnrakb8/events.db-journal
2026-07-31 23:15:58,375 INFO usbguard.file_monitor: File event recorded: created /tmp/usbguard-filemonitor-pvnrakb8/events.db-journal
2026-07-31 23:15:58,375 INFO usbguard.file_monitor: File event recorded: modified /tmp/usbguard-filemonitor-pvnrakb8/events.db-journal
2026-07-31 23:15:58,386 INFO usbguard: File event modified scanned: /tmp/usbguard-filemonitor-pvnrakb8/events.db (risk=0.0)
2026-07-31 23:15:58,387 INFO usbguard.file_monitor: File event recorded: modified /tmp/usbguard-filemonitor-pvnrakb8/events.db
2026-07-31 23:15:58,388 INFO usbguard.file_monitor: File event recorded: deleted /tmp/usbguard-filemonitor-pvnrakb8/events.db-journal
2026-07-31 23:15:58,388 INFO usbguard.file_monitor: File event recorded: created /tmp/usbguard-filemonitor-pvnrakb8/events.db-journal
2026-07-31 23:15:58,389 INFO usbguard.file_monitor: File event recorded: modified /tmp/usbguard-filemonitor-pvnrakb8/events.db-journal
2026-07-31 23:15:58,400 INFO usbguard: File event modified scanned: /tmp/usbguard-filemonitor-pvnrakb8/events.db (risk=0.0)
2026-07-31 23:15:58,401 INFO usbguard.file_monitor: File event recorded: modified /tmp/usbguard-filemonitor-pvnrakb8/events.db
2026-07-31 23:15:58,402 INFO usbguard.file_monitor: File event recorded: deleted /tmp/usbguard-filemonitor-pvnrakb8/events.db-journal
2026-07-31 23:15:58,402 INFO usbguard.file_monitor: File event recorded: created /tmp/usbguard-filemonitor-pvnrakb8/events.db-journal
2026-07-31 23:15:58,403 INFO usbguard.file_monitor: File event recorded: modified /tmp/usbguard-filemonitor-pvnrakb8/events.db-journal
2026-07-31 23:15:58,414 INFO usbguard: File event modified scanned: /tmp/usbguard-filemonitor-pvnrakb8/events.db (risk=0.0)
2026-07-31 23:15:58,415 INFO usbguard.file_monitor: File event recorded: modified /tmp/usbguard-filemonitor-pvnrakb8/events.db
2026-07-31 23:15:58,415 INFO usbguard.file_monitor: File event recorded: deleted /tmp/usbguard-filemonitor-pvnrakb8/events.db-journal
2026-07-31 23:15:58,416 INFO usbguard.file_monitor: File event recorded: created /tmp/usbguard-filemonitor-pvnrakb8/events.db-journal
2026-07-31 23:15:58,416 INFO usbguard.file_monitor: File event recorded: modified /tmp/usbguard-filemonitor-pvnrakb8/events.db-journal
2026-07-31 23:15:58,426 INFO usbguard: File event modified scanned: /tmp/usbguard-filemonitor-pvnrakb8/events.db (risk=0.0)
2026-07-31 23:15:58,427 INFO usbguard.file_monitor: File event recorded: modified /tmp/usbguard-filemonitor-pvnrakb8/events.db
2026-07-31 23:15:58,428 INFO usbguard.file_monitor: File event recorded: deleted /tmp/usbguard-filemonitor-pvnrakb8/events.db-journal
2026-07-31 23:15:58,428 INFO usbguard.file_monitor: File event recorded: created /tmp/usbguard-filemonitor-pvnrakb8/events.db-journal
2026-07-31 23:15:58,429 INFO usbguard.file_monitor: File event recorded: modified /tmp/usbguard-filemonitor-pvnrakb8/events.db-journal
2026-07-31 23:15:58,439 INFO usbguard: File event modified scanned: /tmp/usbguard-filemonitor-pvnrakb8/events.db (risk=0.0)
2026-07-31 23:15:58,441 INFO usbguard.file_monitor: File event recorded: modified /tmp/usbguard-filemonitor-pvnrakb8/events.db
2026-07-31 23:15:58,441 INFO usbguard.file_monitor: File event recorded: deleted /tmp/usbguard-filemonitor-pvnrakb8/events.db-journal
2026-07-31 23:15:58,441 INFO usbguard.file_monitor: File event recorded: created /tmp/usbguard-filemonitor-pvnrakb8/events.db-journal
2026-07-31 23:15:58,442 INFO usbguard.file_monitor: File event recorded: modified /tmp/usbguard-filemonitor-pvnrakb8/events.db-journal
2026-07-31 23:15:58,451 INFO usbguard: File event modified scanned: /tmp/usbguard-filemonitor-pvnrakb8/events.db (risk=0.0)
2026-07-31 23:15:58,452 INFO usbguard.file_monitor: File event recorded: modified /tmp/usbguard-filemonitor-pvnrakb8/events.db
2026-07-31 23:15:58,453 INFO usbguard.file_monitor: File event recorded: deleted /tmp/usbguard-filemonitor-pvnrakb8/events.db-journal
2026-07-31 23:15:58,454 INFO usbguard.file_monitor: File event recorded: created /tmp/usbguard-filemonitor-pvnrakb8/events.db-journal
2026-07-31 23:15:58,454 INFO usbguard.file_monitor: File event recorded: modified /tmp/usbguard-filemonitor-pvnrakb8/events.db-journal
2026-07-31 23:15:58,464 INFO usbguard: File event modified scanned: /tmp/usbguard-filemonitor-pvnrakb8/events.db (risk=0.0)
2026-07-31 23:15:58,465 INFO usbguard.file_monitor: File event recorded: modified /tmp/usbguard-filemonitor-pvnrakb8/events.db
2026-07-31 23:15:58,465 INFO usbguard.file_monitor: File event recorded: deleted /tmp/usbguard-filemonitor-pvnrakb8/events.db-journal
2026-07-31 23:15:58,466 INFO usbguard.file_monitor: File event recorded: created /tmp/usbguard-filemonitor-pvnrakb8/events.db-journal
2026-07-31 23:15:58,467 INFO usbguard.file_monitor: File event recorded: modified /tmp/usbguard-filemonitor-pvnrakb8/events.db-journal
2026-07-31 23:15:58,477 INFO usbguard: File event modified scanned: /tmp/usbguard-filemonitor-pvnrakb8/events.db (risk=0.0)
2026-07-31 23:15:58,479 INFO usbguard.file_monitor: File event recorded: modified /tmp/usbguard-filemonitor-pvnrakb8/events.db
2026-07-31 23:15:58,479 INFO usbguard.file_monitor: File event recorded: deleted /tmp/usbguard-filemonitor-pvnrakb8/events.db-journal
2026-07-31 23:15:58,480 INFO usbguard.file_monitor: File event recorded: created /tmp/usbguard-filemonitor-pvnrakb8/events.db-journal
2026-07-31 23:15:58,481 INFO usbguard.file_monitor: File event recorded: modified /tmp/usbguard-filemonitor-pvnrakb8/events.db-journal
2026-07-31 23:15:58,492 INFO usbguard: File event modified scanned: /tmp/usbguard-filemonitor-pvnrakb8/events.db (risk=0.0)
2026-07-31 23:15:58,493 INFO usbguard.file_monitor: File event recorded: modified /tmp/usbguard-filemonitor-pvnrakb8/events.db
2026-07-31 23:15:58,493 INFO usbguard.file_monitor: File event recorded: deleted /tmp/usbguard-filemonitor-pvnrakb8/events.db-journal
2026-07-31 23:15:58,494 INFO usbguard.file_monitor: File event recorded: created /tmp/usbguard-filemonitor-pvnrakb8/events.db-journal
2026-07-31 23:15:58,495 INFO usbguard.file_monitor: File event recorded: modified /tmp/usbguard-filemonitor-pvnrakb8/events.db-journal
2026-07-31 23:15:58,505 INFO usbguard: File event modified scanned: /tmp/usbguard-filemonitor-pvnrakb8/events.db (risk=0.0)
2026-07-31 23:15:58,506 INFO usbguard.file_monitor: File event recorded: modified /tmp/usbguard-filemonitor-pvnrakb8/events.db
2026-07-31 23:15:58,507 INFO usbguard.file_monitor: File event recorded: deleted /tmp/usbguard-filemonitor-pvnrakb8/events.db-journal
2026-07-31 23:15:58,507 INFO usbguard.file_monitor: File event recorded: created /tmp/usbguard-filemonitor-pvnrakb8/events.db-journal
2026-07-31 23:15:58,508 INFO usbguard.file_monitor: File event recorded: modified /tmp/usbguard-filemonitor-pvnrakb8/events.db-journal
2026-07-31 23:15:58,518 INFO usbguard: File event modified scanned: /tmp/usbguard-filemonitor-pvnrakb8/events.db (risk=0.0)
2026-07-31 23:15:58,520 INFO usbguard.file_monitor: File event recorded: modified /tmp/usbguard-filemonitor-pvnrakb8/events.db
2026-07-31 23:15:58,520 INFO usbguard.file_monitor: File event recorded: deleted /tmp/usbguard-filemonitor-pvnrakb8/events.db-journal
2026-07-31 23:15:58,521 INFO usbguard.file_monitor: File event recorded: created /tmp/usbguard-filemonitor-pvnrakb8/events.db-journal
2026-07-31 23:15:58,521 INFO usbguard.file_monitor: File event recorded: modified /tmp/usbguard-filemonitor-pvnrakb8/events.db-journal
2026-07-31 23:15:58,532 INFO usbguard: File event modified scanned: /tmp/usbguard-filemonitor-pvnrakb8/events.db (risk=0.0)
2026-07-31 23:15:58,533 INFO usbguard.file_monitor: File event recorded: modified /tmp/usbguard-filemonitor-pvnrakb8/events.db
2026-07-31 23:15:58,533 INFO usbguard.file_monitor: File event recorded: deleted /tmp/usbguard-filemonitor-pvnrakb8/events.db-journal
2026-07-31 23:15:58,534 INFO usbguard.file_monitor: File event recorded: created /tmp/usbguard-filemonitor-pvnrakb8/events.db-journal
2026-07-31 23:15:58,534 INFO usbguard.file_monitor: File event recorded: modified /tmp/usbguard-filemonitor-pvnrakb8/events.db-journal
2026-07-31 23:15:58,545 INFO usbguard: File event modified scanned: /tmp/usbguard-filemonitor-pvnrakb8/events.db (risk=0.0)
2026-07-31 23:15:58,546 INFO usbguard.file_monitor: File event recorded: modified /tmp/usbguard-filemonitor-pvnrakb8/events.db
2026-07-31 23:15:58,547 INFO usbguard.file_monitor: File event recorded: deleted /tmp/usbguard-filemonitor-pvnrakb8/events.db-journal
2026-07-31 23:15:58,547 INFO usbguard.file_monitor: File event recorded: created /tmp/usbguard-filemonitor-pvnrakb8/events.db-journal
2026-07-31 23:15:58,547 INFO usbguard.file_monitor: File event recorded: modified /tmp/usbguard-filemonitor-pvnrakb8/events.db-journal
2026-07-31 23:15:58,558 INFO usbguard: File event modified scanned: /tmp/usbguard-filemonitor-pvnrakb8/events.db (risk=0.0)
2026-07-31 23:15:58,560 INFO usbguard.file_monitor: File event recorded: modified /tmp/usbguard-filemonitor-pvnrakb8/events.db
2026-07-31 23:15:58,560 INFO usbguard.file_monitor: File event recorded: deleted /tmp/usbguard-filemonitor-pvnrakb8/events.db-journal
2026-07-31 23:15:58,561 INFO usbguard.file_monitor: File event recorded: created /tmp/usbguard-filemonitor-pvnrakb8/events.db-journal
2026-07-31 23:15:58,561 INFO usbguard.file_monitor: File event recorded: modified /tmp/usbguard-filemonitor-pvnrakb8/events.db-journal
2026-07-31 23:15:58,572 INFO usbguard: File event modified scanned: /tmp/usbguard-filemonitor-pvnrakb8/events.db (risk=0.0)
2026-07-31 23:15:58,573 INFO usbguard.file_monitor: File event recorded: modified /tmp/usbguard-filemonitor-pvnrakb8/events.db
2026-07-31 23:15:58,574 INFO usbguard.file_monitor: File event recorded: deleted /tmp/usbguard-filemonitor-pvnrakb8/events.db-journal
2026-07-31 23:15:58,574 INFO usbguard.file_monitor: File event recorded: created /tmp/usbguard-filemonitor-pvnrakb8/events.db-journal
2026-07-31 23:15:58,574 INFO usbguard.file_monitor: File event recorded: modified /tmp/usbguard-filemonitor-pvnrakb8/events.db-journal
2026-07-31 23:15:58,586 INFO usbguard: File event modified scanned: /tmp/usbguard-filemonitor-pvnrakb8/events.db (risk=0.0)
2026-07-31 23:15:58,587 INFO usbguard.file_monitor: File event recorded: modified /tmp/usbguard-filemonitor-pvnrakb8/events.db
2026-07-31 23:15:58,588 INFO usbguard.file_monitor: File event recorded: deleted /tmp/usbguard-filemonitor-pvnrakb8/events.db-journal
2026-07-31 23:15:58,588 INFO usbguard.file_monitor: File event recorded: created /tmp/usbguard-filemonitor-pvnrakb8/events.db-journal
2026-07-31 23:15:58,589 INFO usbguard.file_monitor: File event recorded: modified /tmp/usbguard-filemonitor-pvnrakb8/events.db-journal
2026-07-31 23:15:58,601 INFO usbguard: File event modified scanned: /tmp/usbguard-filemonitor-pvnrakb8/events.db (risk=0.0)
2026-07-31 23:15:58,602 INFO usbguard.file_monitor: File event recorded: modified /tmp/usbguard-filemonitor-pvnrakb8/events.db
2026-07-31 23:15:58,603 INFO usbguard.file_monitor: File event recorded: deleted /tmp/usbguard-filemonitor-pvnrakb8/events.db-journal
2026-07-31 23:15:58,603 INFO usbguard.file_monitor: File event recorded: created /tmp/usbguard-filemonitor-pvnrakb8/events.db-journal
2026-07-31 23:15:58,604 INFO usbguard.file_monitor: File event recorded: modified /tmp/usbguard-filemonitor-pvnrakb8/events.db-journal
2026-07-31 23:15:58,616 INFO usbguard: File event modified scanned: /tmp/usbguard-filemonitor-pvnrakb8/events.db (risk=0.0)
2026-07-31 23:15:58,617 INFO usbguard.file_monitor: File event recorded: modified /tmp/usbguard-filemonitor-pvnrakb8/events.db
2026-07-31 23:15:58,618 INFO usbguard.file_monitor: File event recorded: deleted /tmp/usbguard-filemonitor-pvnrakb8/events.db-journal
2026-07-31 23:15:58,619 INFO usbguard.file_monitor: File event recorded: created /tmp/usbguard-filemonitor-pvnrakb8/events.db-journal
2026-07-31 23:15:58,619 INFO usbguard.file_monitor: File event recorded: modified /tmp/usbguard-filemonitor-pvnrakb8/events.db-journal
2026-07-31 23:15:58,632 INFO usbguard: File event modified scanned: /tmp/usbguard-filemonitor-pvnrakb8/events.db (risk=0.0)
2026-07-31 23:15:58,633 INFO usbguard.file_monitor: File event recorded: modified /tmp/usbguard-filemonitor-pvnrakb8/events.db
2026-07-31 23:15:58,634 INFO usbguard.file_monitor: File event recorded: deleted /tmp/usbguard-filemonitor-pvnrakb8/events.db-journal
2026-07-31 23:15:58,634 INFO usbguard.file_monitor: File event recorded: created /tmp/usbguard-filemonitor-pvnrakb8/events.db-journal
2026-07-31 23:15:58,635 INFO usbguard.file_monitor: File event recorded: modified /tmp/usbguard-filemonitor-pvnrakb8/events.db-journal
2026-07-31 23:15:58,646 INFO usbguard: File event modified scanned: /tmp/usbguard-filemonitor-pvnrakb8/events.db (risk=0.0)
2026-07-31 23:15:58,647 INFO usbguard.file_monitor: File event recorded: modified /tmp/usbguard-filemonitor-pvnrakb8/events.db
2026-07-31 23:15:58,648 INFO usbguard.file_monitor: File event recorded: deleted /tmp/usbguard-filemonitor-pvnrakb8/events.db-journal
2026-07-31 23:15:58,649 INFO usbguard.file_monitor: File event recorded: created /tmp/usbguard-filemonitor-pvnrakb8/events.db-journal
2026-07-31 23:15:58,649 INFO usbguard.file_monitor: File event recorded: modified /tmp/usbguard-filemonitor-pvnrakb8/events.db-journal
2026-07-31 23:15:58,660 INFO usbguard: File event modified scanned: /tmp/usbguard-filemonitor-pvnrakb8/events.db (risk=0.0)
2026-07-31 23:15:58,661 INFO usbguard.file_monitor: File event recorded: modified /tmp/usbguard-filemonitor-pvnrakb8/events.db
2026-07-31 23:15:58,662 INFO usbguard.file_monitor: File event recorded: deleted /tmp/usbguard-filemonitor-pvnrakb8/events.db-journal
2026-07-31 23:15:58,663 INFO usbguard.file_monitor: File event recorded: created /tmp/usbguard-filemonitor-pvnrakb8/events.db-journal
2026-07-31 23:15:58,663 INFO usbguard.file_monitor: File event recorded: modified /tmp/usbguard-filemonitor-pvnrakb8/events.db-journal
2026-07-31 23:15:58,676 INFO usbguard: File event modified scanned: /tmp/usbguard-filemonitor-pvnrakb8/events.db (risk=0.0)
2026-07-31 23:15:58,677 INFO usbguard.file_monitor: File event recorded: modified /tmp/usbguard-filemonitor-pvnrakb8/events.db
2026-07-31 23:15:58,678 INFO usbguard.file_monitor: File event recorded: deleted /tmp/usbguard-filemonitor-pvnrakb8/events.db-journal
2026-07-31 23:15:58,678 INFO usbguard.file_monitor: File event recorded: created /tmp/usbguard-filemonitor-pvnrakb8/events.db-journal
2026-07-31 23:15:58,678 INFO usbguard.file_monitor: File event recorded: modified /tmp/usbguard-filemonitor-pvnrakb8/events.db-journal
2026-07-31 23:15:58,692 INFO usbguard: File event modified scanned: /tmp/usbguard-filemonitor-pvnrakb8/events.db (risk=0.0)
2026-07-31 23:15:58,692 INFO usbguard.file_monitor: File event recorded: modified /tmp/usbguard-filemonitor-pvnrakb8/events.db
2026-07-31 23:15:58,693 INFO usbguard.file_monitor: File event recorded: deleted /tmp/usbguard-filemonitor-pvnrakb8/events.db-journal
2026-07-31 23:15:58,693 INFO usbguard.file_monitor: File event recorded: created /tmp/usbguard-filemonitor-pvnrakb8/events.db-journal
2026-07-31 23:15:58,694 INFO usbguard.file_monitor: File event recorded: modified /tmp/usbguard-filemonitor-pvnrakb8/events.db-journal
2026-07-31 23:15:58,705 INFO usbguard: File event modified scanned: /tmp/usbguard-filemonitor-pvnrakb8/events.db (risk=0.0)
2026-07-31 23:15:58,706 INFO usbguard.file_monitor: File event recorded: modified /tmp/usbguard-filemonitor-pvnrakb8/events.db
2026-07-31 23:15:58,707 INFO usbguard.file_monitor: File event recorded: deleted /tmp/usbguard-filemonitor-pvnrakb8/events.db-journal
2026-07-31 23:15:58,707 INFO usbguard.file_monitor: File event recorded: created /tmp/usbguard-filemonitor-pvnrakb8/events.db-journal
2026-07-31 23:15:58,707 INFO usbguard.file_monitor: File event recorded: modified /tmp/usbguard-filemonitor-pvnrakb8/events.db-journal
2026-07-31 23:15:58,720 INFO usbguard: File event modified scanned: /tmp/usbguard-filemonitor-pvnrakb8/events.db (risk=0.0)
2026-07-31 23:15:58,721 INFO usbguard.file_monitor: File event recorded: modified /tmp/usbguard-filemonitor-pvnrakb8/events.db
2026-07-31 23:15:58,721 INFO usbguard.file_monitor: File event recorded: deleted /tmp/usbguard-filemonitor-pvnrakb8/events.db-journal
2026-07-31 23:15:58,722 INFO usbguard.file_monitor: File event recorded: created /tmp/usbguard-filemonitor-pvnrakb8/events.db-journal
2026-07-31 23:15:58,722 INFO usbguard.file_monitor: File event recorded: modified /tmp/usbguard-filemonitor-pvnrakb8/events.db-journal
2026-07-31 23:15:58,736 INFO usbguard: File event modified scanned: /tmp/usbguard-filemonitor-pvnrakb8/events.db (risk=0.0)
2026-07-31 23:15:58,737 INFO usbguard.file_monitor: File event recorded: modified /tmp/usbguard-filemonitor-pvnrakb8/events.db
2026-07-31 23:15:58,738 INFO usbguard.file_monitor: File event recorded: deleted /tmp/usbguard-filemonitor-pvnrakb8/events.db-journal
2026-07-31 23:15:58,738 INFO usbguard.file_monitor: File event recorded: created /tmp/usbguard-filemonitor-pvnrakb8/events.db-journal
2026-07-31 23:15:58,739 INFO usbguard.file_monitor: File event recorded: modified /tmp/usbguard-filemonitor-pvnrakb8/events.db-journal
2026-07-31 23:15:58,752 INFO usbguard: File event modified scanned: /tmp/usbguard-filemonitor-pvnrakb8/events.db (risk=0.0)
2026-07-31 23:15:58,753 INFO usbguard.file_monitor: File event recorded: modified /tmp/usbguard-filemonitor-pvnrakb8/events.db
2026-07-31 23:15:58,753 INFO usbguard.file_monitor: File event recorded: deleted /tmp/usbguard-filemonitor-pvnrakb8/events.db-journal
2026-07-31 23:15:58,754 INFO usbguard.file_monitor: File event recorded: created /tmp/usbguard-filemonitor-pvnrakb8/events.db-journal
2026-07-31 23:15:58,754 INFO usbguard.file_monitor: File event recorded: modified /tmp/usbguard-filemonitor-pvnrakb8/events.db-journal
2026-07-31 23:15:58,767 INFO usbguard: File event modified scanned: /tmp/usbguard-filemonitor-pvnrakb8/events.db (risk=0.0)
2026-07-31 23:15:58,768 INFO usbguard.file_monitor: File event recorded: modified /tmp/usbguard-filemonitor-pvnrakb8/events.db
2026-07-31 23:15:58,769 INFO usbguard.file_monitor: File event recorded: deleted /tmp/usbguard-filemonitor-pvnrakb8/events.db-journal
2026-07-31 23:15:58,769 INFO usbguard.file_monitor: File event recorded: created /tmp/usbguard-filemonitor-pvnrakb8/events.db-journal
2026-07-31 23:15:58,770 INFO usbguard.file_monitor: File event recorded: modified /tmp/usbguard-filemonitor-pvnrakb8/events.db-journal
2026-07-31 23:15:58,782 INFO usbguard: File event modified scanned: /tmp/usbguard-filemonitor-pvnrakb8/events.db (risk=0.0)
2026-07-31 23:15:58,783 INFO usbguard.file_monitor: File event recorded: modified /tmp/usbguard-filemonitor-pvnrakb8/events.db
2026-07-31 23:15:58,784 INFO usbguard.file_monitor: File event recorded: deleted /tmp/usbguard-filemonitor-pvnrakb8/events.db-journal
2026-07-31 23:15:58,785 INFO usbguard.file_monitor: File event recorded: created /tmp/usbguard-filemonitor-pvnrakb8/events.db-journal
2026-07-31 23:15:58,785 INFO usbguard.file_monitor: File event recorded: modified /tmp/usbguard-filemonitor-pvnrakb8/events.db-journal
2026-07-31 23:15:58,798 INFO usbguard: File event modified scanned: /tmp/usbguard-filemonitor-pvnrakb8/events.db (risk=0.0)
2026-07-31 23:15:58,799 INFO usbguard.file_monitor: File event recorded: modified /tmp/usbguard-filemonitor-pvnrakb8/events.db
2026-07-31 23:15:58,800 INFO usbguard.file_monitor: File event recorded: deleted /tmp/usbguard-filemonitor-pvnrakb8/events.db-journal
2026-07-31 23:15:58,801 INFO usbguard.file_monitor: File event recorded: created /tmp/usbguard-filemonitor-pvnrakb8/events.db-journal
2026-07-31 23:15:58,801 INFO usbguard.file_monitor: File event recorded: modified /tmp/usbguard-filemonitor-pvnrakb8/events.db-journal
2026-07-31 23:15:58,814 INFO usbguard: File event modified scanned: /tmp/usbguard-filemonitor-pvnrakb8/events.db (risk=0.0)
2026-07-31 23:15:58,816 INFO usbguard.file_monitor: File event recorded: modified /tmp/usbguard-filemonitor-pvnrakb8/events.db
2026-07-31 23:15:58,816 INFO usbguard.file_monitor: File event recorded: deleted /tmp/usbguard-filemonitor-pvnrakb8/events.db-journal
2026-07-31 23:15:58,817 INFO usbguard.file_monitor: File event recorded: created /tmp/usbguard-filemonitor-pvnrakb8/events.db-journal
2026-07-31 23:15:58,817 INFO usbguard.file_monitor: File event recorded: modified /tmp/usbguard-filemonitor-pvnrakb8/events.db-journal
2026-07-31 23:15:58,830 INFO usbguard: File event modified scanned: /tmp/usbguard-filemonitor-pvnrakb8/events.db (risk=0.0)
2026-07-31 23:15:58,831 INFO usbguard.file_monitor: File event recorded: modified /tmp/usbguard-filemonitor-pvnrakb8/events.db
2026-07-31 23:15:58,832 INFO usbguard.file_monitor: File event recorded: deleted /tmp/usbguard-filemonitor-pvnrakb8/events.db-journal
2026-07-31 23:15:58,833 INFO usbguard.file_monitor: File event recorded: created /tmp/usbguard-filemonitor-pvnrakb8/events.db-journal
2026-07-31 23:15:58,833 INFO usbguard.file_monitor: File event recorded: modified /tmp/usbguard-filemonitor-pvnrakb8/events.db-journal
2026-07-31 23:15:58,847 INFO usbguard: File event modified scanned: /tmp/usbguard-filemonitor-pvnrakb8/events.db (risk=0.0)
2026-07-31 23:15:58,849 INFO usbguard.file_monitor: File event recorded: modified /tmp/usbguard-filemonitor-pvnrakb8/events.db
2026-07-31 23:15:58,849 INFO usbguard.file_monitor: File event recorded: deleted /tmp/usbguard-filemonitor-pvnrakb8/events.db-journal
2026-07-31 23:15:58,850 INFO usbguard.file_monitor: File event recorded: created /tmp/usbguard-filemonitor-pvnrakb8/events.db-journal
2026-07-31 23:15:58,850 INFO usbguard.file_monitor: File event recorded: modified /tmp/usbguard-filemonitor-pvnrakb8/events.db-journal
2026-07-31 23:15:58,864 INFO usbguard: File event modified scanned: /tmp/usbguard-filemonitor-pvnrakb8/events.db (risk=0.0)
2026-07-31 23:15:58,865 INFO usbguard.file_monitor: File event recorded: modified /tmp/usbguard-filemonitor-pvnrakb8/events.db
2026-07-31 23:15:58,865 INFO usbguard.file_monitor: File event recorded: deleted /tmp/usbguard-filemonitor-pvnrakb8/events.db-journal
2026-07-31 23:15:58,866 INFO usbguard.file_monitor: File event recorded: created /tmp/usbguard-filemonitor-pvnrakb8/events.db-journal
2026-07-31 23:15:58,866 INFO usbguard.file_monitor: File event recorded: modified /tmp/usbguard-filemonitor-pvnrakb8/events.db-journal
2026-07-31 23:15:58,880 INFO usbguard: File event modified scanned: /tmp/usbguard-filemonitor-pvnrakb8/events.db (risk=0.0)
2026-07-31 23:15:58,881 INFO usbguard.file_monitor: File event recorded: modified /tmp/usbguard-filemonitor-pvnrakb8/events.db
2026-07-31 23:15:58,882 INFO usbguard.file_monitor: File event recorded: deleted /tmp/usbguard-filemonitor-pvnrakb8/events.db-journal
2026-07-31 23:15:58,882 INFO usbguard.file_monitor: File event recorded: created /tmp/usbguard-filemonitor-pvnrakb8/events.db-journal
2026-07-31 23:15:58,883 INFO usbguard.file_monitor: File event recorded: modified /tmp/usbguard-filemonitor-pvnrakb8/events.db-journal
2026-07-31 23:15:58,897 INFO usbguard: File event modified scanned: /tmp/usbguard-filemonitor-pvnrakb8/events.db (risk=0.0)
2026-07-31 23:15:58,899 INFO usbguard.file_monitor: File event recorded: modified /tmp/usbguard-filemonitor-pvnrakb8/events.db
2026-07-31 23:15:58,899 INFO usbguard.file_monitor: File event recorded: deleted /tmp/usbguard-filemonitor-pvnrakb8/events.db-journal
2026-07-31 23:15:58,900 INFO usbguard.file_monitor: File event recorded: created /tmp/usbguard-filemonitor-pvnrakb8/events.db-journal
2026-07-31 23:15:58,900 INFO usbguard.file_monitor: File event recorded: modified /tmp/usbguard-filemonitor-pvnrakb8/events.db-journal
2026-07-31 23:15:58,915 INFO usbguard: File event modified scanned: /tmp/usbguard-filemonitor-pvnrakb8/events.db (risk=0.0)
2026-07-31 23:15:58,916 INFO usbguard.file_monitor: File event recorded: modified /tmp/usbguard-filemonitor-pvnrakb8/events.db
2026-07-31 23:15:58,917 INFO usbguard.file_monitor: File event recorded: deleted /tmp/usbguard-filemonitor-pvnrakb8/events.db-journal
2026-07-31 23:15:58,917 INFO usbguard.file_monitor: File event recorded: created /tmp/usbguard-filemonitor-pvnrakb8/events.db-journal
2026-07-31 23:15:58,918 INFO usbguard.file_monitor: File event recorded: modified /tmp/usbguard-filemonitor-pvnrakb8/events.db-journal
2026-07-31 23:15:58,933 INFO usbguard: File event modified scanned: /tmp/usbguard-filemonitor-pvnrakb8/events.db (risk=0.0)
2026-07-31 23:15:58,934 INFO usbguard.file_monitor: File event recorded: modified /tmp/usbguard-filemonitor-pvnrakb8/events.db
2026-07-31 23:15:58,934 INFO usbguard.file_monitor: File event recorded: deleted /tmp/usbguard-filemonitor-pvnrakb8/events.db-journal
2026-07-31 23:15:58,935 INFO usbguard.file_monitor: File event recorded: created /tmp/usbguard-filemonitor-pvnrakb8/events.db-journal
2026-07-31 23:15:58,935 INFO usbguard.file_monitor: File event recorded: modified /tmp/usbguard-filemonitor-pvnrakb8/events.db-journal
2026-07-31 23:15:58,949 INFO usbguard: File event modified scanned: /tmp/usbguard-filemonitor-pvnrakb8/events.db (risk=0.0)
2026-07-31 23:15:58,950 INFO usbguard.file_monitor: File event recorded: modified /tmp/usbguard-filemonitor-pvnrakb8/events.db
2026-07-31 23:15:58,951 INFO usbguard.file_monitor: File event recorded: deleted /tmp/usbguard-filemonitor-pvnrakb8/events.db-journal
2026-07-31 23:15:58,951 INFO usbguard.file_monitor: File event recorded: created /tmp/usbguard-filemonitor-pvnrakb8/events.db-journal
2026-07-31 23:15:58,952 INFO usbguard.file_monitor: File event recorded: modified /tmp/usbguard-filemonitor-pvnrakb8/events.db-journal
2026-07-31 23:15:58,966 INFO usbguard: File event modified scanned: /tmp/usbguard-filemonitor-pvnrakb8/events.db (risk=0.0)
2026-07-31 23:15:58,967 INFO usbguard.file_monitor: File event recorded: modified /tmp/usbguard-filemonitor-pvnrakb8/events.db
2026-07-31 23:15:58,968 INFO usbguard.file_monitor: File event recorded: deleted /tmp/usbguard-filemonitor-pvnrakb8/events.db-journal
2026-07-31 23:15:58,969 INFO usbguard.file_monitor: File event recorded: created /tmp/usbguard-filemonitor-pvnrakb8/events.db-journal
2026-07-31 23:15:58,969 INFO usbguard.file_monitor: File event recorded: modified /tmp/usbguard-filemonitor-pvnrakb8/events.db-journal
2026-07-31 23:15:58,983 INFO usbguard: File event modified scanned: /tmp/usbguard-filemonitor-pvnrakb8/events.db (risk=0.0)
2026-07-31 23:15:58,984 INFO usbguard.file_monitor: File event recorded: modified /tmp/usbguard-filemonitor-pvnrakb8/events.db
2026-07-31 23:15:58,985 INFO usbguard.file_monitor: File event recorded: deleted /tmp/usbguard-filemonitor-pvnrakb8/events.db-journal
2026-07-31 23:15:58,985 INFO usbguard.file_monitor: File event recorded: created /tmp/usbguard-filemonitor-pvnrakb8/events.db-journal
2026-07-31 23:15:58,986 INFO usbguard.file_monitor: File event recorded: modified /tmp/usbguard-filemonitor-pvnrakb8/events.db-journal
2026-07-31 23:15:59,000 INFO usbguard: File event modified scanned: /tmp/usbguard-filemonitor-pvnrakb8/events.db (risk=0.0)
2026-07-31 23:15:59,001 INFO usbguard.file_monitor: File event recorded: modified /tmp/usbguard-filemonitor-pvnrakb8/events.db
2026-07-31 23:15:59,002 INFO usbguard.file_monitor: File event recorded: deleted /tmp/usbguard-filemonitor-pvnrakb8/events.db-journal
2026-07-31 23:15:59,002 INFO usbguard.file_monitor: File event recorded: created /tmp/usbguard-filemonitor-pvnrakb8/events.db-journal
2026-07-31 23:15:59,003 INFO usbguard.file_monitor: File event recorded: modified /tmp/usbguard-filemonitor-pvnrakb8/events.db-journal
2026-07-31 23:15:59,020 INFO usbguard: File event modified scanned: /tmp/usbguard-filemonitor-pvnrakb8/events.db (risk=0.0)
2026-07-31 23:15:59,022 INFO usbguard.file_monitor: File event recorded: modified /tmp/usbguard-filemonitor-pvnrakb8/events.db
2026-07-31 23:15:59,023 INFO usbguard.file_monitor: File event recorded: deleted /tmp/usbguard-filemonitor-pvnrakb8/events.db-journal
2026-07-31 23:15:59,024 INFO usbguard.file_monitor: File event recorded: created /tmp/usbguard-filemonitor-pvnrakb8/events.db-journal
2026-07-31 23:15:59,025 INFO usbguard.file_monitor: File event recorded: modified /tmp/usbguard-filemonitor-pvnrakb8/events.db-journal
2026-07-31 23:15:59,040 INFO usbguard: File event modified scanned: /tmp/usbguard-filemonitor-pvnrakb8/events.db (risk=0.0)
2026-07-31 23:15:59,041 INFO usbguard.file_monitor: File event recorded: modified /tmp/usbguard-filemonitor-pvnrakb8/events.db
2026-07-31 23:15:59,042 INFO usbguard.file_monitor: File event recorded: deleted /tmp/usbguard-filemonitor-pvnrakb8/events.db-journal
2026-07-31 23:15:59,043 INFO usbguard.file_monitor: File event recorded: created /tmp/usbguard-filemonitor-pvnrakb8/events.db-journal
2026-07-31 23:15:59,044 INFO usbguard.file_monitor: File event recorded: modified /tmp/usbguard-filemonitor-pvnrakb8/events.db-journal
2026-07-31 23:15:59,062 INFO usbguard: File event modified scanned: /tmp/usbguard-filemonitor-pvnrakb8/events.db (risk=0.0)
2026-07-31 23:15:59,063 INFO usbguard.file_monitor: File event recorded: modified /tmp/usbguard-filemonitor-pvnrakb8/events.db
2026-07-31 23:15:59,064 INFO usbguard.file_monitor: File event recorded: deleted /tmp/usbguard-filemonitor-pvnrakb8/events.db-journal
2026-07-31 23:15:59,064 INFO usbguard.file_monitor: File event recorded: created /tmp/usbguard-filemonitor-pvnrakb8/events.db-journal
2026-07-31 23:15:59,065 INFO usbguard.file_monitor: File event recorded: modified /tmp/usbguard-filemonitor-pvnrakb8/events.db-journal
2026-07-31 23:15:59,085 INFO usbguard: File event modified scanned: /tmp/usbguard-filemonitor-pvnrakb8/events.db (risk=0.0)
2026-07-31 23:15:59,087 INFO usbguard.file_monitor: File event recorded: modified /tmp/usbguard-filemonitor-pvnrakb8/events.db
2026-07-31 23:15:59,088 INFO usbguard.file_monitor: File event recorded: deleted /tmp/usbguard-filemonitor-pvnrakb8/events.db-journal
2026-07-31 23:15:59,088 INFO usbguard.file_monitor: File event recorded: created /tmp/usbguard-filemonitor-pvnrakb8/events.db-journal
2026-07-31 23:15:59,089 INFO usbguard.file_monitor: File event recorded: modified /tmp/usbguard-filemonitor-pvnrakb8/events.db-journal
2026-07-31 23:15:59,105 INFO usbguard: File event modified scanned: /tmp/usbguard-filemonitor-pvnrakb8/events.db (risk=0.0)
2026-07-31 23:15:59,107 INFO usbguard.file_monitor: File event recorded: modified /tmp/usbguard-filemonitor-pvnrakb8/events.db
2026-07-31 23:15:59,107 INFO usbguard.file_monitor: File event recorded: deleted /tmp/usbguard-filemonitor-pvnrakb8/events.db-journal
2026-07-31 23:15:59,108 INFO usbguard.file_monitor: File event recorded: created /tmp/usbguard-filemonitor-pvnrakb8/events.db-journal
2026-07-31 23:15:59,109 INFO usbguard.file_monitor: File event recorded: modified /tmp/usbguard-filemonitor-pvnrakb8/events.db-journal
2026-07-31 23:15:59,124 INFO usbguard: File event modified scanned: /tmp/usbguard-filemonitor-pvnrakb8/events.db (risk=0.0)
2026-07-31 23:15:59,125 INFO usbguard.file_monitor: File event recorded: modified /tmp/usbguard-filemonitor-pvnrakb8/events.db
2026-07-31 23:15:59,126 INFO usbguard.file_monitor: File event recorded: deleted /tmp/usbguard-filemonitor-pvnrakb8/events.db-journal
2026-07-31 23:15:59,127 INFO usbguard.file_monitor: File event recorded: created /tmp/usbguard-filemonitor-pvnrakb8/events.db-journal
2026-07-31 23:15:59,128 INFO usbguard.file_monitor: File event recorded: modified /tmp/usbguard-filemonitor-pvnrakb8/events.db-journal
2026-07-31 23:15:59,144 INFO usbguard: File event modified scanned: /tmp/usbguard-filemonitor-pvnrakb8/events.db (risk=0.0)
2026-07-31 23:15:59,145 INFO usbguard.file_monitor: File event recorded: modified /tmp/usbguard-filemonitor-pvnrakb8/events.db
2026-07-31 23:15:59,146 INFO usbguard.file_monitor: File event recorded: deleted /tmp/usbguard-filemonitor-pvnrakb8/events.db-journal
2026-07-31 23:15:59,147 INFO usbguard.file_monitor: File event recorded: created /tmp/usbguard-filemonitor-pvnrakb8/events.db-journal
2026-07-31 23:15:59,148 INFO usbguard.file_monitor: File event recorded: modified /tmp/usbguard-filemonitor-pvnrakb8/events.db-journal
2026-07-31 23:15:59,163 INFO usbguard: File event modified scanned: /tmp/usbguard-filemonitor-pvnrakb8/events.db (risk=0.0)
2026-07-31 23:15:59,165 INFO usbguard.file_monitor: File event recorded: modified /tmp/usbguard-filemonitor-pvnrakb8/events.db
2026-07-31 23:15:59,166 INFO usbguard.file_monitor: File event recorded: deleted /tmp/usbguard-filemonitor-pvnrakb8/events.db-journal
2026-07-31 23:15:59,166 INFO usbguard.file_monitor: File event recorded: created /tmp/usbguard-filemonitor-pvnrakb8/events.db-journal
2026-07-31 23:15:59,167 INFO usbguard.file_monitor: File event recorded: modified /tmp/usbguard-filemonitor-pvnrakb8/events.db-journal
2026-07-31 23:15:59,183 INFO usbguard: File event modified scanned: /tmp/usbguard-filemonitor-pvnrakb8/events.db (risk=0.0)
2026-07-31 23:15:59,185 INFO usbguard.file_monitor: File event recorded: modified /tmp/usbguard-filemonitor-pvnrakb8/events.db
2026-07-31 23:15:59,186 INFO usbguard.file_monitor: File event recorded: deleted /tmp/usbguard-filemonitor-pvnrakb8/events.db-journal
2026-07-31 23:15:59,187 INFO usbguard.file_monitor: File event recorded: created /tmp/usbguard-filemonitor-pvnrakb8/events.db-journal
2026-07-31 23:15:59,187 INFO usbguard.file_monitor: File event recorded: modified /tmp/usbguard-filemonitor-pvnrakb8/events.db-journal
2026-07-31 23:15:59,204 INFO usbguard: File event modified scanned: /tmp/usbguard-filemonitor-pvnrakb8/events.db (risk=0.0)
2026-07-31 23:15:59,205 INFO usbguard.file_monitor: File event recorded: modified /tmp/usbguard-filemonitor-pvnrakb8/events.db
2026-07-31 23:15:59,206 INFO usbguard.file_monitor: File event recorded: deleted /tmp/usbguard-filemonitor-pvnrakb8/events.db-journal
2026-07-31 23:15:59,208 INFO usbguard.file_monitor: File event recorded: created /tmp/usbguard-filemonitor-pvnrakb8/events.db-journal
2026-07-31 23:15:59,208 INFO usbguard.file_monitor: File event recorded: modified /tmp/usbguard-filemonitor-pvnrakb8/events.db-journal
2026-07-31 23:15:59,227 INFO usbguard: File event modified scanned: /tmp/usbguard-filemonitor-pvnrakb8/events.db (risk=0.0)
2026-07-31 23:15:59,230 INFO usbguard.file_monitor: File event recorded: modified /tmp/usbguard-filemonitor-pvnrakb8/events.db
2026-07-31 23:15:59,231 INFO usbguard.file_monitor: File event recorded: deleted /tmp/usbguard-filemonitor-pvnrakb8/events.db-journal
2026-07-31 23:15:59,232 INFO usbguard.file_monitor: File event recorded: created /tmp/usbguard-filemonitor-pvnrakb8/events.db-journal
2026-07-31 23:15:59,233 INFO usbguard.file_monitor: File event recorded: modified /tmp/usbguard-filemonitor-pvnrakb8/events.db-journal
2026-07-31 23:15:59,252 INFO usbguard: File event modified scanned: /tmp/usbguard-filemonitor-pvnrakb8/events.db (risk=0.0)
2026-07-31 23:15:59,254 INFO usbguard.file_monitor: File event recorded: modified /tmp/usbguard-filemonitor-pvnrakb8/events.db
2026-07-31 23:15:59,255 INFO usbguard.file_monitor: File event recorded: deleted /tmp/usbguard-filemonitor-pvnrakb8/events.db-journal
2026-07-31 23:15:59,256 INFO usbguard.file_monitor: File event recorded: created /tmp/usbguard-filemonitor-pvnrakb8/events.db-journal
2026-07-31 23:15:59,257 INFO usbguard.file_monitor: File event recorded: modified /tmp/usbguard-filemonitor-pvnrakb8/events.db-journal
2026-07-31 23:15:59,276 INFO usbguard: File event modified scanned: /tmp/usbguard-filemonitor-pvnrakb8/events.db (risk=0.0)
2026-07-31 23:15:59,277 INFO usbguard.file_monitor: File event recorded: modified /tmp/usbguard-filemonitor-pvnrakb8/events.db
2026-07-31 23:15:59,278 INFO usbguard.file_monitor: File event recorded: deleted /tmp/usbguard-filemonitor-pvnrakb8/events.db-journal
2026-07-31 23:15:59,279 INFO usbguard.file_monitor: File event recorded: created /tmp/usbguard-filemonitor-pvnrakb8/events.db-journal
2026-07-31 23:15:59,280 INFO usbguard.file_monitor: File event recorded: modified /tmp/usbguard-filemonitor-pvnrakb8/events.db-journal
2026-07-31 23:15:59,296 INFO usbguard: File event modified scanned: /tmp/usbguard-filemonitor-pvnrakb8/events.db (risk=0.0)
2026-07-31 23:15:59,297 INFO usbguard.file_monitor: File event recorded: modified /tmp/usbguard-filemonitor-pvnrakb8/events.db
2026-07-31 23:15:59,298 INFO usbguard.file_monitor: File event recorded: deleted /tmp/usbguard-filemonitor-pvnrakb8/events.db-journal
2026-07-31 23:15:59,298 INFO usbguard.file_monitor: File event recorded: created /tmp/usbguard-filemonitor-pvnrakb8/events.db-journal
2026-07-31 23:15:59,299 INFO usbguard.file_monitor: File event recorded: modified /tmp/usbguard-filemonitor-pvnrakb8/events.db-journal
2026-07-31 23:15:59,315 INFO usbguard: File event modified scanned: /tmp/usbguard-filemonitor-pvnrakb8/events.db (risk=0.0)
2026-07-31 23:15:59,316 INFO usbguard.file_monitor: File event recorded: modified /tmp/usbguard-filemonitor-pvnrakb8/events.db
2026-07-31 23:15:59,317 INFO usbguard.file_monitor: File event recorded: deleted /tmp/usbguard-filemonitor-pvnrakb8/events.db-journal
2026-07-31 23:15:59,318 INFO usbguard.file_monitor: File event recorded: created /tmp/usbguard-filemonitor-pvnrakb8/events.db-journal
2026-07-31 23:15:59,318 INFO usbguard.file_monitor: File event recorded: modified /tmp/usbguard-filemonitor-pvnrakb8/events.db-journal
2026-07-31 23:15:59,336 INFO usbguard: File event modified scanned: /tmp/usbguard-filemonitor-pvnrakb8/events.db (risk=0.0)
2026-07-31 23:15:59,337 INFO usbguard.file_monitor: File event recorded: modified /tmp/usbguard-filemonitor-pvnrakb8/events.db
2026-07-31 23:15:59,337 INFO usbguard.file_monitor: File event recorded: deleted /tmp/usbguard-filemonitor-pvnrakb8/events.db-journal
2026-07-31 23:15:59,338 INFO usbguard.file_monitor: File event recorded: created /tmp/usbguard-filemonitor-pvnrakb8/events.db-journal
2026-07-31 23:15:59,338 INFO usbguard.file_monitor: File event recorded: modified /tmp/usbguard-filemonitor-pvnrakb8/events.db-journal
2026-07-31 23:15:59,356 INFO usbguard: File event modified scanned: /tmp/usbguard-filemonitor-pvnrakb8/events.db (risk=0.0)
2026-07-31 23:15:59,357 INFO usbguard.file_monitor: File event recorded: modified /tmp/usbguard-filemonitor-pvnrakb8/events.db
2026-07-31 23:15:59,358 INFO usbguard.file_monitor: File event recorded: deleted /tmp/usbguard-filemonitor-pvnrakb8/events.db-journal
2026-07-31 23:15:59,359 INFO usbguard.file_monitor: File event recorded: created /tmp/usbguard-filemonitor-pvnrakb8/events.db-journal
2026-07-31 23:15:59,359 INFO usbguard.file_monitor: File event recorded: modified /tmp/usbguard-filemonitor-pvnrakb8/events.db-journal
2026-07-31 23:15:59,377 INFO usbguard: File event modified scanned: /tmp/usbguard-filemonitor-pvnrakb8/events.db (risk=0.0)
2026-07-31 23:15:59,379 INFO usbguard.file_monitor: File event recorded: modified /tmp/usbguard-filemonitor-pvnrakb8/events.db
2026-07-31 23:15:59,379 INFO usbguard.file_monitor: File event recorded: deleted /tmp/usbguard-filemonitor-pvnrakb8/events.db-journal
2026-07-31 23:15:59,380 INFO usbguard.file_monitor: File event recorded: created /tmp/usbguard-filemonitor-pvnrakb8/events.db-journal
2026-07-31 23:15:59,380 INFO usbguard.file_monitor: File event recorded: modified /tmp/usbguard-filemonitor-pvnrakb8/events.db-journal
2026-07-31 23:15:59,397 INFO usbguard: File event modified scanned: /tmp/usbguard-filemonitor-pvnrakb8/events.db (risk=0.0)
2026-07-31 23:15:59,399 INFO usbguard.file_monitor: File event recorded: modified /tmp/usbguard-filemonitor-pvnrakb8/events.db
2026-07-31 23:15:59,399 INFO usbguard.file_monitor: File event recorded: deleted /tmp/usbguard-filemonitor-pvnrakb8/events.db-journal
2026-07-31 23:15:59,400 INFO usbguard.file_monitor: File event recorded: created /tmp/usbguard-filemonitor-pvnrakb8/events.db-journal
2026-07-31 23:15:59,400 INFO usbguard.file_monitor: File event recorded: modified /tmp/usbguard-filemonitor-pvnrakb8/events.db-journal
2026-07-31 23:15:59,418 INFO usbguard: File event modified scanned: /tmp/usbguard-filemonitor-pvnrakb8/events.db (risk=0.0)
2026-07-31 23:15:59,420 INFO usbguard.file_monitor: File event recorded: modified /tmp/usbguard-filemonitor-pvnrakb8/events.db
2026-07-31 23:15:59,420 INFO usbguard.file_monitor: File event recorded: deleted /tmp/usbguard-filemonitor-pvnrakb8/events.db-journal
2026-07-31 23:15:59,421 INFO usbguard.file_monitor: File event recorded: created /tmp/usbguard-filemonitor-pvnrakb8/events.db-journal
2026-07-31 23:15:59,421 INFO usbguard.file_monitor: File event recorded: modified /tmp/usbguard-filemonitor-pvnrakb8/events.db-journal
2026-07-31 23:15:59,437 INFO usbguard: File event modified scanned: /tmp/usbguard-filemonitor-pvnrakb8/events.db (risk=0.0)
2026-07-31 23:15:59,438 INFO usbguard.file_monitor: File event recorded: modified /tmp/usbguard-filemonitor-pvnrakb8/events.db
2026-07-31 23:15:59,438 INFO usbguard.file_monitor: File event recorded: deleted /tmp/usbguard-filemonitor-pvnrakb8/events.db-journal
2026-07-31 23:15:59,439 INFO usbguard.file_monitor: File event recorded: created /tmp/usbguard-filemonitor-pvnrakb8/events.db-journal
2026-07-31 23:15:59,440 INFO usbguard.file_monitor: File event recorded: modified /tmp/usbguard-filemonitor-pvnrakb8/events.db-journal
2026-07-31 23:15:59,457 INFO usbguard: File event modified scanned: /tmp/usbguard-filemonitor-pvnrakb8/events.db (risk=0.0)
2026-07-31 23:15:59,458 INFO usbguard.file_monitor: File event recorded: modified /tmp/usbguard-filemonitor-pvnrakb8/events.db
2026-07-31 23:15:59,458 INFO usbguard.file_monitor: File event recorded: deleted /tmp/usbguard-filemonitor-pvnrakb8/events.db-journal
2026-07-31 23:15:59,459 INFO usbguard.file_monitor: File event recorded: created /tmp/usbguard-filemonitor-pvnrakb8/events.db-journal
2026-07-31 23:15:59,459 INFO usbguard.file_monitor: File event recorded: modified /tmp/usbguard-filemonitor-pvnrakb8/events.db-journal
2026-07-31 23:15:59,475 INFO usbguard: File event modified scanned: /tmp/usbguard-filemonitor-pvnrakb8/events.db (risk=0.0)
2026-07-31 23:15:59,476 INFO usbguard.file_monitor: File event recorded: modified /tmp/usbguard-filemonitor-pvnrakb8/events.db
2026-07-31 23:15:59,477 INFO usbguard.file_monitor: File event recorded: deleted /tmp/usbguard-filemonitor-pvnrakb8/events.db-journal
2026-07-31 23:15:59,477 INFO usbguard.file_monitor: File event recorded: created /tmp/usbguard-filemonitor-pvnrakb8/events.db-journal
2026-07-31 23:15:59,478 INFO usbguard.file_monitor: File event recorded: modified /tmp/usbguard-filemonitor-pvnrakb8/events.db-journal
2026-07-31 23:15:59,495 INFO usbguard: File event modified scanned: /tmp/usbguard-filemonitor-pvnrakb8/events.db (risk=0.0)
2026-07-31 23:15:59,496 INFO usbguard.file_monitor: File event recorded: modified /tmp/usbguard-filemonitor-pvnrakb8/events.db
2026-07-31 23:15:59,496 INFO usbguard.file_monitor: File event recorded: deleted /tmp/usbguard-filemonitor-pvnrakb8/events.db-journal
2026-07-31 23:15:59,497 INFO usbguard.file_monitor: File event recorded: created /tmp/usbguard-filemonitor-pvnrakb8/events.db-journal
2026-07-31 23:15:59,497 INFO usbguard.file_monitor: File event recorded: modified /tmp/usbguard-filemonitor-pvnrakb8/events.db-journal
2026-07-31 23:15:59,516 INFO usbguard: File event modified scanned: /tmp/usbguard-filemonitor-pvnrakb8/events.db (risk=0.0)
2026-07-31 23:15:59,517 INFO usbguard.file_monitor: File event recorded: modified /tmp/usbguard-filemonitor-pvnrakb8/events.db
2026-07-31 23:15:59,517 INFO usbguard.file_monitor: File event recorded: deleted /tmp/usbguard-filemonitor-pvnrakb8/events.db-journal
2026-07-31 23:15:59,518 INFO usbguard.file_monitor: File event recorded: created /tmp/usbguard-filemonitor-pvnrakb8/events.db-journal
2026-07-31 23:15:59,518 INFO usbguard.file_monitor: File event recorded: modified /tmp/usbguard-filemonitor-pvnrakb8/events.db-journal
2026-07-31 23:15:59,535 INFO usbguard: File event modified scanned: /tmp/usbguard-filemonitor-pvnrakb8/events.db (risk=0.0)
2026-07-31 23:15:59,537 INFO usbguard.file_monitor: File event recorded: modified /tmp/usbguard-filemonitor-pvnrakb8/events.db
2026-07-31 23:15:59,537 INFO usbguard.file_monitor: File event recorded: deleted /tmp/usbguard-filemonitor-pvnrakb8/events.db-journal
2026-07-31 23:15:59,538 INFO usbguard.file_monitor: File event recorded: created /tmp/usbguard-filemonitor-pvnrakb8/events.db-journal
2026-07-31 23:15:59,539 INFO usbguard.file_monitor: File event recorded: modified /tmp/usbguard-filemonitor-pvnrakb8/events.db-journal
2026-07-31 23:15:59,555 INFO usbguard: File event modified scanned: /tmp/usbguard-filemonitor-pvnrakb8/events.db (risk=0.0)
2026-07-31 23:15:59,556 INFO usbguard.file_monitor: File event recorded: modified /tmp/usbguard-filemonitor-pvnrakb8/events.db
2026-07-31 23:15:59,557 INFO usbguard.file_monitor: File event recorded: deleted /tmp/usbguard-filemonitor-pvnrakb8/events.db-journal
2026-07-31 23:15:59,558 INFO usbguard.file_monitor: File event recorded: created /tmp/usbguard-filemonitor-pvnrakb8/events.db-journal
2026-07-31 23:15:59,558 INFO usbguard.file_monitor: File event recorded: modified /tmp/usbguard-filemonitor-pvnrakb8/events.db-journal
2026-07-31 23:15:59,575 INFO usbguard: File event modified scanned: /tmp/usbguard-filemonitor-pvnrakb8/events.db (risk=0.0)
2026-07-31 23:15:59,576 INFO usbguard.file_monitor: File event recorded: modified /tmp/usbguard-filemonitor-pvnrakb8/events.db
2026-07-31 23:15:59,577 INFO usbguard.file_monitor: File event recorded: deleted /tmp/usbguard-filemonitor-pvnrakb8/events.db-journal
2026-07-31 23:15:59,581 INFO usbguard.file_monitor: File event recorded: created /tmp/usbguard-filemonitor-pvnrakb8/events.db-journal
2026-07-31 23:15:59,582 INFO usbguard.file_monitor: File event recorded: modified /tmp/usbguard-filemonitor-pvnrakb8/events.db-journal
2026-07-31 23:15:59,600 INFO usbguard: File event modified scanned: /tmp/usbguard-filemonitor-pvnrakb8/events.db (risk=0.0)
2026-07-31 23:15:59,601 INFO usbguard.file_monitor: File event recorded: modified /tmp/usbguard-filemonitor-pvnrakb8/events.db
2026-07-31 23:15:59,601 INFO usbguard.file_monitor: File event recorded: deleted /tmp/usbguard-filemonitor-pvnrakb8/events.db-journal
2026-07-31 23:15:59,602 INFO usbguard.file_monitor: File event recorded: created /tmp/usbguard-filemonitor-pvnrakb8/events.db-journal
2026-07-31 23:15:59,602 INFO usbguard.file_monitor: File event recorded: modified /tmp/usbguard-filemonitor-pvnrakb8/events.db-journal
2026-07-31 23:15:59,621 INFO usbguard: File event modified scanned: /tmp/usbguard-filemonitor-pvnrakb8/events.db (risk=0.0)
2026-07-31 23:15:59,622 INFO usbguard.file_monitor: File event recorded: modified /tmp/usbguard-filemonitor-pvnrakb8/events.db
2026-07-31 23:15:59,622 INFO usbguard.file_monitor: File event recorded: deleted /tmp/usbguard-filemonitor-pvnrakb8/events.db-journal
2026-07-31 23:15:59,623 INFO usbguard.file_monitor: File event recorded: created /tmp/usbguard-filemonitor-pvnrakb8/events.db-journal
2026-07-31 23:15:59,623 INFO usbguard.file_monitor: File event recorded: modified /tmp/usbguard-filemonitor-pvnrakb8/events.db-journal
2026-07-31 23:15:59,641 INFO usbguard: File event modified scanned: /tmp/usbguard-filemonitor-pvnrakb8/events.db (risk=0.0)
2026-07-31 23:15:59,643 INFO usbguard.file_monitor: File event recorded: modified /tmp/usbguard-filemonitor-pvnrakb8/events.db
2026-07-31 23:15:59,643 INFO usbguard.file_monitor: File event recorded: deleted /tmp/usbguard-filemonitor-pvnrakb8/events.db-journal
2026-07-31 23:15:59,644 INFO usbguard.file_monitor: File event recorded: created /tmp/usbguard-filemonitor-pvnrakb8/events.db-journal
2026-07-31 23:15:59,644 INFO usbguard.file_monitor: File event recorded: modified /tmp/usbguard-filemonitor-pvnrakb8/events.db-journal
2026-07-31 23:15:59,662 INFO usbguard: File event modified scanned: /tmp/usbguard-filemonitor-pvnrakb8/events.db (risk=0.0)
2026-07-31 23:15:59,663 INFO usbguard.file_monitor: File event recorded: modified /tmp/usbguard-filemonitor-pvnrakb8/events.db
2026-07-31 23:15:59,664 INFO usbguard.file_monitor: File event recorded: deleted /tmp/usbguard-filemonitor-pvnrakb8/events.db-journal
2026-07-31 23:15:59,665 INFO usbguard.file_monitor: File event recorded: created /tmp/usbguard-filemonitor-pvnrakb8/events.db-journal
2026-07-31 23:15:59,665 INFO usbguard.file_monitor: File event recorded: modified /tmp/usbguard-filemonitor-pvnrakb8/events.db-journal
2026-07-31 23:15:59,684 INFO usbguard: File event modified scanned: /tmp/usbguard-filemonitor-pvnrakb8/events.db (risk=0.0)
2026-07-31 23:15:59,685 INFO usbguard.file_monitor: File event recorded: modified /tmp/usbguard-filemonitor-pvnrakb8/events.db
2026-07-31 23:15:59,685 INFO usbguard.file_monitor: File event recorded: deleted /tmp/usbguard-filemonitor-pvnrakb8/events.db-journal
2026-07-31 23:15:59,686 INFO usbguard.file_monitor: File event recorded: created /tmp/usbguard-filemonitor-pvnrakb8/events.db-journal
2026-07-31 23:15:59,686 INFO usbguard.file_monitor: File event recorded: modified /tmp/usbguard-filemonitor-pvnrakb8/events.db-journal
2026-07-31 23:15:59,706 INFO usbguard: File event modified scanned: /tmp/usbguard-filemonitor-pvnrakb8/events.db (risk=0.0)
2026-07-31 23:15:59,707 INFO usbguard.file_monitor: File event recorded: modified /tmp/usbguard-filemonitor-pvnrakb8/events.db
2026-07-31 23:15:59,707 INFO usbguard.file_monitor: File event recorded: deleted /tmp/usbguard-filemonitor-pvnrakb8/events.db-journal
2026-07-31 23:15:59,708 INFO usbguard.file_monitor: File event recorded: created /tmp/usbguard-filemonitor-pvnrakb8/events.db-journal
2026-07-31 23:15:59,708 INFO usbguard.file_monitor: File event recorded: modified /tmp/usbguard-filemonitor-pvnrakb8/events.db-journal
2026-07-31 23:15:59,729 INFO usbguard: File event modified scanned: /tmp/usbguard-filemonitor-pvnrakb8/events.db (risk=0.0)
2026-07-31 23:15:59,731 INFO usbguard.file_monitor: File event recorded: modified /tmp/usbguard-filemonitor-pvnrakb8/events.db
2026-07-31 23:15:59,732 INFO usbguard.file_monitor: File event recorded: deleted /tmp/usbguard-filemonitor-pvnrakb8/events.db-journal
2026-07-31 23:15:59,732 INFO usbguard.file_monitor: File event recorded: created /tmp/usbguard-filemonitor-pvnrakb8/events.db-journal
2026-07-31 23:15:59,733 INFO usbguard.file_monitor: File event recorded: modified /tmp/usbguard-filemonitor-pvnrakb8/events.db-journal
2026-07-31 23:15:59,752 INFO usbguard: File event modified scanned: /tmp/usbguard-filemonitor-pvnrakb8/events.db (risk=0.0)
2026-07-31 23:15:59,753 INFO usbguard.file_monitor: File event recorded: modified /tmp/usbguard-filemonitor-pvnrakb8/events.db
2026-07-31 23:15:59,754 INFO usbguard.file_monitor: File event recorded: deleted /tmp/usbguard-filemonitor-pvnrakb8/events.db-journal
2026-07-31 23:15:59,754 INFO usbguard.file_monitor: File event recorded: created /tmp/usbguard-filemonitor-pvnrakb8/events.db-journal
2026-07-31 23:15:59,755 INFO usbguard.file_monitor: File event recorded: modified /tmp/usbguard-filemonitor-pvnrakb8/events.db-journal
2026-07-31 23:15:59,774 INFO usbguard: File event modified scanned: /tmp/usbguard-filemonitor-pvnrakb8/events.db (risk=0.0)
2026-07-31 23:15:59,775 INFO usbguard.file_monitor: File event recorded: modified /tmp/usbguard-filemonitor-pvnrakb8/events.db
2026-07-31 23:15:59,775 INFO usbguard.file_monitor: File event recorded: deleted /tmp/usbguard-filemonitor-pvnrakb8/events.db-journal
2026-07-31 23:15:59,776 INFO usbguard.file_monitor: File event recorded: created /tmp/usbguard-filemonitor-pvnrakb8/events.db-journal
2026-07-31 23:15:59,777 INFO usbguard.file_monitor: File event recorded: modified /tmp/usbguard-filemonitor-pvnrakb8/events.db-journal
2026-07-31 23:15:59,794 INFO usbguard: File event modified scanned: /tmp/usbguard-filemonitor-pvnrakb8/events.db (risk=0.0)
2026-07-31 23:15:59,795 INFO usbguard.file_monitor: File event recorded: modified /tmp/usbguard-filemonitor-pvnrakb8/events.db
2026-07-31 23:15:59,796 INFO usbguard.file_monitor: File event recorded: deleted /tmp/usbguard-filemonitor-pvnrakb8/events.db-journal
2026-07-31 23:15:59,796 INFO usbguard.file_monitor: File event recorded: created /tmp/usbguard-filemonitor-pvnrakb8/events.db-journal
2026-07-31 23:15:59,797 INFO usbguard.file_monitor: File event recorded: modified /tmp/usbguard-filemonitor-pvnrakb8/events.db-journal
2026-07-31 23:15:59,815 INFO usbguard: File event modified scanned: /tmp/usbguard-filemonitor-pvnrakb8/events.db (risk=0.0)
2026-07-31 23:15:59,816 INFO usbguard.file_monitor: File event recorded: modified /tmp/usbguard-filemonitor-pvnrakb8/events.db
2026-07-31 23:15:59,816 INFO usbguard.file_monitor: File event recorded: deleted /tmp/usbguard-filemonitor-pvnrakb8/events.db-journal
2026-07-31 23:15:59,817 INFO usbguard.file_monitor: File event recorded: created /tmp/usbguard-filemonitor-pvnrakb8/events.db-journal
2026-07-31 23:15:59,817 INFO usbguard.file_monitor: File event recorded: modified /tmp/usbguard-filemonitor-pvnrakb8/events.db-journal
2026-07-31 23:15:59,835 INFO usbguard: File event modified scanned: /tmp/usbguard-filemonitor-pvnrakb8/events.db (risk=0.0)
2026-07-31 23:15:59,836 INFO usbguard.file_monitor: File event recorded: modified /tmp/usbguard-filemonitor-pvnrakb8/events.db
2026-07-31 23:15:59,837 INFO usbguard.file_monitor: File event recorded: deleted /tmp/usbguard-filemonitor-pvnrakb8/events.db-journal
2026-07-31 23:15:59,837 INFO usbguard.file_monitor: File event recorded: created /tmp/usbguard-filemonitor-pvnrakb8/events.db-journal
2026-07-31 23:15:59,837 INFO usbguard.file_monitor: File event recorded: modified /tmp/usbguard-filemonitor-pvnrakb8/events.db-journal
2026-07-31 23:15:59,855 INFO usbguard: File event modified scanned: /tmp/usbguard-filemonitor-pvnrakb8/events.db (risk=0.0)
2026-07-31 23:15:59,856 INFO usbguard.file_monitor: File event recorded: modified /tmp/usbguard-filemonitor-pvnrakb8/events.db
2026-07-31 23:15:59,857 INFO usbguard.file_monitor: File event recorded: deleted /tmp/usbguard-filemonitor-pvnrakb8/events.db-journal
2026-07-31 23:15:59,857 INFO usbguard.file_monitor: File event recorded: created /tmp/usbguard-filemonitor-pvnrakb8/events.db-journal
2026-07-31 23:15:59,858 INFO usbguard.file_monitor: File event recorded: modified /tmp/usbguard-filemonitor-pvnrakb8/events.db-journal
2026-07-31 23:15:59,876 INFO usbguard: File event modified scanned: /tmp/usbguard-filemonitor-pvnrakb8/events.db (risk=0.0)
2026-07-31 23:15:59,877 INFO usbguard.file_monitor: File event recorded: modified /tmp/usbguard-filemonitor-pvnrakb8/events.db
2026-07-31 23:15:59,878 INFO usbguard.file_monitor: File event recorded: deleted /tmp/usbguard-filemonitor-pvnrakb8/events.db-journal
2026-07-31 23:15:59,879 INFO usbguard.file_monitor: File event recorded: created /tmp/usbguard-filemonitor-pvnrakb8/events.db-journal
2026-07-31 23:15:59,879 INFO usbguard.file_monitor: File event recorded: modified /tmp/usbguard-filemonitor-pvnrakb8/events.db-journal
2026-07-31 23:15:59,897 INFO usbguard: File event modified scanned: /tmp/usbguard-filemonitor-pvnrakb8/events.db (risk=0.0)
2026-07-31 23:15:59,898 INFO usbguard.file_monitor: File event recorded: modified /tmp/usbguard-filemonitor-pvnrakb8/events.db
2026-07-31 23:15:59,899 INFO usbguard.file_monitor: File event recorded: deleted /tmp/usbguard-filemonitor-pvnrakb8/events.db-journal
2026-07-31 23:15:59,899 INFO usbguard.file_monitor: File event recorded: created /tmp/usbguard-filemonitor-pvnrakb8/events.db-journal
2026-07-31 23:15:59,900 INFO usbguard.file_monitor: File event recorded: modified /tmp/usbguard-filemonitor-pvnrakb8/events.db-journal
2026-07-31 23:15:59,919 INFO usbguard: File event modified scanned: /tmp/usbguard-filemonitor-pvnrakb8/events.db (risk=0.0)
2026-07-31 23:15:59,920 INFO usbguard.file_monitor: File event recorded: modified /tmp/usbguard-filemonitor-pvnrakb8/events.db
2026-07-31 23:15:59,920 INFO usbguard.file_monitor: File event recorded: deleted /tmp/usbguard-filemonitor-pvnrakb8/events.db-journal
2026-07-31 23:15:59,921 INFO usbguard.file_monitor: File event recorded: created /tmp/usbguard-filemonitor-pvnrakb8/events.db-journal
2026-07-31 23:15:59,921 INFO usbguard.file_monitor: File event recorded: modified /tmp/usbguard-filemonitor-pvnrakb8/events.db-journal
2026-07-31 23:15:59,941 INFO usbguard: File event modified scanned: /tmp/usbguard-filemonitor-pvnrakb8/events.db (risk=0.0)
2026-07-31 23:15:59,942 INFO usbguard.file_monitor: File event recorded: modified /tmp/usbguard-filemonitor-pvnrakb8/events.db
2026-07-31 23:15:59,942 INFO usbguard.file_monitor: File event recorded: deleted /tmp/usbguard-filemonitor-pvnrakb8/events.db-journal
2026-07-31 23:15:59,943 INFO usbguard.file_monitor: File event recorded: created /tmp/usbguard-filemonitor-pvnrakb8/events.db-journal
2026-07-31 23:15:59,943 INFO usbguard.file_monitor: File event recorded: modified /tmp/usbguard-filemonitor-pvnrakb8/events.db-journal
2026-07-31 23:15:59,962 INFO usbguard: File event modified scanned: /tmp/usbguard-filemonitor-pvnrakb8/events.db (risk=0.0)
2026-07-31 23:15:59,963 INFO usbguard.file_monitor: File event recorded: modified /tmp/usbguard-filemonitor-pvnrakb8/events.db
2026-07-31 23:15:59,964 INFO usbguard.file_monitor: File event recorded: deleted /tmp/usbguard-filemonitor-pvnrakb8/events.db-journal
2026-07-31 23:15:59,964 INFO usbguard.file_monitor: File event recorded: created /tmp/usbguard-filemonitor-pvnrakb8/events.db-journal
2026-07-31 23:15:59,965 INFO usbguard.file_monitor: File event recorded: modified /tmp/usbguard-filemonitor-pvnrakb8/events.db-journal
2026-07-31 23:15:59,983 INFO usbguard: File event modified scanned: /tmp/usbguard-filemonitor-pvnrakb8/events.db (risk=0.0)
2026-07-31 23:15:59,984 INFO usbguard.file_monitor: File event recorded: modified /tmp/usbguard-filemonitor-pvnrakb8/events.db
2026-07-31 23:15:59,984 INFO usbguard.file_monitor: File event recorded: deleted /tmp/usbguard-filemonitor-pvnrakb8/events.db-journal
2026-07-31 23:15:59,985 INFO usbguard.file_monitor: File event recorded: created /tmp/usbguard-filemonitor-pvnrakb8/events.db-journal
2026-07-31 23:15:59,985 INFO usbguard.file_monitor: File event recorded: modified /tmp/usbguard-filemonitor-pvnrakb8/events.db-journal
2026-07-31 23:16:00,003 INFO usbguard: File event modified scanned: /tmp/usbguard-filemonitor-pvnrakb8/events.db (risk=0.0)
2026-07-31 23:16:00,005 INFO usbguard.file_monitor: File event recorded: modified /tmp/usbguard-filemonitor-pvnrakb8/events.db
2026-07-31 23:16:00,005 INFO usbguard.file_monitor: File event recorded: deleted /tmp/usbguard-filemonitor-pvnrakb8/events.db-journal
2026-07-31 23:16:00,006 INFO usbguard.file_monitor: File event recorded: created /tmp/usbguard-filemonitor-pvnrakb8/events.db-journal
2026-07-31 23:16:00,006 INFO usbguard.file_monitor: File event recorded: modified /tmp/usbguard-filemonitor-pvnrakb8/events.db-journal
2026-07-31 23:16:00,025 INFO usbguard: File event modified scanned: /tmp/usbguard-filemonitor-pvnrakb8/events.db (risk=0.0)
2026-07-31 23:16:00,026 INFO usbguard.file_monitor: File event recorded: modified /tmp/usbguard-filemonitor-pvnrakb8/events.db
2026-07-31 23:16:00,026 INFO usbguard.file_monitor: File event recorded: deleted /tmp/usbguard-filemonitor-pvnrakb8/events.db-journal
2026-07-31 23:16:00,027 INFO usbguard.file_monitor: File event recorded: created /tmp/usbguard-filemonitor-pvnrakb8/events.db-journal
2026-07-31 23:16:00,027 INFO usbguard.file_monitor: File event recorded: modified /tmp/usbguard-filemonitor-pvnrakb8/events.db-journal
2026-07-31 23:16:00,046 INFO usbguard: File event modified scanned: /tmp/usbguard-filemonitor-pvnrakb8/events.db (risk=0.0)
2026-07-31 23:16:00,047 INFO usbguard.file_monitor: File event recorded: modified /tmp/usbguard-filemonitor-pvnrakb8/events.db
2026-07-31 23:16:00,048 INFO usbguard.file_monitor: File event recorded: deleted /tmp/usbguard-filemonitor-pvnrakb8/events.db-journal
2026-07-31 23:16:00,049 INFO usbguard.file_monitor: File event recorded: created /tmp/usbguard-filemonitor-pvnrakb8/events.db-journal
2026-07-31 23:16:00,049 INFO usbguard.file_monitor: File event recorded: modified /tmp/usbguard-filemonitor-pvnrakb8/events.db-journal
2026-07-31 23:16:00,068 INFO usbguard: File event modified scanned: /tmp/usbguard-filemonitor-pvnrakb8/events.db (risk=0.0)
2026-07-31 23:16:00,070 INFO usbguard.file_monitor: File event recorded: modified /tmp/usbguard-filemonitor-pvnrakb8/events.db
2026-07-31 23:16:00,070 INFO usbguard.file_monitor: File event recorded: deleted /tmp/usbguard-filemonitor-pvnrakb8/events.db-journal
2026-07-31 23:16:00,071 INFO usbguard.file_monitor: File event recorded: created /tmp/usbguard-filemonitor-pvnrakb8/events.db-journal
2026-07-31 23:16:00,072 INFO usbguard.file_monitor: File event recorded: modified /tmp/usbguard-filemonitor-pvnrakb8/events.db-journal
2026-07-31 23:16:00,091 INFO usbguard: File event modified scanned: /tmp/usbguard-filemonitor-pvnrakb8/events.db (risk=0.0)
2026-07-31 23:16:00,092 INFO usbguard.file_monitor: File event recorded: modified /tmp/usbguard-filemonitor-pvnrakb8/events.db
2026-07-31 23:16:00,093 INFO usbguard.file_monitor: File event recorded: deleted /tmp/usbguard-filemonitor-pvnrakb8/events.db-journal
2026-07-31 23:16:00,094 INFO usbguard.file_monitor: File event recorded: created /tmp/usbguard-filemonitor-pvnrakb8/events.db-journal
2026-07-31 23:16:00,094 INFO usbguard.file_monitor: File event recorded: modified /tmp/usbguard-filemonitor-pvnrakb8/events.db-journal
2026-07-31 23:16:00,114 INFO usbguard: File event modified scanned: /tmp/usbguard-filemonitor-pvnrakb8/events.db (risk=0.0)
2026-07-31 23:16:00,115 INFO usbguard.file_monitor: File event recorded: modified /tmp/usbguard-filemonitor-pvnrakb8/events.db
2026-07-31 23:16:00,115 INFO usbguard.file_monitor: File event recorded: deleted /tmp/usbguard-filemonitor-pvnrakb8/events.db-journal
2026-07-31 23:16:00,116 INFO usbguard.file_monitor: File event recorded: created /tmp/usbguard-filemonitor-pvnrakb8/events.db-journal
2026-07-31 23:16:00,116 INFO usbguard.file_monitor: File event recorded: modified /tmp/usbguard-filemonitor-pvnrakb8/events.db-journal
2026-07-31 23:16:00,135 INFO usbguard: File event modified scanned: /tmp/usbguard-filemonitor-pvnrakb8/events.db (risk=0.0)
2026-07-31 23:16:00,136 INFO usbguard.file_monitor: File event recorded: modified /tmp/usbguard-filemonitor-pvnrakb8/events.db
2026-07-31 23:16:00,137 INFO usbguard.file_monitor: File event recorded: deleted /tmp/usbguard-filemonitor-pvnrakb8/events.db-journal
2026-07-31 23:16:00,138 INFO usbguard.file_monitor: File event recorded: created /tmp/usbguard-filemonitor-pvnrakb8/events.db-journal
2026-07-31 23:16:00,138 INFO usbguard.file_monitor: File event recorded: modified /tmp/usbguard-filemonitor-pvnrakb8/events.db-journal
2026-07-31 23:16:00,158 INFO usbguard: File event modified scanned: /tmp/usbguard-filemonitor-pvnrakb8/events.db (risk=0.0)
2026-07-31 23:16:00,159 INFO usbguard.file_monitor: File event recorded: modified /tmp/usbguard-filemonitor-pvnrakb8/events.db
2026-07-31 23:16:00,160 INFO usbguard.file_monitor: File event recorded: deleted /tmp/usbguard-filemonitor-pvnrakb8/events.db-journal
2026-07-31 23:16:00,161 INFO usbguard.file_monitor: File event recorded: created /tmp/usbguard-filemonitor-pvnrakb8/events.db-journal
2026-07-31 23:16:00,162 INFO usbguard.file_monitor: File event recorded: modified /tmp/usbguard-filemonitor-pvnrakb8/events.db-journal
2026-07-31 23:16:00,182 INFO usbguard: File event modified scanned: /tmp/usbguard-filemonitor-pvnrakb8/events.db (risk=0.0)
2026-07-31 23:16:00,183 INFO usbguard.file_monitor: File event recorded: modified /tmp/usbguard-filemonitor-pvnrakb8/events.db
2026-07-31 23:16:00,184 INFO usbguard.file_monitor: File event recorded: deleted /tmp/usbguard-filemonitor-pvnrakb8/events.db-journal
2026-07-31 23:16:00,184 INFO usbguard.file_monitor: File event recorded: created /tmp/usbguard-filemonitor-pvnrakb8/events.db-journal
2026-07-31 23:16:00,185 INFO usbguard.file_monitor: File event recorded: modified /tmp/usbguard-filemonitor-pvnrakb8/events.db-journal
2026-07-31 23:16:00,204 INFO usbguard: File event modified scanned: /tmp/usbguard-filemonitor-pvnrakb8/events.db (risk=0.0)
2026-07-31 23:16:00,205 INFO usbguard.file_monitor: File event recorded: modified /tmp/usbguard-filemonitor-pvnrakb8/events.db
2026-07-31 23:16:00,206 INFO usbguard.file_monitor: File event recorded: deleted /tmp/usbguard-filemonitor-pvnrakb8/events.db-journal
2026-07-31 23:16:00,206 INFO usbguard.file_monitor: File event recorded: created /tmp/usbguard-filemonitor-pvnrakb8/events.db-journal
2026-07-31 23:16:00,207 INFO usbguard.file_monitor: File event recorded: modified /tmp/usbguard-filemonitor-pvnrakb8/events.db-journal
2026-07-31 23:16:00,226 INFO usbguard: File event modified scanned: /tmp/usbguard-filemonitor-pvnrakb8/events.db (risk=0.0)
2026-07-31 23:16:00,227 INFO usbguard.file_monitor: File event recorded: modified /tmp/usbguard-filemonitor-pvnrakb8/events.db
2026-07-31 23:16:00,227 INFO usbguard.file_monitor: File event recorded: deleted /tmp/usbguard-filemonitor-pvnrakb8/events.db-journal
2026-07-31 23:16:00,228 INFO usbguard.file_monitor: File event recorded: created /tmp/usbguard-filemonitor-pvnrakb8/events.db-journal
2026-07-31 23:16:00,228 INFO usbguard.file_monitor: File event recorded: modified /tmp/usbguard-filemonitor-pvnrakb8/events.db-journal
2026-07-31 23:16:00,248 INFO usbguard: File event modified scanned: /tmp/usbguard-filemonitor-pvnrakb8/events.db (risk=0.0)
2026-07-31 23:16:00,249 INFO usbguard.file_monitor: File event recorded: modified /tmp/usbguard-filemonitor-pvnrakb8/events.db
2026-07-31 23:16:00,250 INFO usbguard.file_monitor: File event recorded: deleted /tmp/usbguard-filemonitor-pvnrakb8/events.db-journal
2026-07-31 23:16:00,251 INFO usbguard.file_monitor: File event recorded: created /tmp/usbguard-filemonitor-pvnrakb8/events.db-journal
2026-07-31 23:16:00,252 INFO usbguard.file_monitor: File event recorded: modified /tmp/usbguard-filemonitor-pvnrakb8/events.db-journal
2026-07-31 23:16:00,273 INFO usbguard: File event modified scanned: /tmp/usbguard-filemonitor-pvnrakb8/events.db (risk=0.0)
2026-07-31 23:16:00,274 INFO usbguard.file_monitor: File event recorded: modified /tmp/usbguard-filemonitor-pvnrakb8/events.db
2026-07-31 23:37:07,349 WARNING usb_monitor: pyudev is unavailable (No module named 'pyudev'). USB monitoring will be disabled in this environment.
2026-07-31 23:37:48,955 WARNING usb_monitor: pyudev is unavailable (No module named 'pyudev'). USB monitoring will be disabled in this environment.
2026-07-31 23:39:03,144 INFO usb_monitor: SQLite offline event store: /home/mathan/Desktop/desktop1/software_hackathon/usb-guard/backend/offline_cache.db
2026-07-31 23:39:03,144 INFO usbguard: USB monitor started
2026-07-31 23:39:03,148 INFO usbguard.file_monitor: File monitoring engine started with roots=['/media', '/mnt']
2026-07-31 23:39:03,148 INFO usb_monitor: USB monitor started. Watching for block devices (subsystem=block)...
2026-07-31 23:39:03,148 INFO usbguard: USB monitor is watching for device events
2026-07-31 23:39:03,148 INFO usb_monitor: Plug in / remove a USB drive to see live events. Ctrl+C to stop.
2026-07-31 23:39:04,648 INFO usb_monitor: USB monitor stopped cleanly.
2026-07-31 23:39:15,699 INFO usb_monitor: SQLite offline event store: /home/mathan/Desktop/desktop1/software_hackathon/usb-guard/backend/offline_cache.db
2026-07-31 23:39:15,699 INFO usbguard: USB monitor started
2026-07-31 23:39:15,703 INFO usbguard.file_monitor: File monitoring engine started with roots=['/media', '/mnt']
2026-07-31 23:39:15,703 INFO usb_monitor: USB monitor started. Watching for block devices (subsystem=block)...
2026-07-31 23:39:15,703 INFO usbguard: USB monitor is watching for device events
2026-07-31 23:39:15,704 INFO usb_monitor: Plug in / remove a USB drive to see live events. Ctrl+C to stop.
2026-07-31 23:39:17,203 INFO usb_monitor: USB monitor stopped cleanly.
2026-07-31 23:40:01,423 INFO usb_monitor: SQLite offline event store: /home/mathan/Desktop/desktop1/software_hackathon/usb-guard/backend/offline_cache.db
2026-07-31 23:40:01,424 INFO usbguard: USB monitor started
2026-07-31 23:40:01,428 INFO usbguard.file_monitor: File monitoring engine started with roots=['/media', '/mnt']
2026-07-31 23:40:01,428 INFO usb_monitor: USB monitor started. Watching for block devices (subsystem=block)...
2026-07-31 23:40:01,428 INFO usbguard: USB monitor is watching for device events
2026-07-31 23:40:01,428 INFO usb_monitor: Plug in / remove a USB drive to see live events. Ctrl+C to stop.
2026-07-31 23:40:19,130 INFO usb_monitor: SQLite offline event store: /home/mathan/Desktop/desktop1/software_hackathon/usb-guard/backend/offline_cache.db
2026-07-31 23:40:19,131 INFO usbguard: USB monitor started
2026-07-31 23:40:19,135 INFO usbguard.file_monitor: File monitoring engine started with roots=['/media', '/mnt']
2026-07-31 23:40:19,135 INFO usb_monitor: USB monitor started. Watching for block devices (subsystem=block)...
2026-07-31 23:40:19,135 INFO usbguard: USB monitor is watching for device events
2026-07-31 23:40:19,135 INFO usb_monitor: Plug in / remove a USB drive to see live events. Ctrl+C to stop.
2026-07-31 23:41:53,629 INFO usb_monitor: PLUGGED | Ultra (SanDisk) VID=0781 PID=558a SN=4C530000140617114442 node=/dev/sda status=blacklisted decision=BLOCK
2026-07-31 23:41:53,629 WARNING usb_monitor: BLOCKED DEVICE DETECTED (Ultra): No matching policy found; unknown device blocking is enabled.
2026-07-31 23:41:53,656 INFO usb_monitor: PLUGGED | Ultra (SanDisk) VID=0781 PID=558a SN=4C530000140617114442 node=/dev/sda1 status=blacklisted decision=BLOCK
2026-07-31 23:41:53,656 WARNING usb_monitor: BLOCKED DEVICE DETECTED (Ultra): No matching policy found; unknown device blocking is enabled.
2026-08-01 00:12:13,770 WARNING usbguard.runtime: Sync worker error: no such column: last_error
2026-08-01 00:12:13,770 INFO usbguard.runtime: Started USB monitor subprocess with PID 420924
2026-08-01 00:12:13,788 WARNING usbguard.runtime: Dashboard snapshot collection failed: (sqlite3.OperationalError) no such column: devices.filesystem
[SQL: SELECT count(*) AS count_1 
FROM (SELECT devices.fingerprint AS devices_fingerprint, devices.vendor_id AS devices_vendor_id, devices.product_id AS devices_product_id, devices.serial_number AS devices_serial_number, devices.manufacturer AS devices_manufacturer, devices.device_name AS devices_device_name, devices.filesystem AS devices_filesystem, devices.capacity_bytes AS devices_capacity_bytes, devices.usb_version AS devices_usb_version, devices.status AS devices_status, devices.risk_score AS devices_risk_score, devices.first_seen AS devices_first_seen, devices.last_seen AS devices_last_seen 
FROM devices) AS anon_1]
(Background on this error at: https://sqlalche.me/e/20/e3q8)
2026-08-01 00:12:13,826 INFO usb_monitor: SQLite offline event store: /home/mathan/Desktop/desktop1/software_hackathon/usb-guard/backend/offline_cache.db
2026-08-01 00:12:13,827 INFO usbguard: USB monitor started
2026-08-01 00:12:13,830 INFO usbguard.file_monitor: File monitoring engine started with roots=['/media', '/mnt']
2026-08-01 00:12:13,830 INFO usb_monitor: USB monitor started. Watching for block devices (subsystem=block)...
2026-08-01 00:12:13,830 INFO usbguard: USB monitor is watching for device events
2026-08-01 00:12:13,831 INFO usb_monitor: Plug in / remove a USB drive to see live events. Ctrl+C to stop.
2026-08-01 00:12:14,789 WARNING usbguard.runtime: Failed to broadcast snapshot: 
2026-08-01 00:12:14,789 INFO usbguard: Backend runtime started
2026-08-01 00:12:14,790 INFO usbguard.runtime: Backend runtime initialized; USB monitor, sync worker and websocket updates are active
2026-08-01 00:12:14,795 WARNING usbguard.runtime: Dashboard snapshot collection failed: (sqlite3.OperationalError) no such column: devices.filesystem
[SQL: SELECT count(*) AS count_1 
FROM (SELECT devices.fingerprint AS devices_fingerprint, devices.vendor_id AS devices_vendor_id, devices.product_id AS devices_product_id, devices.serial_number AS devices_serial_number, devices.manufacturer AS devices_manufacturer, devices.device_name AS devices_device_name, devices.filesystem AS devices_filesystem, devices.capacity_bytes AS devices_capacity_bytes, devices.usb_version AS devices_usb_version, devices.status AS devices_status, devices.risk_score AS devices_risk_score, devices.first_seen AS devices_first_seen, devices.last_seen AS devices_last_seen 
FROM devices) AS anon_1]
(Background on this error at: https://sqlalche.me/e/20/e3q8)
2026-08-01 00:12:15,796 WARNING usbguard.runtime: Failed to broadcast snapshot: 
2026-08-01 00:12:15,796 INFO usbguard: Backend runtime stopped
2026-08-01 00:12:39,871 WARNING usbguard.runtime: Sync worker error: no such column: last_error
2026-08-01 00:12:39,871 INFO usbguard.runtime: Started USB monitor subprocess with PID 421755
2026-08-01 00:12:39,886 WARNING usbguard.runtime: Dashboard snapshot collection failed: (sqlite3.OperationalError) no such column: devices.filesystem
[SQL: SELECT count(*) AS count_1 
FROM (SELECT devices.fingerprint AS devices_fingerprint, devices.vendor_id AS devices_vendor_id, devices.product_id AS devices_product_id, devices.serial_number AS devices_serial_number, devices.manufacturer AS devices_manufacturer, devices.device_name AS devices_device_name, devices.filesystem AS devices_filesystem, devices.capacity_bytes AS devices_capacity_bytes, devices.usb_version AS devices_usb_version, devices.status AS devices_status, devices.risk_score AS devices_risk_score, devices.first_seen AS devices_first_seen, devices.last_seen AS devices_last_seen 
FROM devices) AS anon_1]
(Background on this error at: https://sqlalche.me/e/20/e3q8)
2026-08-01 00:12:39,925 INFO usb_monitor: SQLite offline event store: /home/mathan/Desktop/desktop1/software_hackathon/usb-guard/backend/offline_cache.db
2026-08-01 00:12:39,925 INFO usbguard: USB monitor started
2026-08-01 00:12:39,930 INFO usbguard.file_monitor: File monitoring engine started with roots=['/media', '/mnt']
2026-08-01 00:12:39,930 INFO usb_monitor: USB monitor started. Watching for block devices (subsystem=block)...
2026-08-01 00:12:39,930 INFO usbguard: USB monitor is watching for device events
2026-08-01 00:12:39,931 INFO usb_monitor: Plug in / remove a USB drive to see live events. Ctrl+C to stop.
2026-08-01 00:12:40,886 WARNING usbguard.runtime: Failed to broadcast snapshot: 
2026-08-01 00:12:40,886 INFO usbguard: Backend runtime started
2026-08-01 00:12:40,887 INFO usbguard.runtime: Backend runtime initialized; USB monitor, sync worker and websocket updates are active
2026-08-01 00:12:42,872 WARNING usbguard.runtime: Sync worker error: no such column: last_error
2026-08-01 00:12:45,872 WARNING usbguard.runtime: Sync worker error: no such column: last_error
2026-08-01 00:12:48,873 WARNING usbguard.runtime: Sync worker error: no such column: last_error
2026-08-01 00:12:51,874 WARNING usbguard.runtime: Sync worker error: no such column: last_error
2026-08-01 00:12:54,877 WARNING usbguard.runtime: Sync worker error: no such column: last_error
2026-08-01 00:12:57,878 WARNING usbguard.runtime: Sync worker error: no such column: last_error
2026-08-01 00:13:00,879 WARNING usbguard.runtime: Sync worker error: no such column: last_error
2026-08-01 00:13:03,879 WARNING usbguard.runtime: Sync worker error: no such column: last_error
2026-08-01 00:13:06,880 WARNING usbguard.runtime: Sync worker error: no such column: last_error
2026-08-01 00:13:09,881 WARNING usbguard.runtime: Sync worker error: no such column: last_error
2026-08-01 00:13:12,882 WARNING usbguard.runtime: Sync worker error: no such column: last_error
2026-08-01 00:13:15,882 WARNING usbguard.runtime: Sync worker error: no such column: last_error
2026-08-01 00:13:18,883 WARNING usbguard.runtime: Sync worker error: no such column: last_error
2026-08-01 00:13:19,078 WARNING usbguard.runtime: Dashboard snapshot collection failed: (sqlite3.OperationalError) no such column: devices.filesystem
[SQL: SELECT count(*) AS count_1 
FROM (SELECT devices.fingerprint AS devices_fingerprint, devices.vendor_id AS devices_vendor_id, devices.product_id AS devices_product_id, devices.serial_number AS devices_serial_number, devices.manufacturer AS devices_manufacturer, devices.device_name AS devices_device_name, devices.filesystem AS devices_filesystem, devices.capacity_bytes AS devices_capacity_bytes, devices.usb_version AS devices_usb_version, devices.status AS devices_status, devices.risk_score AS devices_risk_score, devices.first_seen AS devices_first_seen, devices.last_seen AS devices_last_seen 
FROM devices) AS anon_1]
(Background on this error at: https://sqlalche.me/e/20/e3q8)
2026-08-01 00:13:20,078 WARNING usbguard.runtime: Failed to broadcast snapshot: 
2026-08-01 00:13:20,079 INFO usbguard: Backend runtime stopped
2026-08-01 00:13:32,619 INFO usbguard.runtime: Started USB monitor subprocess with PID 422870
2026-08-01 00:13:32,672 INFO usb_monitor: SQLite offline event store: /home/mathan/Desktop/desktop1/software_hackathon/usb-guard/backend/offline_cache.db
2026-08-01 00:13:32,672 INFO usbguard: USB monitor started
2026-08-01 00:13:32,679 INFO usbguard.file_monitor: File monitoring engine started with roots=['/media', '/mnt']
2026-08-01 00:13:32,679 INFO usb_monitor: USB monitor started. Watching for block devices (subsystem=block)...
2026-08-01 00:13:32,679 INFO usbguard: USB monitor is watching for device events
2026-08-01 00:13:32,680 INFO usb_monitor: Plug in / remove a USB drive to see live events. Ctrl+C to stop.
2026-08-01 00:13:33,655 WARNING usbguard.runtime: Failed to broadcast snapshot: 
2026-08-01 00:13:33,655 WARNING usbguard.runtime: Failed to broadcast snapshot: 
2026-08-01 00:13:33,655 INFO usbguard: Backend runtime started
2026-08-01 00:13:33,659 INFO usbguard.runtime: Backend runtime initialized; USB monitor, sync worker and websocket updates are active
2026-08-01 00:15:53,780 WARNING usbguard.runtime: Failed to broadcast snapshot: 
2026-08-01 00:17:11,407 INFO usbguard.runtime: Started USB monitor subprocess with PID 472921
2026-08-01 00:17:11,461 INFO usb_monitor: SQLite offline event store: /home/mathan/Desktop/desktop1/software_hackathon/usb-guard/backend/offline_cache.db
2026-08-01 00:17:11,461 INFO usbguard: USB monitor started
2026-08-01 00:17:11,467 INFO usbguard.file_monitor: File monitoring engine started with roots=['/media', '/mnt']
2026-08-01 00:17:11,467 INFO usb_monitor: USB monitor started. Watching for block devices (subsystem=block)...
2026-08-01 00:17:11,467 INFO usbguard: USB monitor is watching for device events
2026-08-01 00:17:11,468 INFO usb_monitor: Plug in / remove a USB drive to see live events. Ctrl+C to stop.
2026-08-01 00:17:12,445 WARNING usbguard.runtime: Failed to broadcast snapshot: 
2026-08-01 00:17:12,446 WARNING usbguard.runtime: Failed to broadcast snapshot: 
2026-08-01 00:17:12,446 INFO usbguard: Backend runtime started
2026-08-01 00:17:12,449 INFO usbguard.runtime: Backend runtime initialized; USB monitor, sync worker and websocket updates are active
2026-08-01 00:17:13,457 WARNING usbguard.runtime: Failed to broadcast snapshot: 
2026-08-01 00:17:13,457 INFO usbguard: Backend runtime stopped
2026-08-01 00:18:56,233 INFO usbguard.runtime: Started USB monitor subprocess with PID 525541
2026-08-01 00:18:56,288 INFO usb_monitor: SQLite offline event store: /home/mathan/Desktop/desktop1/software_hackathon/usb-guard/backend/offline_cache.db
2026-08-01 00:18:56,288 INFO usbguard: USB monitor started
2026-08-01 00:18:56,296 INFO usbguard.file_monitor: File monitoring engine started with roots=['/media', '/mnt']
2026-08-01 00:18:56,297 INFO usb_monitor: USB monitor started. Watching for block devices (subsystem=block)...
2026-08-01 00:18:56,297 INFO usbguard: USB monitor is watching for device events
2026-08-01 00:18:56,298 INFO usb_monitor: Plug in / remove a USB drive to see live events. Ctrl+C to stop.
2026-08-01 00:18:57,273 WARNING usbguard.runtime: Failed to broadcast snapshot: 
2026-08-01 00:18:57,273 WARNING usbguard.runtime: Failed to broadcast snapshot: 
2026-08-01 00:18:57,274 INFO usbguard: Backend runtime started
2026-08-01 00:18:57,277 INFO usbguard.runtime: Backend runtime initialized; USB monitor, sync worker and websocket updates are active
2026-08-01 00:19:25,780 INFO usbguard.runtime: Started USB monitor subprocess with PID 534171
2026-08-01 00:19:25,827 INFO usb_monitor: SQLite offline event store: /home/mathan/Desktop/desktop1/software_hackathon/usb-guard/backend/offline_cache.db
2026-08-01 00:19:25,827 INFO usbguard: USB monitor started
2026-08-01 00:19:25,833 INFO usbguard.file_monitor: File monitoring engine started with roots=['/media', '/mnt']
2026-08-01 00:19:25,834 INFO usb_monitor: USB monitor started. Watching for block devices (subsystem=block)...
2026-08-01 00:19:25,834 INFO usbguard: USB monitor is watching for device events
2026-08-01 00:19:25,835 INFO usb_monitor: Plug in / remove a USB drive to see live events. Ctrl+C to stop.
2026-08-01 00:19:26,344 WARNING usbguard.runtime: Failed to broadcast snapshot: 
2026-08-01 00:19:26,345 INFO usbguard: Backend runtime stopped
2026-08-01 00:19:26,527 ERROR usb_monitor: Failed to log event for /dev/sda1: attempt to write a readonly database
2026-08-01 00:19:26,527 ERROR usbguard: USB monitor error for /dev/sda1: attempt to write a readonly database
2026-08-01 00:19:26,527 ERROR usb_monitor: Failed to log event for /dev/sda1: table usb_events has no column named fingerprint
2026-08-01 00:19:26,527 ERROR usbguard: USB monitor error for /dev/sda1: table usb_events has no column named fingerprint
2026-08-01 00:19:26,528 ERROR usb_monitor: Failed to log event for /dev/sda1: table usb_events has no column named fingerprint
2026-08-01 00:19:26,528 ERROR usbguard: USB monitor error for /dev/sda1: table usb_events has no column named fingerprint
2026-08-01 00:19:26,808 WARNING usbguard.runtime: Failed to broadcast snapshot: 
2026-08-01 00:19:26,811 WARNING usbguard.runtime: Failed to broadcast snapshot: 
2026-08-01 00:19:26,811 INFO usbguard: Backend runtime started
2026-08-01 00:19:26,814 INFO usbguard.runtime: Backend runtime initialized; USB monitor, sync worker and websocket updates are active
2026-08-01 00:19:29,402 ERROR usb_monitor: Failed to log event for /dev/sda: table usb_events has no column named fingerprint
2026-08-01 00:19:29,402 ERROR usbguard: USB monitor error for /dev/sda: table usb_events has no column named fingerprint
2026-08-01 00:19:29,402 ERROR usb_monitor: Failed to log event for /dev/sda: attempt to write a readonly database
2026-08-01 00:19:29,402 ERROR usbguard: USB monitor error for /dev/sda: attempt to write a readonly database
2026-08-01 00:19:29,402 ERROR usb_monitor: Failed to log event for /dev/sda: table usb_events has no column named fingerprint
2026-08-01 00:19:29,402 ERROR usbguard: USB monitor error for /dev/sda: table usb_events has no column named fingerprint
2026-08-01 00:19:29,429 ERROR usb_monitor: Failed to log event for /dev/sda1: table usb_events has no column named fingerprint
2026-08-01 00:19:29,429 ERROR usbguard: USB monitor error for /dev/sda1: table usb_events has no column named fingerprint
2026-08-01 00:19:29,430 ERROR usb_monitor: Failed to log event for /dev/sda1: attempt to write a readonly database
2026-08-01 00:19:29,430 ERROR usb_monitor: Failed to log event for /dev/sda1: table usb_events has no column named fingerprint
2026-08-01 00:19:29,430 ERROR usbguard: USB monitor error for /dev/sda1: attempt to write a readonly database
2026-08-01 00:19:29,430 ERROR usbguard: USB monitor error for /dev/sda1: table usb_events has no column named fingerprint
2026-08-01 00:19:31,991 ERROR usb_monitor: Failed to log event for /dev/sda1: table usb_events has no column named fingerprint
2026-08-01 00:19:31,991 ERROR usb_monitor: Failed to log event for /dev/sda1: table usb_events has no column named fingerprint
2026-08-01 00:19:31,991 ERROR usbguard: USB monitor error for /dev/sda1: table usb_events has no column named fingerprint
2026-08-01 00:19:31,991 ERROR usbguard: USB monitor error for /dev/sda1: table usb_events has no column named fingerprint
2026-08-01 00:19:31,991 ERROR usb_monitor: Failed to log event for /dev/sda1: attempt to write a readonly database
2026-08-01 00:19:31,991 ERROR usbguard: USB monitor error for /dev/sda1: attempt to write a readonly database
2026-08-01 00:19:32,031 ERROR usb_monitor: Failed to log event for /dev/sda: attempt to write a readonly database
2026-08-01 00:19:32,031 ERROR usbguard: USB monitor error for /dev/sda: attempt to write a readonly database
2026-08-01 00:19:32,031 ERROR usb_monitor: Failed to log event for /dev/sda: table usb_events has no column named fingerprint
2026-08-01 00:19:32,031 ERROR usb_monitor: Failed to log event for /dev/sda: table usb_events has no column named fingerprint
2026-08-01 00:19:32,031 ERROR usbguard: USB monitor error for /dev/sda: table usb_events has no column named fingerprint
2026-08-01 00:19:32,031 ERROR usbguard: USB monitor error for /dev/sda: table usb_events has no column named fingerprint
2026-08-01 00:19:33,788 INFO usbguard.runtime: Started USB monitor subprocess with PID 534566
2026-08-01 00:19:33,830 INFO usb_monitor: SQLite offline event store: /home/mathan/Desktop/desktop1/software_hackathon/usb-guard/backend/offline_cache.db
2026-08-01 00:19:33,830 INFO usbguard: USB monitor started
2026-08-01 00:19:33,837 INFO usbguard.file_monitor: File monitoring engine started with roots=['/media', '/mnt']
2026-08-01 00:19:33,837 INFO usb_monitor: USB monitor started. Watching for block devices (subsystem=block)...
2026-08-01 00:19:33,837 INFO usbguard: USB monitor is watching for device events
2026-08-01 00:19:33,838 INFO usb_monitor: Plug in / remove a USB drive to see live events. Ctrl+C to stop.
2026-08-01 00:19:34,811 WARNING usbguard.runtime: Failed to broadcast snapshot: 
2026-08-01 00:19:34,811 WARNING usbguard.runtime: Failed to broadcast snapshot: 
2026-08-01 00:19:34,811 INFO usbguard: Backend runtime started
2026-08-01 00:19:34,814 INFO usbguard.runtime: Backend runtime initialized; USB monitor, sync worker and websocket updates are active
2026-08-01 00:19:35,823 WARNING usbguard.runtime: Failed to broadcast snapshot: 
2026-08-01 00:19:35,823 INFO usbguard: Backend runtime stopped
2026-08-01 00:20:36,859 WARNING usbguard.runtime: Failed to broadcast snapshot: 
2026-08-01 00:20:45,354 INFO usbguard.runtime: Started USB monitor subprocess with PID 535607
2026-08-01 00:20:45,401 INFO usb_monitor: SQLite offline event store: /home/mathan/Desktop/desktop1/software_hackathon/usb-guard/backend/offline_cache.db
2026-08-01 00:20:45,401 INFO usbguard: USB monitor started
2026-08-01 00:20:45,408 INFO usbguard.file_monitor: File monitoring engine started with roots=['/media', '/mnt']
2026-08-01 00:20:45,408 INFO usb_monitor: USB monitor started. Watching for block devices (subsystem=block)...
2026-08-01 00:20:45,408 INFO usbguard: USB monitor is watching for device events
2026-08-01 00:20:45,410 INFO usb_monitor: Plug in / remove a USB drive to see live events. Ctrl+C to stop.
2026-08-01 00:20:46,385 WARNING usbguard.runtime: Failed to broadcast snapshot: 
2026-08-01 00:20:46,386 WARNING usbguard.runtime: Failed to broadcast snapshot: 
2026-08-01 00:20:46,386 INFO usbguard: Backend runtime started
2026-08-01 00:20:46,389 INFO usbguard.runtime: Backend runtime initialized; USB monitor, sync worker and websocket updates are active
2026-08-01 00:20:47,398 WARNING usbguard.runtime: Failed to broadcast snapshot: 
2026-08-01 00:20:47,398 INFO usbguard: Backend runtime stopped
2026-08-01 00:20:51,576 WARNING usbguard.runtime: Failed to broadcast snapshot: 
2026-08-01 00:21:03,593 WARNING usbguard.runtime: Failed to broadcast snapshot: 
2026-08-01 00:21:09,377 WARNING usbguard.runtime: Failed to broadcast snapshot: 
2026-08-01 00:21:22,017 WARNING usbguard.runtime: Failed to broadcast snapshot: 
2026-08-01 00:21:22,018 INFO usbguard: Backend runtime stopped
2026-08-01 00:21:25,637 INFO usbguard.runtime: Started USB monitor subprocess with PID 538397
2026-08-01 00:21:25,685 INFO usb_monitor: SQLite offline event store: /home/mathan/Desktop/desktop1/software_hackathon/usb-guard/backend/offline_cache.db
2026-08-01 00:21:25,685 INFO usbguard: USB monitor started
2026-08-01 00:21:25,692 INFO usbguard.file_monitor: File monitoring engine started with roots=['/media', '/mnt']
2026-08-01 00:21:25,692 INFO usb_monitor: USB monitor started. Watching for block devices (subsystem=block)...
2026-08-01 00:21:25,692 INFO usbguard: USB monitor is watching for device events
2026-08-01 00:21:25,693 INFO usb_monitor: Plug in / remove a USB drive to see live events. Ctrl+C to stop.
2026-08-01 00:21:26,670 WARNING usbguard.runtime: Failed to broadcast snapshot: 
2026-08-01 00:21:26,670 INFO usbguard: Backend runtime started
2026-08-01 00:21:26,670 WARNING usbguard.runtime: Failed to broadcast snapshot: 
2026-08-01 00:21:26,673 INFO usbguard.runtime: Backend runtime initialized; USB monitor, sync worker and websocket updates are active
2026-08-01 00:21:27,920 WARNING usbguard.runtime: Failed to broadcast snapshot: 
2026-08-01 00:21:28,927 WARNING usbguard.runtime: Failed to broadcast snapshot: 
2026-08-01 00:22:02,714 ERROR usb_monitor: Failed to log event for /dev/sda: table usb_events has no column named fingerprint
2026-08-01 00:22:02,714 ERROR usb_monitor: Failed to log event for /dev/sda: table usb_events has no column named fingerprint
2026-08-01 00:22:02,714 ERROR usbguard: USB monitor error for /dev/sda: table usb_events has no column named fingerprint
2026-08-01 00:22:02,714 ERROR usbguard: USB monitor error for /dev/sda: table usb_events has no column named fingerprint
2026-08-01 00:22:02,714 ERROR usb_monitor: Failed to log event for /dev/sda: attempt to write a readonly database
2026-08-01 00:22:02,714 ERROR usbguard: USB monitor error for /dev/sda: attempt to write a readonly database
2026-08-01 00:22:02,741 ERROR usb_monitor: Failed to log event for /dev/sda1: table usb_events has no column named fingerprint
2026-08-01 00:22:02,742 ERROR usbguard: USB monitor error for /dev/sda1: table usb_events has no column named fingerprint
2026-08-01 00:22:02,742 ERROR usb_monitor: Failed to log event for /dev/sda1: attempt to write a readonly database
2026-08-01 00:22:02,742 ERROR usbguard: USB monitor error for /dev/sda1: attempt to write a readonly database
2026-08-01 00:22:02,742 ERROR usb_monitor: Failed to log event for /dev/sda1: table usb_events has no column named fingerprint
2026-08-01 00:22:02,742 ERROR usbguard: USB monitor error for /dev/sda1: table usb_events has no column named fingerprint
2026-08-01 00:22:25,844 ERROR usb_monitor: Failed to log event for /dev/sda1: attempt to write a readonly database
2026-08-01 00:22:25,844 ERROR usb_monitor: Failed to log event for /dev/sda1: table usb_events has no column named fingerprint
2026-08-01 00:22:25,844 ERROR usbguard: USB monitor error for /dev/sda1: attempt to write a readonly database
2026-08-01 00:22:25,844 ERROR usbguard: USB monitor error for /dev/sda1: table usb_events has no column named fingerprint
2026-08-01 00:22:25,844 ERROR usb_monitor: Failed to log event for /dev/sda1: table usb_events has no column named fingerprint
2026-08-01 00:22:25,844 ERROR usbguard: USB monitor error for /dev/sda1: table usb_events has no column named fingerprint
2026-08-01 00:23:24,521 WARNING usbguard.runtime: Failed to broadcast snapshot: 
2026-08-01 00:23:24,521 INFO usbguard: Backend runtime stopped
